file,title,section_path,reading_index,reading_title,refs,introduction
bright_saturday_2026_katameros.json,Holy Saturday,Liturgy | Pauline Epistle,1,,1 Corinthians 15:1-22,"Paul, the servant of our Lord Jesus Christ, called to be an apostle, appointed to the Gospel of God. A reading from the First Epistle of our teacher Paul to the Corinthians. May his blessings be with us. Amen."
bright_saturday_2026_katameros.json,Holy Saturday,Liturgy | Catholic Epistle,1,,1 Peter 1:1-9,A Reading from the First Epistle of Saint Peter. May his blessings be upon us. Amen.
bright_saturday_2026_katameros.json,Holy Saturday,Liturgy | Acts of the Apostles,1,,Acts 3:12-21,"The Acts of our fathers the apostles, may their blessings be with us. Amen."
bright_saturday_2026_katameros.json,Holy Saturday,Liturgy | Synaxarium,1,"The Departure of Pope Michael II, 71st Patriarch of Alexandria",,
bright_saturday_2026_katameros.json,Holy Saturday,Liturgy | Synaxarium,2,"The Departure of St. John, Bishop of Jerusalem",,
bright_saturday_2026_katameros.json,Holy Saturday,Liturgy | Psalm & Gospel,1,,"Psalms 3:5,3; Psalms 82:8","From the Psalms of our father David the prophet and the king, may his blessings be with us all. Amen."
bright_saturday_2026_katameros.json,Holy Saturday,Liturgy | Psalm & Gospel,2,,Matthew 28:1-20,"Blessed is he who comes in the Name of the Lord. Our Lord, God and Savior Jesus Christ, Son of the Living God, unto Him be the glory forever, Amen."
good_friday_2026_katameros.json,Pascha Friday,First Hour | section_2,1,,Deuteronomy 8:19-9:24,
good_friday_2026_katameros.json,Pascha Friday,First Hour | section_2,1,,Isaiah 1:2-9,
good_friday_2026_katameros.json,Pascha Friday,First Hour | section_2,1,,Isaiah 2:10-21,
good_friday_2026_katameros.json,Pascha Friday,First Hour | section_2,1,,Jeremiah 22:29-23:6,
good_friday_2026_katameros.json,Pascha Friday,First Hour | section_2,1,,Isaiah 24:1-13,
good_friday_2026_katameros.json,Pascha Friday,First Hour | section_2,1,,Wisdom of Solomon 2:12-22,
good_friday_2026_katameros.json,Pascha Friday,First Hour | section_2,1,,Job 12:18-13:1,
good_friday_2026_katameros.json,Pascha Friday,First Hour | section_2,1,,Zechariah 11:11-14,
good_friday_2026_katameros.json,Pascha Friday,First Hour | section_2,1,,Micah 1:16-2:3,
good_friday_2026_katameros.json,Pascha Friday,First Hour | section_2,1,,Micah 7:1-8,
good_friday_2026_katameros.json,Pascha Friday,First Hour | Psalm & Gospel,1,,"Psalms 27:12; Psalms 35:11,12,16",
good_friday_2026_katameros.json,Pascha Friday,First Hour | Psalm & Gospel,2,,Matthew 27:1-14,
good_friday_2026_katameros.json,Pascha Friday,First Hour | Psalm & Gospel,3,,Mark 15:1-5,
good_friday_2026_katameros.json,Pascha Friday,First Hour | Psalm & Gospel,4,,Luke 22:66-71; Luke 23:1-12,
good_friday_2026_katameros.json,Pascha Friday,First Hour | Psalm & Gospel,5,,John 18:28-40,
good_friday_2026_katameros.json,Pascha Friday,Third Hour | section_2,1,,Genesis 48:1-19,
good_friday_2026_katameros.json,Pascha Friday,Third Hour | section_2,1,,Isaiah 50:4-9,
good_friday_2026_katameros.json,Pascha Friday,Third Hour | section_2,1,,Isaiah 3:9-15,
good_friday_2026_katameros.json,Pascha Friday,Third Hour | section_2,1,,Isaiah 63:1-7,
good_friday_2026_katameros.json,Pascha Friday,Third Hour | section_2,1,,Amos 9:4-6,
good_friday_2026_katameros.json,Pascha Friday,Third Hour | section_2,2,,Amos 9:8-10,
good_friday_2026_katameros.json,Pascha Friday,Third Hour | section_2,1,,Job 29:21-30:10,
good_friday_2026_katameros.json,Pascha Friday,Third Hour | Psalm & Gospel,1,,Psalms 38:17; Psalms 22:16,
good_friday_2026_katameros.json,Pascha Friday,Third Hour | Psalm & Gospel,2,,Matthew 27:15-26,
good_friday_2026_katameros.json,Pascha Friday,Third Hour | Psalm & Gospel,3,,Mark 15:6-25,
good_friday_2026_katameros.json,Pascha Friday,Third Hour | Psalm & Gospel,4,,Luke 23:13-25,
good_friday_2026_katameros.json,Pascha Friday,Third Hour | Psalm & Gospel,5,,John 19:1-12,
good_friday_2026_katameros.json,Pascha Friday,Sixth Hour | section_2,1,,Numbers 21:1-9,
good_friday_2026_katameros.json,Pascha Friday,Sixth Hour | section_2,1,,Isaiah 53:7-12,
good_friday_2026_katameros.json,Pascha Friday,Sixth Hour | section_2,1,,Isaiah 12:2-13:10,
good_friday_2026_katameros.json,Pascha Friday,Sixth Hour | section_2,1,,Amos 8:9-12,
good_friday_2026_katameros.json,Pascha Friday,Sixth Hour | Pauline Epistle,1,,Galatians 6:14-18,"Paul, the servant of our Lord Jesus Christ, called to be an apostle, appointed to the Gospel of God. A reading from the  Epistle of our teacher Paul to the Galatians. May his blessings be with us. Amen."
good_friday_2026_katameros.json,Pascha Friday,Sixth Hour | Psalm & Gospel,1,,"Psalms 38:21,22; Psalms 22:17,18,19,8,9",
good_friday_2026_katameros.json,Pascha Friday,Sixth Hour | Psalm & Gospel,2,,Matthew 27:27-45,
good_friday_2026_katameros.json,Pascha Friday,Sixth Hour | Psalm & Gospel,3,,Mark 15:26-33,
good_friday_2026_katameros.json,Pascha Friday,Sixth Hour | Psalm & Gospel,4,,Luke 23:26-44,
good_friday_2026_katameros.json,Pascha Friday,Sixth Hour | Psalm & Gospel,5,,John 19:1-12,
good_friday_2026_katameros.json,Pascha Friday,Ninth Hour | section_2,1,,Jeremiah 11:18-12:13,
good_friday_2026_katameros.json,Pascha Friday,Ninth Hour | section_2,1,,Zechariah 14:5-11,
good_friday_2026_katameros.json,Pascha Friday,Ninth Hour | section_2,1,,Joel 2:1-3,
good_friday_2026_katameros.json,Pascha Friday,Ninth Hour | section_2,2,,Joel 2:10-11,
good_friday_2026_katameros.json,Pascha Friday,Ninth Hour | Pauline Epistle,1,,Philippians 2:5-11,"Paul, the servant of our Lord Jesus Christ, called to be an apostle, appointed to the Gospel of God. A reading from the  Epistle of our teacher Paul to the Philippians. May his blessings be with us. Amen."
good_friday_2026_katameros.json,Pascha Friday,Ninth Hour | Psalm & Gospel,1,,"Psalms 69:2,3,21",
good_friday_2026_katameros.json,Pascha Friday,Ninth Hour | Psalm & Gospel,2,,Matthew 27:46-50,
good_friday_2026_katameros.json,Pascha Friday,Ninth Hour | Psalm & Gospel,3,,Mark 15:34-37,
good_friday_2026_katameros.json,Pascha Friday,Ninth Hour | Psalm & Gospel,4,,Luke 23:45-46,
good_friday_2026_katameros.json,Pascha Friday,Ninth Hour | Psalm & Gospel,5,,John 19:28-30,
good_friday_2026_katameros.json,Pascha Friday,Eleventh hour | section_2,1,,Exodus 12:1-14,
good_friday_2026_katameros.json,Pascha Friday,Eleventh hour | section_2,1,,Leviticus 23:5-12,
good_friday_2026_katameros.json,Pascha Friday,Eleventh hour | Psalm & Gospel,1,,"Psalms 143:6,7; Psalms 31:5",
good_friday_2026_katameros.json,Pascha Friday,Eleventh hour | Psalm & Gospel,2,,Matthew 27:51-56,
good_friday_2026_katameros.json,Pascha Friday,Eleventh hour | Psalm & Gospel,3,,Mark 15:38-41,
good_friday_2026_katameros.json,Pascha Friday,Eleventh hour | Psalm & Gospel,4,,Luke 23:47-49,
good_friday_2026_katameros.json,Pascha Friday,Eleventh hour | Psalm & Gospel,5,,John 19:31-37,
good_friday_2026_katameros.json,Pascha Friday,Twelfth Hour | section_2,1,,Lamentations 3:1-66,
good_friday_2026_katameros.json,Pascha Friday,Twelfth Hour | section_2,1,,Jonah 1:10-2:8,
good_friday_2026_katameros.json,Pascha Friday,Twelfth Hour | Psalm & Gospel,1,,"Psalms 88:6; Psalms 23:4; Psalms 45:6,8",
good_friday_2026_katameros.json,Pascha Friday,Twelfth Hour | Psalm & Gospel,2,,Matthew 27:57-61,
good_friday_2026_katameros.json,Pascha Friday,Twelfth Hour | Psalm & Gospel,3,,Mark 15:42-47; Mark 16:1-1,
good_friday_2026_katameros.json,Pascha Friday,Twelfth Hour | Psalm & Gospel,4,,Luke 23:50-56,
good_friday_2026_katameros.json,Pascha Friday,Twelfth Hour | Psalm & Gospel,5,,John 19:38-42,
great_thursday_2026_katameros.json,Pascha Thursday,First Hour | section_2,1,,Exodus 17:8-16,
great_thursday_2026_katameros.json,Pascha Thursday,First Hour | section_2,1,,Exodus 15:22-16:3,
great_thursday_2026_katameros.json,Pascha Thursday,First Hour | section_2,1,,Isaiah 58:1-9,
great_thursday_2026_katameros.json,Pascha Thursday,First Hour | section_2,1,,Ezekiel 18:20-32,
great_thursday_2026_katameros.json,Pascha Thursday,First Hour | Acts of the Apostles,1,,Acts 1:15-20,"The Acts of our fathers the apostles, may their blessings be with us. Amen."
great_thursday_2026_katameros.json,Pascha Thursday,First Hour | Psalm & Gospel,1,,"Psalms 55:21,12","From the Psalms of our father David the prophet and the king, may his blessings be with us all. Amen."
great_thursday_2026_katameros.json,Pascha Thursday,First Hour | Psalm & Gospel,2,,Luke 22:7-13,"O God have mercy and compassion upon us, and make us worthy to hear the Holy Gospel. A reading according to Saint Luke. May his blessings be with us all. Amen"
great_thursday_2026_katameros.json,Pascha Thursday,Third Hour | section_2,1,,Exodus 32:30-33:5,
great_thursday_2026_katameros.json,Pascha Thursday,Third Hour | section_2,1,,Sirach 24:1-11,
great_thursday_2026_katameros.json,Pascha Thursday,Third Hour | section_2,1,,Zechariah 9:11-14,
great_thursday_2026_katameros.json,Pascha Thursday,Third Hour | section_2,1,,Proverbs 30:2-6,
great_thursday_2026_katameros.json,Pascha Thursday,Third Hour | Psalm & Gospel,1,,"Psalms 94:21,23","From the Psalms of our father David the prophet and the king, may his blessings be with us all. Amen."
great_thursday_2026_katameros.json,Pascha Thursday,Third Hour | Psalm & Gospel,2,,Matthew 26:17-19,"O God have mercy and compassion upon us, and make us worthy to hear the Holy Gospel. A reading according to Saint Matthew. May his blessings be with us all. Amen"
great_thursday_2026_katameros.json,Pascha Thursday,Sixth Hour | section_2,1,,Jeremiah 7:2-15,
great_thursday_2026_katameros.json,Pascha Thursday,Sixth Hour | section_2,1,,Ezekiel 20:39-44,
great_thursday_2026_katameros.json,Pascha Thursday,Sixth Hour | section_2,1,,Sirach 12:13-13:1,
great_thursday_2026_katameros.json,Pascha Thursday,Sixth Hour | Psalm & Gospel,1,,"Psalms 31:18,13","From the Psalms of our father David the prophet and the king, may his blessings be with us all. Amen."
great_thursday_2026_katameros.json,Pascha Thursday,Sixth Hour | Psalm & Gospel,2,,Mark 14:12-16,"O God have mercy and compassion upon us, and make us worthy to hear the Holy Gospel. A reading according to Saint Mark. May his blessings be with us all. Amen"
great_thursday_2026_katameros.json,Pascha Thursday,Ninth Hour | section_2,1,,Genesis 22:1-19,
great_thursday_2026_katameros.json,Pascha Thursday,Ninth Hour | section_2,1,,Isaiah 61:1-7,
great_thursday_2026_katameros.json,Pascha Thursday,Ninth Hour | section_2,1,,Genesis 14:17-20,
great_thursday_2026_katameros.json,Pascha Thursday,Ninth Hour | section_2,1,,Job 27:2-28:13,
great_thursday_2026_katameros.json,Pascha Thursday,Ninth Hour | Psalm & Gospel,1,,"Psalms 23:1,2","From the Psalms of our father David the prophet and the king, may his blessings be with us all. Amen."
great_thursday_2026_katameros.json,Pascha Thursday,Ninth Hour | Psalm & Gospel,2,,Matthew 26:17-19,"O God have mercy and compassion upon us, and make us worthy to hear the Holy Gospel. A reading according to Saint Matthew. May his blessings be with us all. Amen"
great_thursday_2026_katameros.json,Pascha Thursday,Eleventh hour | section_2,1,,Isaiah 52:13-53:12,
great_thursday_2026_katameros.json,Pascha Thursday,Eleventh hour | section_2,1,,Isaiah 19:19-25,
great_thursday_2026_katameros.json,Pascha Thursday,Eleventh hour | section_2,1,,Zechariah 12:11-13:9,
great_thursday_2026_katameros.json,Pascha Thursday,Eleventh hour | section_2,2,,Zechariah 14:1-4,
great_thursday_2026_katameros.json,Pascha Thursday,Eleventh hour | section_2,3,,Zechariah 14:6-9,
great_thursday_2026_katameros.json,Pascha Thursday,Eleventh hour | Psalm & Gospel,1,,"Psalms 50:17,18","From the Psalms of our father David the prophet and the king, may his blessings be with us all. Amen."
great_thursday_2026_katameros.json,Pascha Thursday,Eleventh hour | Psalm & Gospel,2,,John 13:21-30,"O God have mercy and compassion upon us, and make us worthy to hear the Holy Gospel. A reading according to Saint John. May his blessings be with us all. Amen"
great_thursday_2026_katameros.json,Pascha Thursday,First Hour Eve of Pascha Friday | section_2,1,,Jeremiah 8:17-9:6,
great_thursday_2026_katameros.json,Pascha Thursday,First Hour Eve of Pascha Friday | Psalm & Gospel,1,,"Psalms 101:1,9",
great_thursday_2026_katameros.json,Pascha Thursday,First Hour Eve of Pascha Friday | Psalm & Gospel,2,,John 13:33-38; John 14:1-25,
great_thursday_2026_katameros.json,Pascha Thursday,First Hour Eve of Pascha Friday | Psalm & Gospel,3,,John 14:26-31; John 15:1-25,
great_thursday_2026_katameros.json,Pascha Thursday,First Hour Eve of Pascha Friday | Psalm & Gospel,4,,John 15:26-27; John 16:1-33,
great_thursday_2026_katameros.json,Pascha Thursday,First Hour Eve of Pascha Friday | Psalm & Gospel,5,,John 17:1-26,
great_thursday_2026_katameros.json,Pascha Thursday,Third Hour Eve of Pascha Friday | section_2,1,,Ezekiel 36:16-23,
great_thursday_2026_katameros.json,Pascha Thursday,Third Hour Eve of Pascha Friday | Psalm & Gospel,1,,"Psalms 108:1,2",
great_thursday_2026_katameros.json,Pascha Thursday,Third Hour Eve of Pascha Friday | Psalm & Gospel,2,,Matthew 26:30-35,
great_thursday_2026_katameros.json,Pascha Thursday,Third Hour Eve of Pascha Friday | Psalm & Gospel,3,,Mark 14:26-31,
great_thursday_2026_katameros.json,Pascha Thursday,Third Hour Eve of Pascha Friday | Psalm & Gospel,4,,Luke 22:31-39,
great_thursday_2026_katameros.json,Pascha Thursday,Third Hour Eve of Pascha Friday | Psalm & Gospel,5,,"John 18:1,2",
great_thursday_2026_katameros.json,Pascha Thursday,Sixth Hour Eve of Pascha Friday | section_2,1,,Ezekiel 22:23-28,
great_thursday_2026_katameros.json,Pascha Thursday,Sixth Hour Eve of Pascha Friday | Psalm & Gospel,1,,Psalms 58:2; Psalms 68:21,
great_thursday_2026_katameros.json,Pascha Thursday,Sixth Hour Eve of Pascha Friday | Psalm & Gospel,2,,Matthew 26:36-46,
great_thursday_2026_katameros.json,Pascha Thursday,Sixth Hour Eve of Pascha Friday | Psalm & Gospel,3,,Mark 14:32-42,
great_thursday_2026_katameros.json,Pascha Thursday,Sixth Hour Eve of Pascha Friday | Psalm & Gospel,4,,Luke 22:40-46,
great_thursday_2026_katameros.json,Pascha Thursday,Sixth Hour Eve of Pascha Friday | Psalm & Gospel,5,,John 18:3-9,
great_thursday_2026_katameros.json,Pascha Thursday,Ninth Hour Eve of Pascha Friday | section_2,1,,Jeremiah 9:6-10,
great_thursday_2026_katameros.json,Pascha Thursday,Ninth Hour Eve of Pascha Friday | section_2,1,,Ezekiel 21:33-37,
great_thursday_2026_katameros.json,Pascha Thursday,Ninth Hour Eve of Pascha Friday | Psalm & Gospel,1,,"Psalms 27:3,4",
great_thursday_2026_katameros.json,Pascha Thursday,Ninth Hour Eve of Pascha Friday | Psalm & Gospel,2,,"Psalms 34:4,5",
great_thursday_2026_katameros.json,Pascha Thursday,Ninth Hour Eve of Pascha Friday | Psalm & Gospel,3,,Matthew 26:47-58,
great_thursday_2026_katameros.json,Pascha Thursday,Ninth Hour Eve of Pascha Friday | Psalm & Gospel,4,,Mark 14:43-54,
great_thursday_2026_katameros.json,Pascha Thursday,Ninth Hour Eve of Pascha Friday | Psalm & Gospel,5,,Luke 22:47-55,
great_thursday_2026_katameros.json,Pascha Thursday,Ninth Hour Eve of Pascha Friday | Psalm & Gospel,6,,John 18:10-14,
great_thursday_2026_katameros.json,Pascha Thursday,Eleventh hour Eve of Pascha Friday | section_2,1,,Isaiah 27:11-28:15,
great_thursday_2026_katameros.json,Pascha Thursday,Eleventh hour Eve of Pascha Friday | Psalm & Gospel,1,,Psalms 2:1-5,
great_thursday_2026_katameros.json,Pascha Thursday,Eleventh hour Eve of Pascha Friday | Psalm & Gospel,2,,Matthew 26:59-75,
great_thursday_2026_katameros.json,Pascha Thursday,Eleventh hour Eve of Pascha Friday | Psalm & Gospel,3,,Mark 14:55-72,
great_thursday_2026_katameros.json,Pascha Thursday,Eleventh hour Eve of Pascha Friday | Psalm & Gospel,4,,Luke 22:56-65,
great_thursday_2026_katameros.json,Pascha Thursday,Eleventh hour Eve of Pascha Friday | Psalm & Gospel,5,,John 18:15-27,
palm_sunday_2026_katameros.json,Palm Sunday,Vespers | Psalm & Gospel,1,,Psalms 118:26-27,"From the Psalms of our father David the prophet and the king, may his blessings be with us all. Amen."
palm_sunday_2026_katameros.json,Palm Sunday,Vespers | Psalm & Gospel,2,,John 12:1-11,"Blessed is he who comes in the Name of the Lord. Our Lord, God and Savior Jesus Christ, Son of the Living God, unto Him be the glory forever, Amen."
palm_sunday_2026_katameros.json,Palm Sunday,Matins | Psalm & Gospel,1,,"Psalms 68:19,35","From the Psalms of our father David the prophet and the king, may his blessings be with us all. Amen."
palm_sunday_2026_katameros.json,Palm Sunday,Matins | Psalm & Gospel,2,,Luke 19:1-10,"Blessed is he who comes in the Name of the Lord. Our Lord, God and Savior Jesus Christ, Son of the Living God, unto Him be the glory forever, Amen."
palm_sunday_2026_katameros.json,Palm Sunday,Liturgy | Pauline Epistle,1,,Hebrews 9:11-28,"Paul, the servant of our Lord Jesus Christ, called to be an apostle, appointed to the Gospel of God. A reading from the  Epistle of our teacher Paul to the Hebrews. May his blessings be with us. Amen."
palm_sunday_2026_katameros.json,Palm Sunday,Liturgy | Catholic Epistle,1,,1 Peter 4:1-11,A Reading from the First Epistle of Saint Peter. May his blessings be upon us. Amen.
palm_sunday_2026_katameros.json,Palm Sunday,Liturgy | Acts of the Apostles,1,,Acts 28:11-31,"The Acts of our fathers the apostles, may their blessings be with us. Amen."
palm_sunday_2026_katameros.json,Palm Sunday,Liturgy | Synaxarium,1,The Commemoration of the Crucifixion of Our Lord Jesus Christ,,
palm_sunday_2026_katameros.json,Palm Sunday,Liturgy | Synaxarium,2,The Departure of St. Macarius the Great,,
palm_sunday_2026_katameros.json,Palm Sunday,Liturgy | Synaxarium,3,The Martyrdom of St. Domicos,,
palm_sunday_2026_katameros.json,Palm Sunday,Liturgy | Psalm & Gospel,1,,"Psalms 81:3,1,2","From the Psalms of our father David the prophet and the king, may his blessings be with us all. Amen."
palm_sunday_2026_katameros.json,Palm Sunday,Liturgy | Psalm & Gospel,2,,Matthew 21:1-17,"Blessed is he who comes in the Name of the Lord. Our Lord, God and Savior Jesus Christ, Son of the Living God, unto Him be the glory forever, Amen."
palm_sunday_2026_katameros.json,Palm Sunday,Liturgy | Psalm & Gospel,1,,Mark 11:1-11,
palm_sunday_2026_katameros.json,Palm Sunday,Liturgy | Psalm & Gospel,1,,Luke 19:29-48,
palm_sunday_2026_katameros.json,Palm Sunday,Liturgy | Psalm & Gospel,1,,Psalms 65:1-2,"From the Psalms of our father David the prophet and the king, may his blessings be with us all. Amen."
palm_sunday_2026_katameros.json,Palm Sunday,Liturgy | Psalm & Gospel,2,,John 12:12-19,"Blessed is he who comes in the Name of the Lord. Our Lord, God and Savior Jesus Christ, Son of the Living God, unto Him be the glory forever, Amen."
pascha_monday_2026_katameros.json,Pascha Monday,First Hour | section_2,1,,Genesis 1:1-2:3,
pascha_monday_2026_katameros.json,Pascha Monday,First Hour | section_2,1,,Isaiah 5:1-9,
pascha_monday_2026_katameros.json,Pascha Monday,First Hour | section_2,1,,Sirach 1:1-19,
pascha_monday_2026_katameros.json,Pascha Monday,First Hour | Psalm & Gospel,1,,Psalms 72:18-19,"From the Psalms of our father David the prophet and the king, may his blessings be with us all. Amen."
pascha_monday_2026_katameros.json,Pascha Monday,First Hour | Psalm & Gospel,2,,Mark 11:12-24,"O God have mercy and compassion upon us, and make us worthy to hear the Holy Gospel. A reading according to Saint Mark. May his blessings be with us all. Amen"
pascha_monday_2026_katameros.json,Pascha Monday,Third Hour | section_2,1,,Isaiah 5:20-30,
pascha_monday_2026_katameros.json,Pascha Monday,Third Hour | section_2,1,,Jeremiah 9:12-19,
pascha_monday_2026_katameros.json,Pascha Monday,Third Hour | Psalm & Gospel,1,,Psalms 122:1-2,"From the Psalms of our father David the prophet and the king, may his blessings be with us all. Amen."
pascha_monday_2026_katameros.json,Pascha Monday,Third Hour | Psalm & Gospel,2,,Mark 11:11-19,"O God have mercy and compassion upon us, and make us worthy to hear the Holy Gospel. A reading according to Saint Mark. May his blessings be with us all. Amen"
pascha_monday_2026_katameros.json,Pascha Monday,Sixth Hour | section_2,1,,Exodus 32:7-15,
pascha_monday_2026_katameros.json,Pascha Monday,Sixth Hour | section_2,1,,Wisdom of Solomon 1:1-9,
pascha_monday_2026_katameros.json,Pascha Monday,Sixth Hour | Psalm & Gospel,1,,Psalms 122:4,"From the Psalms of our father David the prophet and the king, may his blessings be with us all. Amen."
pascha_monday_2026_katameros.json,Pascha Monday,Sixth Hour | Psalm & Gospel,2,,John 2:13-17,"O God have mercy and compassion upon us, and make us worthy to hear the Holy Gospel. A reading according to Saint John. May his blessings be with us all. Amen"
pascha_monday_2026_katameros.json,Pascha Monday,Ninth Hour | section_2,1,,Genesis 2:15-3:24,
pascha_monday_2026_katameros.json,Pascha Monday,Ninth Hour | section_2,1,,Isaiah 40:1-5,
pascha_monday_2026_katameros.json,Pascha Monday,Ninth Hour | section_2,1,,Proverbs 1:1-9,
pascha_monday_2026_katameros.json,Pascha Monday,Ninth Hour | Psalm & Gospel,1,,"Psalms 65:5,4","From the Psalms of our father David the prophet and the king, may his blessings be with us all. Amen."
pascha_monday_2026_katameros.json,Pascha Monday,Ninth Hour | Psalm & Gospel,2,,Matthew 21:23-27,"O God have mercy and compassion upon us, and make us worthy to hear the Holy Gospel. A reading according to Saint Matthew. May his blessings be with us all. Amen"
pascha_monday_2026_katameros.json,Pascha Monday,Eleventh hour | section_2,1,,Isaiah 50:1-3,
pascha_monday_2026_katameros.json,Pascha Monday,Eleventh hour | section_2,1,,Sirach 1:20-30,
pascha_monday_2026_katameros.json,Pascha Monday,Eleventh hour | Psalm & Gospel,1,,Psalms 13:3-4,"From the Psalms of our father David the prophet and the king, may his blessings be with us all. Amen."
pascha_monday_2026_katameros.json,Pascha Monday,Eleventh hour | Psalm & Gospel,2,,John 8:51-59,"O God have mercy and compassion upon us, and make us worthy to hear the Holy Gospel. A reading according to Saint John. May his blessings be with us all. Amen"
pascha_monday_2026_katameros.json,Pascha Monday,First Hour Eve of Pascha Tuesday | section_2,1,,Zechariah 1:1-6,
pascha_monday_2026_katameros.json,Pascha Monday,First Hour Eve of Pascha Tuesday | Psalm & Gospel,1,,"Psalms 62:7,6","From the Psalms of our father David the prophet and the king, may his blessings be with us all. Amen."
pascha_monday_2026_katameros.json,Pascha Monday,First Hour Eve of Pascha Tuesday | Psalm & Gospel,2,,Luke 13:23-30,"O God have mercy and compassion upon us, and make us worthy to hear the Holy Gospel. A reading according to Saint Luke. May his blessings be with us all. Amen"
pascha_monday_2026_katameros.json,Pascha Monday,Third Hour Eve of Pascha Tuesday | section_2,1,,Malachi 1:1-9,
pascha_monday_2026_katameros.json,Pascha Monday,Third Hour Eve of Pascha Tuesday | Psalm & Gospel,1,,"Psalms 13:3,5","From the Psalms of our father David the prophet and the king, may his blessings be with us all. Amen."
pascha_monday_2026_katameros.json,Pascha Monday,Third Hour Eve of Pascha Tuesday | Psalm & Gospel,2,,Luke 13:31-35,"O God have mercy and compassion upon us, and make us worthy to hear the Holy Gospel. A reading according to Saint Luke. May his blessings be with us all. Amen"
pascha_monday_2026_katameros.json,Pascha Monday,Sixth Hour Eve of Pascha Tuesday | section_2,1,,Hosea 4:15-5:7,
pascha_monday_2026_katameros.json,Pascha Monday,Sixth Hour Eve of Pascha Tuesday | Psalm & Gospel,1,,"Psalms 91:2,3","From the Psalms of our father David the prophet and the king, may his blessings be with us all. Amen."
pascha_monday_2026_katameros.json,Pascha Monday,Sixth Hour Eve of Pascha Tuesday | Psalm & Gospel,2,,Luke 21:34-38,"O God have mercy and compassion upon us, and make us worthy to hear the Holy Gospel. A reading according to Saint Luke. May his blessings be with us all. Amen"
pascha_monday_2026_katameros.json,Pascha Monday,Ninth Hour Eve of Pascha Tuesday | section_2,1,,Hosea 10:12-11:2,
pascha_monday_2026_katameros.json,Pascha Monday,Ninth Hour Eve of Pascha Tuesday | Psalm & Gospel,1,,"Psalms 33:10,11","From the Psalms of our father David the prophet and the king, may his blessings be with us all. Amen."
pascha_monday_2026_katameros.json,Pascha Monday,Ninth Hour Eve of Pascha Tuesday | Psalm & Gospel,2,,Luke 11:37-52,"O God have mercy and compassion upon us, and make us worthy to hear the Holy Gospel. A reading according to Saint Luke. May his blessings be with us all. Amen"
pascha_monday_2026_katameros.json,Pascha Monday,Eleventh hour Eve of Pascha Tuesday | section_2,1,,Amos 5:6-14,
pascha_monday_2026_katameros.json,Pascha Monday,Eleventh hour Eve of Pascha Tuesday | Psalm & Gospel,1,,Psalms 122:4,"From the Psalms of our father David the prophet and the king, may his blessings be with us all. Amen."
pascha_monday_2026_katameros.json,Pascha Monday,Eleventh hour Eve of Pascha Tuesday | Psalm & Gospel,2,,Mark 13:32-37; Mark 14:1-2,"O God have mercy and compassion upon us, and make us worthy to hear the Holy Gospel. A reading according to Saint Mark. May his blessings be with us all. Amen"
pascha_tuesday_2026_katameros.json,Pascha Tuesday,First Hour | section_2,1,,Exodus 19:1-9,
pascha_tuesday_2026_katameros.json,Pascha Tuesday,First Hour | section_2,1,,Job 23:2-24:25,
pascha_tuesday_2026_katameros.json,Pascha Tuesday,First Hour | section_2,1,,Hosea 4:1-8,
pascha_tuesday_2026_katameros.json,Pascha Tuesday,First Hour | Psalm & Gospel,1,,"Psalms 120:2,6,7","From the Psalms of our father David the prophet and the king, may his blessings be with us all. Amen."
pascha_tuesday_2026_katameros.json,Pascha Tuesday,First Hour | Psalm & Gospel,2,,John 8:21-29,"O God have mercy and compassion upon us, and make us worthy to hear the Holy Gospel. A reading according to Saint John. May his blessings be with us all. Amen"
pascha_tuesday_2026_katameros.json,Pascha Tuesday,Third Hour | section_2,1,,Deuteronomy 8:11-20,
pascha_tuesday_2026_katameros.json,Pascha Tuesday,Third Hour | section_2,1,,Sirach 2:1-9,
pascha_tuesday_2026_katameros.json,Pascha Tuesday,Third Hour | section_2,1,,Job 27:1-20,
pascha_tuesday_2026_katameros.json,Pascha Tuesday,Third Hour | section_2,2,,Job 28:1-2,
pascha_tuesday_2026_katameros.json,Pascha Tuesday,Third Hour | section_2,1,,1 Kings 19:9-14,
pascha_tuesday_2026_katameros.json,Pascha Tuesday,Third Hour | Psalm & Gospel,1,,"Psalms 119:154,155","From the Psalms of our father David the prophet and the king, may his blessings be with us all. Amen."
pascha_tuesday_2026_katameros.json,Pascha Tuesday,Third Hour | Psalm & Gospel,2,,Matthew 23:37-39; Matthew 24:1-2,"O God have mercy and compassion upon us, and make us worthy to hear the Holy Gospel. A reading according to Saint Matthew. May his blessings be with us all. Amen"
pascha_tuesday_2026_katameros.json,Pascha Tuesday,Sixth Hour | section_2,1,,Ezekiel 21:3-13,
pascha_tuesday_2026_katameros.json,Pascha Tuesday,Sixth Hour | section_2,1,,Sirach 4:20-31,
pascha_tuesday_2026_katameros.json,Pascha Tuesday,Sixth Hour | section_2,2,,Sirach 5:1-2,
pascha_tuesday_2026_katameros.json,Pascha Tuesday,Sixth Hour | section_2,1,,Isaiah 1:1-9,
pascha_tuesday_2026_katameros.json,Pascha Tuesday,Sixth Hour | Psalm & Gospel,1,,"Psalms 18:48,17","From the Psalms of our father David the prophet and the king, may his blessings be with us all. Amen."
pascha_tuesday_2026_katameros.json,Pascha Tuesday,Sixth Hour | Psalm & Gospel,2,,John 8:12-20,"O God have mercy and compassion upon us, and make us worthy to hear the Holy Gospel. A reading according to Saint John. May his blessings be with us all. Amen"
pascha_tuesday_2026_katameros.json,Pascha Tuesday,Ninth Hour | section_2,1,,Genesis 6:5-7:24,
pascha_tuesday_2026_katameros.json,Pascha Tuesday,Ninth Hour | section_2,2,,Genesis 8:1-9:7,
pascha_tuesday_2026_katameros.json,Pascha Tuesday,Ninth Hour | section_2,1,,Proverbs 9:1-11,
pascha_tuesday_2026_katameros.json,Pascha Tuesday,Ninth Hour | section_2,1,,Isaiah 40:9-31,
pascha_tuesday_2026_katameros.json,Pascha Tuesday,Ninth Hour | section_2,1,,Daniel 7:9-15,
pascha_tuesday_2026_katameros.json,Pascha Tuesday,Ninth Hour | section_2,1,,Proverbs 8:1-12,
pascha_tuesday_2026_katameros.json,Pascha Tuesday,Ninth Hour | Psalm & Gospel,1,,"Psalms 25:1,2,3","From the Psalms of our father David the prophet and the king, may his blessings be with us all. Amen."
pascha_tuesday_2026_katameros.json,Pascha Tuesday,Ninth Hour | Psalm & Gospel,2,,Matthew 24:3-35,"O God have mercy and compassion upon us, and make us worthy to hear the Holy Gospel. A reading according to Saint Matthew. May his blessings be with us all. Amen"
pascha_tuesday_2026_katameros.json,Pascha Tuesday,Eleventh hour | section_2,1,,Isaiah 30:25-30,
pascha_tuesday_2026_katameros.json,Pascha Tuesday,Eleventh hour | section_2,1,,Proverbs 6:20-7:4,
pascha_tuesday_2026_katameros.json,Pascha Tuesday,Eleventh hour | Psalm & Gospel,1,,Psalms 45:6; Psalms 41:1,"From the Psalms of our father David the prophet and the king, may his blessings be with us all. Amen."
pascha_tuesday_2026_katameros.json,Pascha Tuesday,Eleventh hour | Psalm & Gospel,2,,Matthew 25:14-46; Matthew 26:1-2,"O God have mercy and compassion upon us, and make us worthy to hear the Holy Gospel. A reading according to Saint Matthew. May his blessings be with us all. Amen"
pascha_tuesday_2026_katameros.json,Pascha Tuesday,First Hour Eve of Pascha Wednesday | section_2,1,,Ezekiel 22:17-22,
pascha_tuesday_2026_katameros.json,Pascha Tuesday,First Hour Eve of Pascha Wednesday | section_2,1,,Ezekiel 22:23-29,
pascha_tuesday_2026_katameros.json,Pascha Tuesday,First Hour Eve of Pascha Wednesday | Psalm & Gospel,1,,"Psalms 59:16,17","From the Psalms of our father David the prophet and the king, may his blessings be with us all. Amen."
pascha_tuesday_2026_katameros.json,Pascha Tuesday,First Hour Eve of Pascha Wednesday | Psalm & Gospel,2,,Matthew 22:1-14,"O God have mercy and compassion upon us, and make us worthy to hear the Holy Gospel. A reading according to Saint Matthew. May his blessings be with us all. Amen"
pascha_tuesday_2026_katameros.json,Pascha Tuesday,Third Hour Eve of Pascha Wednesday | section_2,1,,Amos 5:18-27,
pascha_tuesday_2026_katameros.json,Pascha Tuesday,Third Hour Eve of Pascha Wednesday | Psalm & Gospel,1,,Psalms 65:4,"From the Psalms of our father David the prophet and the king, may his blessings be with us all. Amen."
pascha_tuesday_2026_katameros.json,Pascha Tuesday,Third Hour Eve of Pascha Wednesday | Psalm & Gospel,2,,Matthew 24:36-51,"O God have mercy and compassion upon us, and make us worthy to hear the Holy Gospel. A reading according to Saint Matthew. May his blessings be with us all. Amen"
pascha_tuesday_2026_katameros.json,Pascha Tuesday,Sixth Hour Eve of Pascha Wednesday | section_2,1,,Jeremiah 16:9-13,
pascha_tuesday_2026_katameros.json,Pascha Tuesday,Sixth Hour Eve of Pascha Wednesday | Psalm & Gospel,1,,"Psalms 102:1,2","From the Psalms of our father David the prophet and the king, may his blessings be with us all. Amen."
pascha_tuesday_2026_katameros.json,Pascha Tuesday,Sixth Hour Eve of Pascha Wednesday | Psalm & Gospel,2,,Matthew 25:1-13,"O God have mercy and compassion upon us, and make us worthy to hear the Holy Gospel. A reading according to Saint Matthew. May his blessings be with us all. Amen"
pascha_tuesday_2026_katameros.json,Pascha Tuesday,Ninth Hour Eve of Pascha Wednesday | section_2,1,,Hosea 9:14-10:2,
pascha_tuesday_2026_katameros.json,Pascha Tuesday,Ninth Hour Eve of Pascha Wednesday | Psalm & Gospel,1,,Psalms 22:20-21,"From the Psalms of our father David the prophet and the king, may his blessings be with us all. Amen."
pascha_tuesday_2026_katameros.json,Pascha Tuesday,Ninth Hour Eve of Pascha Wednesday | Psalm & Gospel,2,,Matthew 23:29-36,"O God have mercy and compassion upon us, and make us worthy to hear the Holy Gospel. A reading according to Saint Matthew. May his blessings be with us all. Amen"
pascha_tuesday_2026_katameros.json,Pascha Tuesday,Eleventh hour Eve of Pascha Wednesday | section_2,1,,Wisdom of Solomon 7:24-30,
pascha_tuesday_2026_katameros.json,Pascha Tuesday,Eleventh hour Eve of Pascha Wednesday | Psalm & Gospel,1,,Psalms 57:1,"From the Psalms of our father David the prophet and the king, may his blessings be with us all. Amen."
pascha_tuesday_2026_katameros.json,Pascha Tuesday,Eleventh hour Eve of Pascha Wednesday | Psalm & Gospel,2,,John 11:55-57,"O God have mercy and compassion upon us, and make us worthy to hear the Holy Gospel. A reading according to Saint John. May his blessings be with us all. Amen"
pascha_wednesday_2026_katameros.json,Pascha Wednesday,First Hour | section_2,1,,Exodus 17:1-7,
pascha_wednesday_2026_katameros.json,Pascha Wednesday,First Hour | section_2,1,,Proverbs 3:5-15,
pascha_wednesday_2026_katameros.json,Pascha Wednesday,First Hour | section_2,1,,Hosea 5:13-6:3,
pascha_wednesday_2026_katameros.json,Pascha Wednesday,First Hour | section_2,1,,Sirach 1:20-2:15,
pascha_wednesday_2026_katameros.json,Pascha Wednesday,First Hour | section_2,1,,Sirach 3:12-24,
pascha_wednesday_2026_katameros.json,Pascha Wednesday,First Hour | Psalm & Gospel,1,,Psalms 51:4; Psalms 33:10,"From the Psalms of our father David the prophet and the king, may his blessings be with us all. Amen."
pascha_wednesday_2026_katameros.json,Pascha Wednesday,First Hour | Psalm & Gospel,2,,John 11:46-57,"O God have mercy and compassion upon us, and make us worthy to hear the Holy Gospel. A reading according to Saint John. May his blessings be with us all. Amen"
pascha_wednesday_2026_katameros.json,Pascha Wednesday,Third Hour | section_2,1,,Exodus 13:17-22,
pascha_wednesday_2026_katameros.json,Pascha Wednesday,Third Hour | section_2,1,,Sirach 22:7-18,
pascha_wednesday_2026_katameros.json,Pascha Wednesday,Third Hour | section_2,1,,Job 27:16-20,
pascha_wednesday_2026_katameros.json,Pascha Wednesday,Third Hour | section_2,2,,Job 28:1-2,
pascha_wednesday_2026_katameros.json,Pascha Wednesday,Third Hour | section_2,1,,Proverbs 4:4-5:4,
pascha_wednesday_2026_katameros.json,Pascha Wednesday,Third Hour | Psalm & Gospel,1,,"Psalms 41:6,1","From the Psalms of our father David the prophet and the king, may his blessings be with us all. Amen."
pascha_wednesday_2026_katameros.json,Pascha Wednesday,Third Hour | Psalm & Gospel,2,,Luke 22:1-6,"O God have mercy and compassion upon us, and make us worthy to hear the Holy Gospel. A reading according to Saint Luke. May his blessings be with us all. Amen"
pascha_wednesday_2026_katameros.json,Pascha Wednesday,Sixth Hour | section_2,1,,Exodus 14:13-15:1,
pascha_wednesday_2026_katameros.json,Pascha Wednesday,Sixth Hour | section_2,1,,Isaiah 48:1-6,
pascha_wednesday_2026_katameros.json,Pascha Wednesday,Sixth Hour | section_2,1,,Sirach 23:7-14,
pascha_wednesday_2026_katameros.json,Pascha Wednesday,Sixth Hour | Psalm & Gospel,1,,"Psalms 83:2,5","From the Psalms of our father David the prophet and the king, may his blessings be with us all. Amen."
pascha_wednesday_2026_katameros.json,Pascha Wednesday,Sixth Hour | Psalm & Gospel,2,,John 12:1-8,"O God have mercy and compassion upon us, and make us worthy to hear the Holy Gospel. A reading according to Saint John. May his blessings be with us all. Amen"
pascha_wednesday_2026_katameros.json,Pascha Wednesday,Ninth Hour | section_2,1,,Genesis 24:1-9,
pascha_wednesday_2026_katameros.json,Pascha Wednesday,Ninth Hour | section_2,1,,Numbers 20:1-13,
pascha_wednesday_2026_katameros.json,Pascha Wednesday,Ninth Hour | section_2,1,,Proverbs 1:10-23,
pascha_wednesday_2026_katameros.json,Pascha Wednesday,Ninth Hour | section_2,1,,Isaiah 59:1-17,
pascha_wednesday_2026_katameros.json,Pascha Wednesday,Ninth Hour | section_2,1,,Zechariah 11:11-14,
pascha_wednesday_2026_katameros.json,Pascha Wednesday,Ninth Hour | Psalm & Gospel,1,,Psalms 41:5-6,"From the Psalms of our father David the prophet and the king, may his blessings be with us all. Amen."
pascha_wednesday_2026_katameros.json,Pascha Wednesday,Ninth Hour | Psalm & Gospel,2,,Matthew 26:3-16,"O God have mercy and compassion upon us, and make us worthy to hear the Holy Gospel. A reading according to Saint Matthew. May his blessings be with us all. Amen"
pascha_wednesday_2026_katameros.json,Pascha Wednesday,Eleventh hour | section_2,1,,Isaiah 28:16-29,
pascha_wednesday_2026_katameros.json,Pascha Wednesday,Eleventh hour | Psalm & Gospel,1,,Psalms 6:2; Psalms 69:17,"From the Psalms of our father David the prophet and the king, may his blessings be with us all. Amen."
pascha_wednesday_2026_katameros.json,Pascha Wednesday,Eleventh hour | Psalm & Gospel,2,,John 12:27-36,"O God have mercy and compassion upon us, and make us worthy to hear the Holy Gospel. A reading according to Saint John. May his blessings be with us all. Amen"
pascha_wednesday_2026_katameros.json,Pascha Wednesday,First Hour Eve of Pascha Thursday | section_2,1,,Ezekiel 43:5-11,
pascha_wednesday_2026_katameros.json,Pascha Wednesday,First Hour Eve of Pascha Thursday | Psalm & Gospel,1,,"Psalms 69:1,16","From the Psalms of our father David the prophet and the king, may his blessings be with us all. Amen."
pascha_wednesday_2026_katameros.json,Pascha Wednesday,First Hour Eve of Pascha Thursday | Psalm & Gospel,2,,John 10:17-21,"O God have mercy and compassion upon us, and make us worthy to hear the Holy Gospel. A reading according to Saint John. May his blessings be with us all. Amen"
pascha_wednesday_2026_katameros.json,Pascha Wednesday,Third Hour Eve of Pascha Thursday | section_2,1,,Amos 4:4-13,
pascha_wednesday_2026_katameros.json,Pascha Wednesday,Third Hour Eve of Pascha Thursday | Psalm & Gospel,1,,"Psalms 55:21,1","From the Psalms of our father David the prophet and the king, may his blessings be with us all. Amen."
pascha_wednesday_2026_katameros.json,Pascha Wednesday,Third Hour Eve of Pascha Thursday | Psalm & Gospel,2,,Mark 14:3-11,"O God have mercy and compassion upon us, and make us worthy to hear the Holy Gospel. A reading according to Saint Mark. May his blessings be with us all. Amen"
pascha_wednesday_2026_katameros.json,Pascha Wednesday,Sixth Hour Eve of Pascha Thursday | section_2,1,,Amos 3:1-11,
pascha_wednesday_2026_katameros.json,Pascha Wednesday,Sixth Hour Eve of Pascha Thursday | Psalm & Gospel,1,,"Psalms 140:1,2","From the Psalms of our father David the prophet and the king, may his blessings be with us all. Amen."
pascha_wednesday_2026_katameros.json,Pascha Wednesday,Sixth Hour Eve of Pascha Thursday | Psalm & Gospel,2,,John 12:36-43,"O God have mercy and compassion upon us, and make us worthy to hear the Holy Gospel. A reading according to Saint John. May his blessings be with us all. Amen"
pascha_wednesday_2026_katameros.json,Pascha Wednesday,Ninth Hour Eve of Pascha Thursday | section_2,1,,Ezekiel 20:27-33,
pascha_wednesday_2026_katameros.json,Pascha Wednesday,Ninth Hour Eve of Pascha Thursday | Psalm & Gospel,1,,Psalms 7:1-2,"From the Psalms of our father David the prophet and the king, may his blessings be with us all. Amen."
pascha_wednesday_2026_katameros.json,Pascha Wednesday,Ninth Hour Eve of Pascha Thursday | Psalm & Gospel,2,,John 10:29-38,"O God have mercy and compassion upon us, and make us worthy to hear the Holy Gospel. A reading according to Saint John. May his blessings be with us all. Amen"
pascha_wednesday_2026_katameros.json,Pascha Wednesday,Eleventh hour Eve of Pascha Thursday | section_2,1,,Jeremiah 8:4-9,
pascha_wednesday_2026_katameros.json,Pascha Wednesday,Eleventh hour Eve of Pascha Thursday | Psalm & Gospel,1,,"Psalms 62:7,6","From the Psalms of our father David the prophet and the king, may his blessings be with us all. Amen."
pascha_wednesday_2026_katameros.json,Pascha Wednesday,Eleventh hour Eve of Pascha Thursday | Psalm & Gospel,2,,John 12:44-50,"O God have mercy and compassion upon us, and make us worthy to hear the Holy Gospel. A reading according to Saint John. May his blessings be with us all. Amen"
