mt_psalm,lxx_psalm,map_direction,mapping_scope,confidence,validation_basis,note
1,1,mt_to_lxx,chapter_equivalence,high,Coptic lectionary design brief Section 7.2 plus phase2b Psalm numbering audit,Chapter number is the same in MT and LXX. Verse numbering still needs text check for exact quotation work.
2,2,mt_to_lxx,chapter_equivalence,high,Coptic lectionary design brief Section 7.2 plus phase2b Psalm numbering audit,Chapter number is the same in MT and LXX. Verse numbering still needs text check for exact quotation work.
3,3,mt_to_lxx,chapter_equivalence,high,Coptic lectionary design brief Section 7.2 plus phase2b Psalm numbering audit,Chapter number is the same in MT and LXX. Verse numbering still needs text check for exact quotation work.
4,4,mt_to_lxx,chapter_equivalence,high,Coptic lectionary design brief Section 7.2 plus phase2b Psalm numbering audit,Chapter number is the same in MT and LXX. Verse numbering still needs text check for exact quotation work.
5,5,mt_to_lxx,chapter_equivalence,high,Coptic lectionary design brief Section 7.2 plus phase2b Psalm numbering audit,Chapter number is the same in MT and LXX. Verse numbering still needs text check for exact quotation work.
6,6,mt_to_lxx,chapter_equivalence,high,Coptic lectionary design brief Section 7.2 plus phase2b Psalm numbering audit,Chapter number is the same in MT and LXX. Verse numbering still needs text check for exact quotation work.
7,7,mt_to_lxx,chapter_equivalence,high,Coptic lectionary design brief Section 7.2 plus phase2b Psalm numbering audit,Chapter number is the same in MT and LXX. Verse numbering still needs text check for exact quotation work.
8,8,mt_to_lxx,chapter_equivalence,high,Coptic lectionary design brief Section 7.2 plus phase2b Psalm numbering audit,Chapter number is the same in MT and LXX. Verse numbering still needs text check for exact quotation work.
9,9,mt_to_lxx,chapter_equivalence,high,Coptic lectionary design brief Section 7.2 plus phase2b Psalm numbering audit,Chapter number is the same in MT and LXX. Verse numbering still needs text check for exact quotation work.
10,9,mt_to_lxx,split_merge_chapter_seam,high_chapter_medium_verse,Coptic lectionary design brief Section 7.2 plus phase2b Psalm numbering audit,Chapter seam is mapped. Verse offsets are not guessed by this table. Validate exact verses by Brenton text comparison.
11,10,mt_to_lxx,split_merge_chapter_seam,high_chapter_medium_verse,Coptic lectionary design brief Section 7.2 plus phase2b Psalm numbering audit,Chapter seam is mapped. Verse offsets are not guessed by this table. Validate exact verses by Brenton text comparison.
12,11,mt_to_lxx,split_merge_chapter_seam,high_chapter_medium_verse,Coptic lectionary design brief Section 7.2 plus phase2b Psalm numbering audit,Chapter seam is mapped. Verse offsets are not guessed by this table. Validate exact verses by Brenton text comparison.
13,12,mt_to_lxx,split_merge_chapter_seam,high_chapter_medium_verse,Coptic lectionary design brief Section 7.2 plus phase2b Psalm numbering audit,Chapter seam is mapped. Verse offsets are not guessed by this table. Validate exact verses by Brenton text comparison.
14,13,mt_to_lxx,split_merge_chapter_seam,high_chapter_medium_verse,Coptic lectionary design brief Section 7.2 plus phase2b Psalm numbering audit,Chapter seam is mapped. Verse offsets are not guessed by this table. Validate exact verses by Brenton text comparison.
15,14,mt_to_lxx,split_merge_chapter_seam,high_chapter_medium_verse,Coptic lectionary design brief Section 7.2 plus phase2b Psalm numbering audit,Chapter seam is mapped. Verse offsets are not guessed by this table. Validate exact verses by Brenton text comparison.
16,15,mt_to_lxx,split_merge_chapter_seam,high_chapter_medium_verse,Coptic lectionary design brief Section 7.2 plus phase2b Psalm numbering audit,Chapter seam is mapped. Verse offsets are not guessed by this table. Validate exact verses by Brenton text comparison.
17,16,mt_to_lxx,split_merge_chapter_seam,high_chapter_medium_verse,Coptic lectionary design brief Section 7.2 plus phase2b Psalm numbering audit,Chapter seam is mapped. Verse offsets are not guessed by this table. Validate exact verses by Brenton text comparison.
18,17,mt_to_lxx,split_merge_chapter_seam,high_chapter_medium_verse,Coptic lectionary design brief Section 7.2 plus phase2b Psalm numbering audit,Chapter seam is mapped. Verse offsets are not guessed by this table. Validate exact verses by Brenton text comparison.
19,18,mt_to_lxx,split_merge_chapter_seam,high_chapter_medium_verse,Coptic lectionary design brief Section 7.2 plus phase2b Psalm numbering audit,Chapter seam is mapped. Verse offsets are not guessed by this table. Validate exact verses by Brenton text comparison.
20,19,mt_to_lxx,split_merge_chapter_seam,high_chapter_medium_verse,Coptic lectionary design brief Section 7.2 plus phase2b Psalm numbering audit,Chapter seam is mapped. Verse offsets are not guessed by this table. Validate exact verses by Brenton text comparison.
21,20,mt_to_lxx,split_merge_chapter_seam,high_chapter_medium_verse,Coptic lectionary design brief Section 7.2 plus phase2b Psalm numbering audit,Chapter seam is mapped. Verse offsets are not guessed by this table. Validate exact verses by Brenton text comparison.
22,21,mt_to_lxx,split_merge_chapter_seam,high_chapter_medium_verse,Coptic lectionary design brief Section 7.2 plus phase2b Psalm numbering audit,Chapter seam is mapped. Verse offsets are not guessed by this table. Validate exact verses by Brenton text comparison.
23,22,mt_to_lxx,split_merge_chapter_seam,high_chapter_medium_verse,Coptic lectionary design brief Section 7.2 plus phase2b Psalm numbering audit,Chapter seam is mapped. Verse offsets are not guessed by this table. Validate exact verses by Brenton text comparison.
24,23,mt_to_lxx,split_merge_chapter_seam,high_chapter_medium_verse,Coptic lectionary design brief Section 7.2 plus phase2b Psalm numbering audit,Chapter seam is mapped. Verse offsets are not guessed by this table. Validate exact verses by Brenton text comparison.
25,24,mt_to_lxx,split_merge_chapter_seam,high_chapter_medium_verse,Coptic lectionary design brief Section 7.2 plus phase2b Psalm numbering audit,Chapter seam is mapped. Verse offsets are not guessed by this table. Validate exact verses by Brenton text comparison.
26,25,mt_to_lxx,split_merge_chapter_seam,high_chapter_medium_verse,Coptic lectionary design brief Section 7.2 plus phase2b Psalm numbering audit,Chapter seam is mapped. Verse offsets are not guessed by this table. Validate exact verses by Brenton text comparison.
27,26,mt_to_lxx,split_merge_chapter_seam,high_chapter_medium_verse,Coptic lectionary design brief Section 7.2 plus phase2b Psalm numbering audit,Chapter seam is mapped. Verse offsets are not guessed by this table. Validate exact verses by Brenton text comparison.
28,27,mt_to_lxx,split_merge_chapter_seam,high_chapter_medium_verse,Coptic lectionary design brief Section 7.2 plus phase2b Psalm numbering audit,Chapter seam is mapped. Verse offsets are not guessed by this table. Validate exact verses by Brenton text comparison.
29,28,mt_to_lxx,split_merge_chapter_seam,high_chapter_medium_verse,Coptic lectionary design brief Section 7.2 plus phase2b Psalm numbering audit,Chapter seam is mapped. Verse offsets are not guessed by this table. Validate exact verses by Brenton text comparison.
30,29,mt_to_lxx,split_merge_chapter_seam,high_chapter_medium_verse,Coptic lectionary design brief Section 7.2 plus phase2b Psalm numbering audit,Chapter seam is mapped. Verse offsets are not guessed by this table. Validate exact verses by Brenton text comparison.
31,30,mt_to_lxx,split_merge_chapter_seam,high_chapter_medium_verse,Coptic lectionary design brief Section 7.2 plus phase2b Psalm numbering audit,Chapter seam is mapped. Verse offsets are not guessed by this table. Validate exact verses by Brenton text comparison.
32,31,mt_to_lxx,split_merge_chapter_seam,high_chapter_medium_verse,Coptic lectionary design brief Section 7.2 plus phase2b Psalm numbering audit,Chapter seam is mapped. Verse offsets are not guessed by this table. Validate exact verses by Brenton text comparison.
33,32,mt_to_lxx,split_merge_chapter_seam,high_chapter_medium_verse,Coptic lectionary design brief Section 7.2 plus phase2b Psalm numbering audit,Chapter seam is mapped. Verse offsets are not guessed by this table. Validate exact verses by Brenton text comparison.
34,33,mt_to_lxx,split_merge_chapter_seam,high_chapter_medium_verse,Coptic lectionary design brief Section 7.2 plus phase2b Psalm numbering audit,Chapter seam is mapped. Verse offsets are not guessed by this table. Validate exact verses by Brenton text comparison.
35,34,mt_to_lxx,split_merge_chapter_seam,high_chapter_medium_verse,Coptic lectionary design brief Section 7.2 plus phase2b Psalm numbering audit,Chapter seam is mapped. Verse offsets are not guessed by this table. Validate exact verses by Brenton text comparison.
36,35,mt_to_lxx,split_merge_chapter_seam,high_chapter_medium_verse,Coptic lectionary design brief Section 7.2 plus phase2b Psalm numbering audit,Chapter seam is mapped. Verse offsets are not guessed by this table. Validate exact verses by Brenton text comparison.
37,36,mt_to_lxx,split_merge_chapter_seam,high_chapter_medium_verse,Coptic lectionary design brief Section 7.2 plus phase2b Psalm numbering audit,Chapter seam is mapped. Verse offsets are not guessed by this table. Validate exact verses by Brenton text comparison.
38,37,mt_to_lxx,split_merge_chapter_seam,high_chapter_medium_verse,Coptic lectionary design brief Section 7.2 plus phase2b Psalm numbering audit,Chapter seam is mapped. Verse offsets are not guessed by this table. Validate exact verses by Brenton text comparison.
39,38,mt_to_lxx,split_merge_chapter_seam,high_chapter_medium_verse,Coptic lectionary design brief Section 7.2 plus phase2b Psalm numbering audit,Chapter seam is mapped. Verse offsets are not guessed by this table. Validate exact verses by Brenton text comparison.
40,39,mt_to_lxx,split_merge_chapter_seam,high_chapter_medium_verse,Coptic lectionary design brief Section 7.2 plus phase2b Psalm numbering audit,Chapter seam is mapped. Verse offsets are not guessed by this table. Validate exact verses by Brenton text comparison.
41,40,mt_to_lxx,split_merge_chapter_seam,high_chapter_medium_verse,Coptic lectionary design brief Section 7.2 plus phase2b Psalm numbering audit,Chapter seam is mapped. Verse offsets are not guessed by this table. Validate exact verses by Brenton text comparison.
42,41,mt_to_lxx,split_merge_chapter_seam,high_chapter_medium_verse,Coptic lectionary design brief Section 7.2 plus phase2b Psalm numbering audit,Chapter seam is mapped. Verse offsets are not guessed by this table. Validate exact verses by Brenton text comparison.
43,42,mt_to_lxx,split_merge_chapter_seam,high_chapter_medium_verse,Coptic lectionary design brief Section 7.2 plus phase2b Psalm numbering audit,Chapter seam is mapped. Verse offsets are not guessed by this table. Validate exact verses by Brenton text comparison.
44,43,mt_to_lxx,split_merge_chapter_seam,high_chapter_medium_verse,Coptic lectionary design brief Section 7.2 plus phase2b Psalm numbering audit,Chapter seam is mapped. Verse offsets are not guessed by this table. Validate exact verses by Brenton text comparison.
45,44,mt_to_lxx,split_merge_chapter_seam,high_chapter_medium_verse,Coptic lectionary design brief Section 7.2 plus phase2b Psalm numbering audit,Chapter seam is mapped. Verse offsets are not guessed by this table. Validate exact verses by Brenton text comparison.
46,45,mt_to_lxx,split_merge_chapter_seam,high_chapter_medium_verse,Coptic lectionary design brief Section 7.2 plus phase2b Psalm numbering audit,Chapter seam is mapped. Verse offsets are not guessed by this table. Validate exact verses by Brenton text comparison.
47,46,mt_to_lxx,split_merge_chapter_seam,high_chapter_medium_verse,Coptic lectionary design brief Section 7.2 plus phase2b Psalm numbering audit,Chapter seam is mapped. Verse offsets are not guessed by this table. Validate exact verses by Brenton text comparison.
48,47,mt_to_lxx,split_merge_chapter_seam,high_chapter_medium_verse,Coptic lectionary design brief Section 7.2 plus phase2b Psalm numbering audit,Chapter seam is mapped. Verse offsets are not guessed by this table. Validate exact verses by Brenton text comparison.
49,48,mt_to_lxx,split_merge_chapter_seam,high_chapter_medium_verse,Coptic lectionary design brief Section 7.2 plus phase2b Psalm numbering audit,Chapter seam is mapped. Verse offsets are not guessed by this table. Validate exact verses by Brenton text comparison.
50,49,mt_to_lxx,split_merge_chapter_seam,high_chapter_medium_verse,Coptic lectionary design brief Section 7.2 plus phase2b Psalm numbering audit,Chapter seam is mapped. Verse offsets are not guessed by this table. Validate exact verses by Brenton text comparison.
51,50,mt_to_lxx,split_merge_chapter_seam,high_chapter_medium_verse,Coptic lectionary design brief Section 7.2 plus phase2b Psalm numbering audit,Chapter seam is mapped. Verse offsets are not guessed by this table. Validate exact verses by Brenton text comparison.
52,51,mt_to_lxx,split_merge_chapter_seam,high_chapter_medium_verse,Coptic lectionary design brief Section 7.2 plus phase2b Psalm numbering audit,Chapter seam is mapped. Verse offsets are not guessed by this table. Validate exact verses by Brenton text comparison.
53,52,mt_to_lxx,split_merge_chapter_seam,high_chapter_medium_verse,Coptic lectionary design brief Section 7.2 plus phase2b Psalm numbering audit,Chapter seam is mapped. Verse offsets are not guessed by this table. Validate exact verses by Brenton text comparison.
54,53,mt_to_lxx,split_merge_chapter_seam,high_chapter_medium_verse,Coptic lectionary design brief Section 7.2 plus phase2b Psalm numbering audit,Chapter seam is mapped. Verse offsets are not guessed by this table. Validate exact verses by Brenton text comparison.
55,54,mt_to_lxx,split_merge_chapter_seam,high_chapter_medium_verse,Coptic lectionary design brief Section 7.2 plus phase2b Psalm numbering audit,Chapter seam is mapped. Verse offsets are not guessed by this table. Validate exact verses by Brenton text comparison.
56,55,mt_to_lxx,split_merge_chapter_seam,high_chapter_medium_verse,Coptic lectionary design brief Section 7.2 plus phase2b Psalm numbering audit,Chapter seam is mapped. Verse offsets are not guessed by this table. Validate exact verses by Brenton text comparison.
57,56,mt_to_lxx,split_merge_chapter_seam,high_chapter_medium_verse,Coptic lectionary design brief Section 7.2 plus phase2b Psalm numbering audit,Chapter seam is mapped. Verse offsets are not guessed by this table. Validate exact verses by Brenton text comparison.
58,57,mt_to_lxx,split_merge_chapter_seam,high_chapter_medium_verse,Coptic lectionary design brief Section 7.2 plus phase2b Psalm numbering audit,Chapter seam is mapped. Verse offsets are not guessed by this table. Validate exact verses by Brenton text comparison.
59,58,mt_to_lxx,split_merge_chapter_seam,high_chapter_medium_verse,Coptic lectionary design brief Section 7.2 plus phase2b Psalm numbering audit,Chapter seam is mapped. Verse offsets are not guessed by this table. Validate exact verses by Brenton text comparison.
60,59,mt_to_lxx,split_merge_chapter_seam,high_chapter_medium_verse,Coptic lectionary design brief Section 7.2 plus phase2b Psalm numbering audit,Chapter seam is mapped. Verse offsets are not guessed by this table. Validate exact verses by Brenton text comparison.
61,60,mt_to_lxx,split_merge_chapter_seam,high_chapter_medium_verse,Coptic lectionary design brief Section 7.2 plus phase2b Psalm numbering audit,Chapter seam is mapped. Verse offsets are not guessed by this table. Validate exact verses by Brenton text comparison.
62,61,mt_to_lxx,split_merge_chapter_seam,high_chapter_medium_verse,Coptic lectionary design brief Section 7.2 plus phase2b Psalm numbering audit,Chapter seam is mapped. Verse offsets are not guessed by this table. Validate exact verses by Brenton text comparison.
63,62,mt_to_lxx,split_merge_chapter_seam,high_chapter_medium_verse,Coptic lectionary design brief Section 7.2 plus phase2b Psalm numbering audit,Chapter seam is mapped. Verse offsets are not guessed by this table. Validate exact verses by Brenton text comparison.
64,63,mt_to_lxx,split_merge_chapter_seam,high_chapter_medium_verse,Coptic lectionary design brief Section 7.2 plus phase2b Psalm numbering audit,Chapter seam is mapped. Verse offsets are not guessed by this table. Validate exact verses by Brenton text comparison.
65,64,mt_to_lxx,split_merge_chapter_seam,high_chapter_medium_verse,Coptic lectionary design brief Section 7.2 plus phase2b Psalm numbering audit,Chapter seam is mapped. Verse offsets are not guessed by this table. Validate exact verses by Brenton text comparison.
66,65,mt_to_lxx,split_merge_chapter_seam,high_chapter_medium_verse,Coptic lectionary design brief Section 7.2 plus phase2b Psalm numbering audit,Chapter seam is mapped. Verse offsets are not guessed by this table. Validate exact verses by Brenton text comparison.
67,66,mt_to_lxx,split_merge_chapter_seam,high_chapter_medium_verse,Coptic lectionary design brief Section 7.2 plus phase2b Psalm numbering audit,Chapter seam is mapped. Verse offsets are not guessed by this table. Validate exact verses by Brenton text comparison.
68,67,mt_to_lxx,split_merge_chapter_seam,high_chapter_medium_verse,Coptic lectionary design brief Section 7.2 plus phase2b Psalm numbering audit,Chapter seam is mapped. Verse offsets are not guessed by this table. Validate exact verses by Brenton text comparison.
69,68,mt_to_lxx,split_merge_chapter_seam,high_chapter_medium_verse,Coptic lectionary design brief Section 7.2 plus phase2b Psalm numbering audit,Chapter seam is mapped. Verse offsets are not guessed by this table. Validate exact verses by Brenton text comparison.
70,69,mt_to_lxx,split_merge_chapter_seam,high_chapter_medium_verse,Coptic lectionary design brief Section 7.2 plus phase2b Psalm numbering audit,Chapter seam is mapped. Verse offsets are not guessed by this table. Validate exact verses by Brenton text comparison.
71,70,mt_to_lxx,split_merge_chapter_seam,high_chapter_medium_verse,Coptic lectionary design brief Section 7.2 plus phase2b Psalm numbering audit,Chapter seam is mapped. Verse offsets are not guessed by this table. Validate exact verses by Brenton text comparison.
72,71,mt_to_lxx,split_merge_chapter_seam,high_chapter_medium_verse,Coptic lectionary design brief Section 7.2 plus phase2b Psalm numbering audit,Chapter seam is mapped. Verse offsets are not guessed by this table. Validate exact verses by Brenton text comparison.
73,72,mt_to_lxx,split_merge_chapter_seam,high_chapter_medium_verse,Coptic lectionary design brief Section 7.2 plus phase2b Psalm numbering audit,Chapter seam is mapped. Verse offsets are not guessed by this table. Validate exact verses by Brenton text comparison.
74,73,mt_to_lxx,split_merge_chapter_seam,high_chapter_medium_verse,Coptic lectionary design brief Section 7.2 plus phase2b Psalm numbering audit,Chapter seam is mapped. Verse offsets are not guessed by this table. Validate exact verses by Brenton text comparison.
75,74,mt_to_lxx,split_merge_chapter_seam,high_chapter_medium_verse,Coptic lectionary design brief Section 7.2 plus phase2b Psalm numbering audit,Chapter seam is mapped. Verse offsets are not guessed by this table. Validate exact verses by Brenton text comparison.
76,75,mt_to_lxx,split_merge_chapter_seam,high_chapter_medium_verse,Coptic lectionary design brief Section 7.2 plus phase2b Psalm numbering audit,Chapter seam is mapped. Verse offsets are not guessed by this table. Validate exact verses by Brenton text comparison.
77,76,mt_to_lxx,split_merge_chapter_seam,high_chapter_medium_verse,Coptic lectionary design brief Section 7.2 plus phase2b Psalm numbering audit,Chapter seam is mapped. Verse offsets are not guessed by this table. Validate exact verses by Brenton text comparison.
78,77,mt_to_lxx,split_merge_chapter_seam,high_chapter_medium_verse,Coptic lectionary design brief Section 7.2 plus phase2b Psalm numbering audit,Chapter seam is mapped. Verse offsets are not guessed by this table. Validate exact verses by Brenton text comparison.
79,78,mt_to_lxx,split_merge_chapter_seam,high_chapter_medium_verse,Coptic lectionary design brief Section 7.2 plus phase2b Psalm numbering audit,Chapter seam is mapped. Verse offsets are not guessed by this table. Validate exact verses by Brenton text comparison.
80,79,mt_to_lxx,split_merge_chapter_seam,high_chapter_medium_verse,Coptic lectionary design brief Section 7.2 plus phase2b Psalm numbering audit,Chapter seam is mapped. Verse offsets are not guessed by this table. Validate exact verses by Brenton text comparison.
81,80,mt_to_lxx,split_merge_chapter_seam,high_chapter_medium_verse,Coptic lectionary design brief Section 7.2 plus phase2b Psalm numbering audit,Chapter seam is mapped. Verse offsets are not guessed by this table. Validate exact verses by Brenton text comparison.
82,81,mt_to_lxx,split_merge_chapter_seam,high_chapter_medium_verse,Coptic lectionary design brief Section 7.2 plus phase2b Psalm numbering audit,Chapter seam is mapped. Verse offsets are not guessed by this table. Validate exact verses by Brenton text comparison.
83,82,mt_to_lxx,split_merge_chapter_seam,high_chapter_medium_verse,Coptic lectionary design brief Section 7.2 plus phase2b Psalm numbering audit,Chapter seam is mapped. Verse offsets are not guessed by this table. Validate exact verses by Brenton text comparison.
84,83,mt_to_lxx,split_merge_chapter_seam,high_chapter_medium_verse,Coptic lectionary design brief Section 7.2 plus phase2b Psalm numbering audit,Chapter seam is mapped. Verse offsets are not guessed by this table. Validate exact verses by Brenton text comparison.
85,84,mt_to_lxx,split_merge_chapter_seam,high_chapter_medium_verse,Coptic lectionary design brief Section 7.2 plus phase2b Psalm numbering audit,Chapter seam is mapped. Verse offsets are not guessed by this table. Validate exact verses by Brenton text comparison.
86,85,mt_to_lxx,split_merge_chapter_seam,high_chapter_medium_verse,Coptic lectionary design brief Section 7.2 plus phase2b Psalm numbering audit,Chapter seam is mapped. Verse offsets are not guessed by this table. Validate exact verses by Brenton text comparison.
87,86,mt_to_lxx,split_merge_chapter_seam,high_chapter_medium_verse,Coptic lectionary design brief Section 7.2 plus phase2b Psalm numbering audit,Chapter seam is mapped. Verse offsets are not guessed by this table. Validate exact verses by Brenton text comparison.
88,87,mt_to_lxx,split_merge_chapter_seam,high_chapter_medium_verse,Coptic lectionary design brief Section 7.2 plus phase2b Psalm numbering audit,Chapter seam is mapped. Verse offsets are not guessed by this table. Validate exact verses by Brenton text comparison.
89,88,mt_to_lxx,split_merge_chapter_seam,high_chapter_medium_verse,Coptic lectionary design brief Section 7.2 plus phase2b Psalm numbering audit,Chapter seam is mapped. Verse offsets are not guessed by this table. Validate exact verses by Brenton text comparison.
90,89,mt_to_lxx,split_merge_chapter_seam,high_chapter_medium_verse,Coptic lectionary design brief Section 7.2 plus phase2b Psalm numbering audit,Chapter seam is mapped. Verse offsets are not guessed by this table. Validate exact verses by Brenton text comparison.
91,90,mt_to_lxx,split_merge_chapter_seam,high_chapter_medium_verse,Coptic lectionary design brief Section 7.2 plus phase2b Psalm numbering audit,Chapter seam is mapped. Verse offsets are not guessed by this table. Validate exact verses by Brenton text comparison.
92,91,mt_to_lxx,split_merge_chapter_seam,high_chapter_medium_verse,Coptic lectionary design brief Section 7.2 plus phase2b Psalm numbering audit,Chapter seam is mapped. Verse offsets are not guessed by this table. Validate exact verses by Brenton text comparison.
93,92,mt_to_lxx,split_merge_chapter_seam,high_chapter_medium_verse,Coptic lectionary design brief Section 7.2 plus phase2b Psalm numbering audit,Chapter seam is mapped. Verse offsets are not guessed by this table. Validate exact verses by Brenton text comparison.
94,93,mt_to_lxx,split_merge_chapter_seam,high_chapter_medium_verse,Coptic lectionary design brief Section 7.2 plus phase2b Psalm numbering audit,Chapter seam is mapped. Verse offsets are not guessed by this table. Validate exact verses by Brenton text comparison.
95,94,mt_to_lxx,split_merge_chapter_seam,high_chapter_medium_verse,Coptic lectionary design brief Section 7.2 plus phase2b Psalm numbering audit,Chapter seam is mapped. Verse offsets are not guessed by this table. Validate exact verses by Brenton text comparison.
96,95,mt_to_lxx,split_merge_chapter_seam,high_chapter_medium_verse,Coptic lectionary design brief Section 7.2 plus phase2b Psalm numbering audit,Chapter seam is mapped. Verse offsets are not guessed by this table. Validate exact verses by Brenton text comparison.
97,96,mt_to_lxx,split_merge_chapter_seam,high_chapter_medium_verse,Coptic lectionary design brief Section 7.2 plus phase2b Psalm numbering audit,Chapter seam is mapped. Verse offsets are not guessed by this table. Validate exact verses by Brenton text comparison.
98,97,mt_to_lxx,split_merge_chapter_seam,high_chapter_medium_verse,Coptic lectionary design brief Section 7.2 plus phase2b Psalm numbering audit,Chapter seam is mapped. Verse offsets are not guessed by this table. Validate exact verses by Brenton text comparison.
99,98,mt_to_lxx,split_merge_chapter_seam,high_chapter_medium_verse,Coptic lectionary design brief Section 7.2 plus phase2b Psalm numbering audit,Chapter seam is mapped. Verse offsets are not guessed by this table. Validate exact verses by Brenton text comparison.
100,99,mt_to_lxx,split_merge_chapter_seam,high_chapter_medium_verse,Coptic lectionary design brief Section 7.2 plus phase2b Psalm numbering audit,Chapter seam is mapped. Verse offsets are not guessed by this table. Validate exact verses by Brenton text comparison.
101,100,mt_to_lxx,split_merge_chapter_seam,high_chapter_medium_verse,Coptic lectionary design brief Section 7.2 plus phase2b Psalm numbering audit,Chapter seam is mapped. Verse offsets are not guessed by this table. Validate exact verses by Brenton text comparison.
102,101,mt_to_lxx,split_merge_chapter_seam,high_chapter_medium_verse,Coptic lectionary design brief Section 7.2 plus phase2b Psalm numbering audit,Chapter seam is mapped. Verse offsets are not guessed by this table. Validate exact verses by Brenton text comparison.
103,102,mt_to_lxx,split_merge_chapter_seam,high_chapter_medium_verse,Coptic lectionary design brief Section 7.2 plus phase2b Psalm numbering audit,Chapter seam is mapped. Verse offsets are not guessed by this table. Validate exact verses by Brenton text comparison.
104,103,mt_to_lxx,split_merge_chapter_seam,high_chapter_medium_verse,Coptic lectionary design brief Section 7.2 plus phase2b Psalm numbering audit,Chapter seam is mapped. Verse offsets are not guessed by this table. Validate exact verses by Brenton text comparison.
105,104,mt_to_lxx,split_merge_chapter_seam,high_chapter_medium_verse,Coptic lectionary design brief Section 7.2 plus phase2b Psalm numbering audit,Chapter seam is mapped. Verse offsets are not guessed by this table. Validate exact verses by Brenton text comparison.
106,105,mt_to_lxx,split_merge_chapter_seam,high_chapter_medium_verse,Coptic lectionary design brief Section 7.2 plus phase2b Psalm numbering audit,Chapter seam is mapped. Verse offsets are not guessed by this table. Validate exact verses by Brenton text comparison.
107,106,mt_to_lxx,split_merge_chapter_seam,high_chapter_medium_verse,Coptic lectionary design brief Section 7.2 plus phase2b Psalm numbering audit,Chapter seam is mapped. Verse offsets are not guessed by this table. Validate exact verses by Brenton text comparison.
108,107,mt_to_lxx,split_merge_chapter_seam,high_chapter_medium_verse,Coptic lectionary design brief Section 7.2 plus phase2b Psalm numbering audit,Chapter seam is mapped. Verse offsets are not guessed by this table. Validate exact verses by Brenton text comparison.
109,108,mt_to_lxx,split_merge_chapter_seam,high_chapter_medium_verse,Coptic lectionary design brief Section 7.2 plus phase2b Psalm numbering audit,Chapter seam is mapped. Verse offsets are not guessed by this table. Validate exact verses by Brenton text comparison.
110,109,mt_to_lxx,split_merge_chapter_seam,high_chapter_medium_verse,Coptic lectionary design brief Section 7.2 plus phase2b Psalm numbering audit,Chapter seam is mapped. Verse offsets are not guessed by this table. Validate exact verses by Brenton text comparison.
111,110,mt_to_lxx,split_merge_chapter_seam,high_chapter_medium_verse,Coptic lectionary design brief Section 7.2 plus phase2b Psalm numbering audit,Chapter seam is mapped. Verse offsets are not guessed by this table. Validate exact verses by Brenton text comparison.
112,111,mt_to_lxx,split_merge_chapter_seam,high_chapter_medium_verse,Coptic lectionary design brief Section 7.2 plus phase2b Psalm numbering audit,Chapter seam is mapped. Verse offsets are not guessed by this table. Validate exact verses by Brenton text comparison.
113,112,mt_to_lxx,split_merge_chapter_seam,high_chapter_medium_verse,Coptic lectionary design brief Section 7.2 plus phase2b Psalm numbering audit,Chapter seam is mapped. Verse offsets are not guessed by this table. Validate exact verses by Brenton text comparison.
114,113,mt_to_lxx,split_merge_chapter_seam,high_chapter_medium_verse,Coptic lectionary design brief Section 7.2 plus phase2b Psalm numbering audit,Chapter seam is mapped. Verse offsets are not guessed by this table. Validate exact verses by Brenton text comparison.
115,113,mt_to_lxx,split_merge_chapter_seam,high_chapter_medium_verse,Coptic lectionary design brief Section 7.2 plus phase2b Psalm numbering audit,Chapter seam is mapped. Verse offsets are not guessed by this table. Validate exact verses by Brenton text comparison.
116,115,mt_to_lxx,split_merge_chapter_seam,high_chapter_medium_verse,Coptic lectionary design brief Section 7.2 plus phase2b Psalm numbering audit,Chapter seam is mapped. Verse offsets are not guessed by this table. Validate exact verses by Brenton text comparison.
117,116,mt_to_lxx,split_merge_chapter_seam,high_chapter_medium_verse,Coptic lectionary design brief Section 7.2 plus phase2b Psalm numbering audit,Chapter seam is mapped. Verse offsets are not guessed by this table. Validate exact verses by Brenton text comparison.
118,117,mt_to_lxx,split_merge_chapter_seam,high_chapter_medium_verse,Coptic lectionary design brief Section 7.2 plus phase2b Psalm numbering audit,Chapter seam is mapped. Verse offsets are not guessed by this table. Validate exact verses by Brenton text comparison.
119,118,mt_to_lxx,split_merge_chapter_seam,high_chapter_medium_verse,Coptic lectionary design brief Section 7.2 plus phase2b Psalm numbering audit,Chapter seam is mapped. Verse offsets are not guessed by this table. Validate exact verses by Brenton text comparison.
120,119,mt_to_lxx,split_merge_chapter_seam,high_chapter_medium_verse,Coptic lectionary design brief Section 7.2 plus phase2b Psalm numbering audit,Chapter seam is mapped. Verse offsets are not guessed by this table. Validate exact verses by Brenton text comparison.
121,120,mt_to_lxx,split_merge_chapter_seam,high_chapter_medium_verse,Coptic lectionary design brief Section 7.2 plus phase2b Psalm numbering audit,Chapter seam is mapped. Verse offsets are not guessed by this table. Validate exact verses by Brenton text comparison.
122,121,mt_to_lxx,split_merge_chapter_seam,high_chapter_medium_verse,Coptic lectionary design brief Section 7.2 plus phase2b Psalm numbering audit,Chapter seam is mapped. Verse offsets are not guessed by this table. Validate exact verses by Brenton text comparison.
123,122,mt_to_lxx,split_merge_chapter_seam,high_chapter_medium_verse,Coptic lectionary design brief Section 7.2 plus phase2b Psalm numbering audit,Chapter seam is mapped. Verse offsets are not guessed by this table. Validate exact verses by Brenton text comparison.
124,123,mt_to_lxx,split_merge_chapter_seam,high_chapter_medium_verse,Coptic lectionary design brief Section 7.2 plus phase2b Psalm numbering audit,Chapter seam is mapped. Verse offsets are not guessed by this table. Validate exact verses by Brenton text comparison.
125,124,mt_to_lxx,split_merge_chapter_seam,high_chapter_medium_verse,Coptic lectionary design brief Section 7.2 plus phase2b Psalm numbering audit,Chapter seam is mapped. Verse offsets are not guessed by this table. Validate exact verses by Brenton text comparison.
126,125,mt_to_lxx,split_merge_chapter_seam,high_chapter_medium_verse,Coptic lectionary design brief Section 7.2 plus phase2b Psalm numbering audit,Chapter seam is mapped. Verse offsets are not guessed by this table. Validate exact verses by Brenton text comparison.
127,126,mt_to_lxx,split_merge_chapter_seam,high_chapter_medium_verse,Coptic lectionary design brief Section 7.2 plus phase2b Psalm numbering audit,Chapter seam is mapped. Verse offsets are not guessed by this table. Validate exact verses by Brenton text comparison.
128,127,mt_to_lxx,split_merge_chapter_seam,high_chapter_medium_verse,Coptic lectionary design brief Section 7.2 plus phase2b Psalm numbering audit,Chapter seam is mapped. Verse offsets are not guessed by this table. Validate exact verses by Brenton text comparison.
129,128,mt_to_lxx,split_merge_chapter_seam,high_chapter_medium_verse,Coptic lectionary design brief Section 7.2 plus phase2b Psalm numbering audit,Chapter seam is mapped. Verse offsets are not guessed by this table. Validate exact verses by Brenton text comparison.
130,129,mt_to_lxx,split_merge_chapter_seam,high_chapter_medium_verse,Coptic lectionary design brief Section 7.2 plus phase2b Psalm numbering audit,Chapter seam is mapped. Verse offsets are not guessed by this table. Validate exact verses by Brenton text comparison.
131,130,mt_to_lxx,split_merge_chapter_seam,high_chapter_medium_verse,Coptic lectionary design brief Section 7.2 plus phase2b Psalm numbering audit,Chapter seam is mapped. Verse offsets are not guessed by this table. Validate exact verses by Brenton text comparison.
132,131,mt_to_lxx,split_merge_chapter_seam,high_chapter_medium_verse,Coptic lectionary design brief Section 7.2 plus phase2b Psalm numbering audit,Chapter seam is mapped. Verse offsets are not guessed by this table. Validate exact verses by Brenton text comparison.
133,132,mt_to_lxx,split_merge_chapter_seam,high_chapter_medium_verse,Coptic lectionary design brief Section 7.2 plus phase2b Psalm numbering audit,Chapter seam is mapped. Verse offsets are not guessed by this table. Validate exact verses by Brenton text comparison.
134,133,mt_to_lxx,split_merge_chapter_seam,high_chapter_medium_verse,Coptic lectionary design brief Section 7.2 plus phase2b Psalm numbering audit,Chapter seam is mapped. Verse offsets are not guessed by this table. Validate exact verses by Brenton text comparison.
135,134,mt_to_lxx,split_merge_chapter_seam,high_chapter_medium_verse,Coptic lectionary design brief Section 7.2 plus phase2b Psalm numbering audit,Chapter seam is mapped. Verse offsets are not guessed by this table. Validate exact verses by Brenton text comparison.
136,135,mt_to_lxx,split_merge_chapter_seam,high_chapter_medium_verse,Coptic lectionary design brief Section 7.2 plus phase2b Psalm numbering audit,Chapter seam is mapped. Verse offsets are not guessed by this table. Validate exact verses by Brenton text comparison.
137,136,mt_to_lxx,split_merge_chapter_seam,high_chapter_medium_verse,Coptic lectionary design brief Section 7.2 plus phase2b Psalm numbering audit,Chapter seam is mapped. Verse offsets are not guessed by this table. Validate exact verses by Brenton text comparison.
138,137,mt_to_lxx,split_merge_chapter_seam,high_chapter_medium_verse,Coptic lectionary design brief Section 7.2 plus phase2b Psalm numbering audit,Chapter seam is mapped. Verse offsets are not guessed by this table. Validate exact verses by Brenton text comparison.
139,138,mt_to_lxx,split_merge_chapter_seam,high_chapter_medium_verse,Coptic lectionary design brief Section 7.2 plus phase2b Psalm numbering audit,Chapter seam is mapped. Verse offsets are not guessed by this table. Validate exact verses by Brenton text comparison.
140,139,mt_to_lxx,split_merge_chapter_seam,high_chapter_medium_verse,Coptic lectionary design brief Section 7.2 plus phase2b Psalm numbering audit,Chapter seam is mapped. Verse offsets are not guessed by this table. Validate exact verses by Brenton text comparison.
141,140,mt_to_lxx,split_merge_chapter_seam,high_chapter_medium_verse,Coptic lectionary design brief Section 7.2 plus phase2b Psalm numbering audit,Chapter seam is mapped. Verse offsets are not guessed by this table. Validate exact verses by Brenton text comparison.
142,141,mt_to_lxx,split_merge_chapter_seam,high_chapter_medium_verse,Coptic lectionary design brief Section 7.2 plus phase2b Psalm numbering audit,Chapter seam is mapped. Verse offsets are not guessed by this table. Validate exact verses by Brenton text comparison.
143,142,mt_to_lxx,split_merge_chapter_seam,high_chapter_medium_verse,Coptic lectionary design brief Section 7.2 plus phase2b Psalm numbering audit,Chapter seam is mapped. Verse offsets are not guessed by this table. Validate exact verses by Brenton text comparison.
144,143,mt_to_lxx,split_merge_chapter_seam,high_chapter_medium_verse,Coptic lectionary design brief Section 7.2 plus phase2b Psalm numbering audit,Chapter seam is mapped. Verse offsets are not guessed by this table. Validate exact verses by Brenton text comparison.
145,144,mt_to_lxx,split_merge_chapter_seam,high_chapter_medium_verse,Coptic lectionary design brief Section 7.2 plus phase2b Psalm numbering audit,Chapter seam is mapped. Verse offsets are not guessed by this table. Validate exact verses by Brenton text comparison.
146,145,mt_to_lxx,split_merge_chapter_seam,high_chapter_medium_verse,Coptic lectionary design brief Section 7.2 plus phase2b Psalm numbering audit,Chapter seam is mapped. Verse offsets are not guessed by this table. Validate exact verses by Brenton text comparison.
147,147,mt_to_lxx,chapter_equivalence,high,Coptic lectionary design brief Section 7.2 plus phase2b Psalm numbering audit,Chapter number is the same in MT and LXX. Verse numbering still needs text check for exact quotation work.
148,148,mt_to_lxx,chapter_equivalence,high,Coptic lectionary design brief Section 7.2 plus phase2b Psalm numbering audit,Chapter number is the same in MT and LXX. Verse numbering still needs text check for exact quotation work.
149,149,mt_to_lxx,chapter_equivalence,high,Coptic lectionary design brief Section 7.2 plus phase2b Psalm numbering audit,Chapter number is the same in MT and LXX. Verse numbering still needs text check for exact quotation work.
150,150,mt_to_lxx,chapter_equivalence,high,Coptic lectionary design brief Section 7.2 plus phase2b Psalm numbering audit,Chapter number is the same in MT and LXX. Verse numbering still needs text check for exact quotation work.
none,151,lxx_only,lxx_unique_chapter,high_chapter,Coptic canon includes Psalm 151 in the LXX tradition,No MT counterpart.
Ps 51:4,Ps 50:6,example_ref,anchored_verse_example,high,content compared: Brenton LXX Ps 50:6 with KJV Ps 51:4,Reference-level seam example used by the verifier and audit notes. This is not a complete verse-by-verse Psalm alignment.
Ps 33:10,Ps 32:10,example_ref,anchored_verse_example,high,content compared: Brenton LXX Ps 32:10 with KJV Ps 33:10,Reference-level seam example used by the verifier and audit notes. This is not a complete verse-by-verse Psalm alignment.
Ps 42:5,Ps 41:6,example_ref,anchored_verse_example,high,content compared: Brenton LXX Ps 41:6 with KJV Ps 42:5,Reference-level seam example used by the verifier and audit notes. This is not a complete verse-by-verse Psalm alignment.
Ps 84:1,Ps 83:2,example_ref,anchored_verse_example,high,content compared: Brenton LXX Ps 83:2 with KJV Ps 84:1,Reference-level seam example used by the verifier and audit notes. This is not a complete verse-by-verse Psalm alignment.
Ps 84:4,Ps 83:5,example_ref,anchored_verse_example,high,content compared: Brenton LXX Ps 83:5 with KJV Ps 84:4,Reference-level seam example used by the verifier and audit notes. This is not a complete verse-by-verse Psalm alignment.
Ps 41:5-7,Ps 40:6-8,example_ref,anchored_verse_example,high,content compared: Brenton LXX Ps 40:6-8 with KJV Ps 41:5-7,Reference-level seam example used by the verifier and audit notes. This is not a complete verse-by-verse Psalm alignment.
Ps 6:1-2,Ps 6:2-3,example_ref,anchored_verse_example,high,content compared: Brenton LXX Ps 6:2-3 with KJV Ps 6:1-2,Reference-level seam example used by the verifier and audit notes. This is not a complete verse-by-verse Psalm alignment.
Ps 69:16,Ps 68:17,example_ref,anchored_verse_example,high,content compared: Brenton LXX Ps 68:17 with KJV Ps 69:16,Reference-level seam example used by the verifier and audit notes. This is not a complete verse-by-verse Psalm alignment.
Ps 63:1,Ps 62,example_ref,unresolved_verse_offset_example,medium,chapter seam verified; exact verse needs text check,Reference-level seam example used by the verifier and audit notes. This is not a complete verse-by-verse Psalm alignment.
Ps 68:17,Ps 67,example_ref,unresolved_verse_offset_example,medium,chapter seam verified; Hatur 8 exact verse needs text check,Reference-level seam example used by the verifier and audit notes. This is not a complete verse-by-verse Psalm alignment.
