day,hour,source_kind,source_family,source_file,source_line,source_page,order,reading_type,raw_ref,normalized_ref,parse_status,provenance_note
Hosanna Sunday,Ninth Hour,pascha_source_text,holy_pascha,out/sources/St_Mary_Ottawa_Katameros_Holy_Pascha_EN.txt,1393,57,1,Prophecy,Lamentations 1:1-4,Lam 1:1-4,parsed,St. Mary Ottawa Holy Pascha extracted text.
Hosanna Sunday,Ninth Hour,pascha_source_text,holy_pascha,out/sources/St_Mary_Ottawa_Katameros_Holy_Pascha_EN.txt,1438,58,2,Prophecy,Zephaniah 3:11-20,Zeph 3:11-20,parsed,St. Mary Ottawa Holy Pascha extracted text.
Hosanna Sunday,Ninth Hour,pascha_source_text,holy_pascha,out/sources/St_Mary_Ottawa_Katameros_Holy_Pascha_EN.txt,1470,60,3,Psalm,"Psalm 8:2,3","Ps 8:2,8:3",parsed,St. Mary Ottawa Holy Pascha extracted text.
Hosanna Sunday,Ninth Hour,pascha_source_text,holy_pascha,out/sources/St_Mary_Ottawa_Katameros_Holy_Pascha_EN.txt,1489,60,4,Gospel,Matthew 21:10-17,Matt 21:10-17,parsed,St. Mary Ottawa Holy Pascha extracted text.
Hosanna Sunday,Eleventh Hour,pascha_source_text,holy_pascha,out/sources/St_Mary_Ottawa_Katameros_Holy_Pascha_EN.txt,1572,64,1,Prophecy,Isaiah 48:12-22,Isa 48:12-22,parsed,St. Mary Ottawa Holy Pascha extracted text.
Hosanna Sunday,Eleventh Hour,pascha_source_text,holy_pascha,out/sources/St_Mary_Ottawa_Katameros_Holy_Pascha_EN.txt,1633,66,2,Prophecy,Nahum 1:2-8,Nah 1:2-8,parsed,St. Mary Ottawa Holy Pascha extracted text.
Hosanna Sunday,Eleventh Hour,pascha_source_text,holy_pascha,out/sources/St_Mary_Ottawa_Katameros_Holy_Pascha_EN.txt,1677,68,3,Psalm,Psalm 22:22-23,Ps 22:22-23,parsed,St. Mary Ottawa Holy Pascha extracted text.
Hosanna Sunday,Eleventh Hour,pascha_source_text,holy_pascha,out/sources/St_Mary_Ottawa_Katameros_Holy_Pascha_EN.txt,1678,68,4,Gospel,Matthew 20:20-28,Matt 20:20-28,parsed,St. Mary Ottawa Holy Pascha extracted text.
Monday Eve,First Hour,pascha_source_text,holy_pascha,out/sources/St_Mary_Ottawa_Katameros_Holy_Pascha_EN.txt,1782,73,1,Prophecy,Zephaniah 1:2-12,Zeph 1:2-12,parsed,St. Mary Ottawa Holy Pascha extracted text.
Monday Eve,First Hour,pascha_source_text,holy_pascha,out/sources/St_Mary_Ottawa_Katameros_Holy_Pascha_EN.txt,1850,76,2,Psalm,"Psalm 27:6,7","Ps 27:6,27:7",parsed,St. Mary Ottawa Holy Pascha extracted text.
Monday Eve,First Hour,pascha_source_text,holy_pascha,out/sources/St_Mary_Ottawa_Katameros_Holy_Pascha_EN.txt,1857,76,3,Gospel,John 12:20-36,Jn 12:20-36,parsed,St. Mary Ottawa Holy Pascha extracted text.
Monday Eve,Third Hour,pascha_source_text,holy_pascha,out/sources/St_Mary_Ottawa_Katameros_Holy_Pascha_EN.txt,1967,80,1,Prophecy,Zephaniah 1:14-2:1-2,Zeph 1:14-2:2,parsed,St. Mary Ottawa Holy Pascha extracted text.
Monday Eve,Third Hour,pascha_source_text,holy_pascha,out/sources/St_Mary_Ottawa_Katameros_Holy_Pascha_EN.txt,2013,82,2,Psalm,"Psalm 28:9, 2","Ps 28:9,28:2",parsed,St. Mary Ottawa Holy Pascha extracted text.
Monday Eve,Third Hour,pascha_source_text,holy_pascha,out/sources/St_Mary_Ottawa_Katameros_Holy_Pascha_EN.txt,2046,83,3,Gospel,Luke 9:18-22,Lk 9:18-22,parsed,St. Mary Ottawa Holy Pascha extracted text.
Monday Eve,Sixth Hour,pascha_source_text,holy_pascha,out/sources/St_Mary_Ottawa_Katameros_Holy_Pascha_EN.txt,2112,86,1,Prophecy,Joel 1:5-15,Joel 1:5-15,parsed,St. Mary Ottawa Holy Pascha extracted text.
Monday Eve,Sixth Hour,pascha_source_text,holy_pascha,out/sources/St_Mary_Ottawa_Katameros_Holy_Pascha_EN.txt,2165,88,2,Psalm,"Psalm 29:1,2","Ps 29:1,29:2",parsed,St. Mary Ottawa Holy Pascha extracted text.
Monday Eve,Sixth Hour,pascha_source_text,holy_pascha,out/sources/St_Mary_Ottawa_Katameros_Holy_Pascha_EN.txt,2178,89,3,Gospel,Mark 10:32-34,Mark 10:32-34,parsed,St. Mary Ottawa Holy Pascha extracted text.
Monday Eve,Ninth Hour,pascha_source_text,holy_pascha,out/sources/St_Mary_Ottawa_Katameros_Holy_Pascha_EN.txt,2271,92,1,Prophecy,Micah 2:3-10,Mic 2:3-10,parsed,St. Mary Ottawa Holy Pascha extracted text.
Monday Eve,Ninth Hour,pascha_source_text,holy_pascha,out/sources/St_Mary_Ottawa_Katameros_Holy_Pascha_EN.txt,2318,95,2,Psalm,"Psalm 8:2,1","Ps 8:2,8:1",parsed,St. Mary Ottawa Holy Pascha extracted text.
Monday Eve,Ninth Hour,pascha_source_text,holy_pascha,out/sources/St_Mary_Ottawa_Katameros_Holy_Pascha_EN.txt,2323,95,3,Gospel,Mark 8:27-33,Mark 8:27-33,parsed,St. Mary Ottawa Holy Pascha extracted text.
Monday Eve,Eleventh Hour,pascha_source_text,holy_pascha,out/sources/St_Mary_Ottawa_Katameros_Holy_Pascha_EN.txt,2426,99,1,Prophecy,Micah 3:1-4,Mic 3:1-4,parsed,St. Mary Ottawa Holy Pascha extracted text.
Monday Eve,Eleventh Hour,pascha_source_text,holy_pascha,out/sources/St_Mary_Ottawa_Katameros_Holy_Pascha_EN.txt,2456,101,2,Psalm,Psalm 18:17-18,Ps 18:17-18,parsed,St. Mary Ottawa Holy Pascha extracted text.
Monday Eve,Eleventh Hour,pascha_source_text,holy_pascha,out/sources/St_Mary_Ottawa_Katameros_Holy_Pascha_EN.txt,2461,101,3,Gospel,Matthew 17:19-23,Matt 17:19-23,parsed,St. Mary Ottawa Holy Pascha extracted text.
Monday,First Hour,pascha_source_text,holy_pascha,out/sources/St_Mary_Ottawa_Katameros_Holy_Pascha_EN.txt,2579,106,1,Prophecy,Genesis 1:1-2:1-3,Gen 1:1-2:3,parsed,St. Mary Ottawa Holy Pascha extracted text.
Monday,First Hour,pascha_source_text,holy_pascha,out/sources/St_Mary_Ottawa_Katameros_Holy_Pascha_EN.txt,2667,109,2,Prophecy,Isaiah 5:1-9,Isa 5:1-9,parsed,St. Mary Ottawa Holy Pascha extracted text.
Monday,First Hour,pascha_source_text,holy_pascha,out/sources/St_Mary_Ottawa_Katameros_Holy_Pascha_EN.txt,2718,111,3,Prophecy,Sirach 1:1-14,Sir 1:1-14,parsed,St. Mary Ottawa Holy Pascha extracted text.
Monday,First Hour,pascha_source_text,holy_pascha,out/sources/St_Mary_Ottawa_Katameros_Holy_Pascha_EN.txt,2797,115,4,Psalm,Psalm 71:18-19,Ps 71:18-19,parsed,St. Mary Ottawa Holy Pascha extracted text.
Monday,First Hour,pascha_source_text,holy_pascha,out/sources/St_Mary_Ottawa_Katameros_Holy_Pascha_EN.txt,2801,115,5,Gospel,Mark 11:12-24,Mark 11:12-24,parsed,St. Mary Ottawa Holy Pascha extracted text.
Monday,Third Hour,pascha_source_text,holy_pascha,out/sources/St_Mary_Ottawa_Katameros_Holy_Pascha_EN.txt,2925,119,1,Prophecy,Isaiah 5:20-30,Isa 5:20-30,parsed,St. Mary Ottawa Holy Pascha extracted text.
Monday,Third Hour,pascha_source_text,holy_pascha,out/sources/St_Mary_Ottawa_Katameros_Holy_Pascha_EN.txt,2976,121,2,Prophecy,Jeremiah 9:12-19,Jer 9:12-19,parsed,St. Mary Ottawa Holy Pascha extracted text.
Monday,Third Hour,pascha_source_text,holy_pascha,out/sources/St_Mary_Ottawa_Katameros_Holy_Pascha_EN.txt,3007,123,3,Psalm,Psalm 122:1-2,Ps 122:1-2,parsed,St. Mary Ottawa Holy Pascha extracted text.
Monday,Third Hour,pascha_source_text,holy_pascha,out/sources/St_Mary_Ottawa_Katameros_Holy_Pascha_EN.txt,3012,123,4,Gospel,Mark 11:11-19,Mark 11:11-19,parsed,St. Mary Ottawa Holy Pascha extracted text.
Monday,Sixth Hour,pascha_source_text,holy_pascha,out/sources/St_Mary_Ottawa_Katameros_Holy_Pascha_EN.txt,3127,127,1,Prophecy,Exodus 32:7-15,Exod 32:7-15,parsed,St. Mary Ottawa Holy Pascha extracted text.
Monday,Sixth Hour,pascha_source_text,holy_pascha,out/sources/St_Mary_Ottawa_Katameros_Holy_Pascha_EN.txt,3154,128,2,Prophecy,Wisdom of Solomon 1:1-9,Wis 1:1-9,parsed,St. Mary Ottawa Holy Pascha extracted text.
Monday,Sixth Hour,pascha_source_text,holy_pascha,out/sources/St_Mary_Ottawa_Katameros_Holy_Pascha_EN.txt,3198,130,3,Psalm,Psalm 122:4,Ps 122:4,parsed,St. Mary Ottawa Holy Pascha extracted text.
Monday,Sixth Hour,pascha_source_text,holy_pascha,out/sources/St_Mary_Ottawa_Katameros_Holy_Pascha_EN.txt,3212,131,4,Gospel,John 2:13-17,Jn 2:13-17,parsed,St. Mary Ottawa Holy Pascha extracted text.
Monday,Ninth Hour,pascha_source_text,holy_pascha,out/sources/St_Mary_Ottawa_Katameros_Holy_Pascha_EN.txt,3308,134,1,Prophecy,Genesis 2:15-3:24,Gen 2:15-3:24,parsed,St. Mary Ottawa Holy Pascha extracted text.
Monday,Ninth Hour,pascha_source_text,holy_pascha,out/sources/St_Mary_Ottawa_Katameros_Holy_Pascha_EN.txt,3389,137,2,Prophecy,Isaiah 40:1-5,Isa 40:1-5,parsed,St. Mary Ottawa Holy Pascha extracted text.
Monday,Ninth Hour,pascha_source_text,holy_pascha,out/sources/St_Mary_Ottawa_Katameros_Holy_Pascha_EN.txt,3424,138,3,Prophecy,Proverbs 1:1-9,Prov 1:1-9,parsed,St. Mary Ottawa Holy Pascha extracted text.
Monday,Ninth Hour,pascha_source_text,holy_pascha,out/sources/St_Mary_Ottawa_Katameros_Holy_Pascha_EN.txt,3456,140,4,Psalm,"Psalm 65:5, 4","Ps 65:5,65:4",parsed,St. Mary Ottawa Holy Pascha extracted text.
Monday,Ninth Hour,pascha_source_text,holy_pascha,out/sources/St_Mary_Ottawa_Katameros_Holy_Pascha_EN.txt,3466,140,5,Gospel,Matthew 21:23-27,Matt 21:23-27,parsed,St. Mary Ottawa Holy Pascha extracted text.
Monday,Eleventh Hour,pascha_source_text,holy_pascha,out/sources/St_Mary_Ottawa_Katameros_Holy_Pascha_EN.txt,3664,147,1,Prophecy,Isaiah 50:1-3,Isa 50:1-3,parsed,St. Mary Ottawa Holy Pascha extracted text.
Monday,Eleventh Hour,pascha_source_text,holy_pascha,out/sources/St_Mary_Ottawa_Katameros_Holy_Pascha_EN.txt,3676,148,2,Prophecy,Sirach 1:18-27,Sir 1:18-27,parsed,St. Mary Ottawa Holy Pascha extracted text.
Monday,Eleventh Hour,pascha_source_text,holy_pascha,out/sources/St_Mary_Ottawa_Katameros_Holy_Pascha_EN.txt,3759,151,3,Psalm,Psalm 12:3-4,Ps 12:3-4,parsed,St. Mary Ottawa Holy Pascha extracted text.
Monday,Eleventh Hour,pascha_source_text,holy_pascha,out/sources/St_Mary_Ottawa_Katameros_Holy_Pascha_EN.txt,3776,152,4,Gospel,John 8:51-59,Jn 8:51-59,parsed,St. Mary Ottawa Holy Pascha extracted text.
Tuesday Eve,First Hour,pascha_source_text,holy_pascha,out/sources/St_Mary_Ottawa_Katameros_Holy_Pascha_EN.txt,3902,157,1,Prophecy,Zechariah 1:1-6,Zech 1:1-6,parsed,St. Mary Ottawa Holy Pascha extracted text.
Tuesday Eve,First Hour,pascha_source_text,holy_pascha,out/sources/St_Mary_Ottawa_Katameros_Holy_Pascha_EN.txt,3947,159,2,Psalm,"Psalm 62:7, 2","Ps 62:7,62:2",parsed,St. Mary Ottawa Holy Pascha extracted text.
Tuesday Eve,First Hour,pascha_source_text,holy_pascha,out/sources/St_Mary_Ottawa_Katameros_Holy_Pascha_EN.txt,3983,160,3,Gospel,Luke 13:23-30,Lk 13:23-30,parsed,St. Mary Ottawa Holy Pascha extracted text.
Tuesday Eve,Third Hour,pascha_source_text,holy_pascha,out/sources/St_Mary_Ottawa_Katameros_Holy_Pascha_EN.txt,4047,163,1,Prophecy,Malachi 1:1-9,Mal 1:1-9,parsed,St. Mary Ottawa Holy Pascha extracted text.
Tuesday Eve,Third Hour,pascha_source_text,holy_pascha,out/sources/St_Mary_Ottawa_Katameros_Holy_Pascha_EN.txt,4100,165,2,Psalm,"Psalm 28:9, 2","Ps 28:9,28:2",parsed,St. Mary Ottawa Holy Pascha extracted text.
Tuesday Eve,Third Hour,pascha_source_text,holy_pascha,out/sources/St_Mary_Ottawa_Katameros_Holy_Pascha_EN.txt,4127,166,3,Gospel,Luke 13:31-35,Lk 13:31-35,parsed,St. Mary Ottawa Holy Pascha extracted text.
Tuesday Eve,Sixth Hour,pascha_source_text,holy_pascha,out/sources/St_Mary_Ottawa_Katameros_Holy_Pascha_EN.txt,4197,169,1,Prophecy,Hosea 4:15-5:7,Hos 4:15-5:7,parsed,St. Mary Ottawa Holy Pascha extracted text.
Tuesday Eve,Sixth Hour,pascha_source_text,holy_pascha,out/sources/St_Mary_Ottawa_Katameros_Holy_Pascha_EN.txt,4249,171,2,Psalm,"Psalm 29:1,2","Ps 29:1,29:2",parsed,St. Mary Ottawa Holy Pascha extracted text.
Tuesday Eve,Sixth Hour,pascha_source_text,holy_pascha,out/sources/St_Mary_Ottawa_Katameros_Holy_Pascha_EN.txt,4262,172,3,Gospel,Luke 21:34-38,Lk 21:34-38,parsed,St. Mary Ottawa Holy Pascha extracted text.
Tuesday Eve,Ninth Hour,pascha_source_text,holy_pascha,out/sources/St_Mary_Ottawa_Katameros_Holy_Pascha_EN.txt,4362,175,1,Prophecy,Hosea 10:12-11:2,Hos 10:12-11:2,parsed,St. Mary Ottawa Holy Pascha extracted text.
Tuesday Eve,Ninth Hour,pascha_source_text,holy_pascha,out/sources/St_Mary_Ottawa_Katameros_Holy_Pascha_EN.txt,4393,177,2,Psalm,Psalm 33:10-11,Ps 33:10-11,parsed,St. Mary Ottawa Holy Pascha extracted text.
Tuesday Eve,Ninth Hour,pascha_source_text,holy_pascha,out/sources/St_Mary_Ottawa_Katameros_Holy_Pascha_EN.txt,4402,177,3,Gospel,Luke 11:37-52,Lk 11:37-52,parsed,St. Mary Ottawa Holy Pascha extracted text.
Tuesday Eve,Eleventh Hour,pascha_source_text,holy_pascha,out/sources/St_Mary_Ottawa_Katameros_Holy_Pascha_EN.txt,4518,181,1,Prophecy,Amos 5:6-14,Amos 5:6-14,parsed,St. Mary Ottawa Holy Pascha extracted text.
Tuesday Eve,Eleventh Hour,pascha_source_text,holy_pascha,out/sources/St_Mary_Ottawa_Katameros_Holy_Pascha_EN.txt,4554,183,2,Psalm,Psalm 122:4,Ps 122:4,parsed,St. Mary Ottawa Holy Pascha extracted text.
Tuesday Eve,Eleventh Hour,pascha_source_text,holy_pascha,out/sources/St_Mary_Ottawa_Katameros_Holy_Pascha_EN.txt,4566,184,3,Gospel,Mark 13:32-14:2,Mark 13:32-14:2,parsed,St. Mary Ottawa Holy Pascha extracted text.
Tuesday,First Hour,pascha_source_text,holy_pascha,out/sources/St_Mary_Ottawa_Katameros_Holy_Pascha_EN.txt,4677,188,1,Prophecy,Exodus 19:1-9,Exod 19:1-9,parsed,St. Mary Ottawa Holy Pascha extracted text.
Tuesday,First Hour,pascha_source_text,holy_pascha,out/sources/St_Mary_Ottawa_Katameros_Holy_Pascha_EN.txt,4706,189,2,Prophecy,Job 23:2-24:25,Job 23:2-24:25,parsed,St. Mary Ottawa Holy Pascha extracted text.
Tuesday,First Hour,pascha_source_text,holy_pascha,out/sources/St_Mary_Ottawa_Katameros_Holy_Pascha_EN.txt,4796,192,3,Prophecy,Hosea 4:1-8,Hos 4:1-8,parsed,St. Mary Ottawa Holy Pascha extracted text.
Tuesday,First Hour,pascha_source_text,holy_pascha,out/sources/St_Mary_Ottawa_Katameros_Holy_Pascha_EN.txt,4856,195,4,Psalm,"Psalm 120:2, 6, 7","Ps 120:2,120:6,120:7",parsed,St. Mary Ottawa Holy Pascha extracted text.
Tuesday,First Hour,pascha_source_text,holy_pascha,out/sources/St_Mary_Ottawa_Katameros_Holy_Pascha_EN.txt,4877,196,5,Gospel,John 8:21-29,Jn 8:21-29,parsed,St. Mary Ottawa Holy Pascha extracted text.
Tuesday,Third Hour,pascha_source_text,holy_pascha,out/sources/St_Mary_Ottawa_Katameros_Holy_Pascha_EN.txt,4997,200,1,Prophecy,Deuteronomy 8:11-20,Deut 8:11-20,parsed,St. Mary Ottawa Holy Pascha extracted text.
Tuesday,Third Hour,pascha_source_text,holy_pascha,out/sources/St_Mary_Ottawa_Katameros_Holy_Pascha_EN.txt,5029,201,2,Prophecy,Sirach 1:1-14,Sir 1:1-14,parsed,St. Mary Ottawa Holy Pascha extracted text.
Tuesday,Third Hour,pascha_source_text,holy_pascha,out/sources/St_Mary_Ottawa_Katameros_Holy_Pascha_EN.txt,5056,202,3,Prophecy,Job 27:2-28:2,Job 27:2-28:2,parsed,St. Mary Ottawa Holy Pascha extracted text.
Tuesday,Third Hour,pascha_source_text,holy_pascha,out/sources/St_Mary_Ottawa_Katameros_Holy_Pascha_EN.txt,5111,204,4,Prophecy,1 Kings 19:9-14,1Kgs 19:9-14,parsed,St. Mary Ottawa Holy Pascha extracted text.
Tuesday,Third Hour,pascha_source_text,holy_pascha,out/sources/St_Mary_Ottawa_Katameros_Holy_Pascha_EN.txt,5142,206,5,Psalm,Psalm 119:154-155,Ps 119:154-155,parsed,St. Mary Ottawa Holy Pascha extracted text.
Tuesday,Third Hour,pascha_source_text,holy_pascha,out/sources/St_Mary_Ottawa_Katameros_Holy_Pascha_EN.txt,5159,207,6,Gospel,Matthew 23:37-24:2,Matt 23:37-24:2,parsed,St. Mary Ottawa Holy Pascha extracted text.
Tuesday,Sixth Hour,pascha_source_text,holy_pascha,out/sources/St_Mary_Ottawa_Katameros_Holy_Pascha_EN.txt,5253,210,1,Prophecy,Ezekiel 21:3-13,Ezek 21:3-13,parsed,St. Mary Ottawa Holy Pascha extracted text.
Tuesday,Sixth Hour,pascha_source_text,holy_pascha,out/sources/St_Mary_Ottawa_Katameros_Holy_Pascha_EN.txt,5281,211,2,Prophecy,Sirach 4:20-5:2,Sir 4:20-5:2,parsed,St. Mary Ottawa Holy Pascha extracted text.
Tuesday,Sixth Hour,pascha_source_text,holy_pascha,out/sources/St_Mary_Ottawa_Katameros_Holy_Pascha_EN.txt,5331,213,3,Prophecy,Isaiah 1:1-9,Isa 1:1-9,parsed,St. Mary Ottawa Holy Pascha extracted text.
Tuesday,Sixth Hour,pascha_source_text,holy_pascha,out/sources/St_Mary_Ottawa_Katameros_Holy_Pascha_EN.txt,5364,215,4,Psalm,"Psalm 18:48, 17","Ps 18:48,18:17",parsed,St. Mary Ottawa Holy Pascha extracted text.
Tuesday,Sixth Hour,pascha_source_text,holy_pascha,out/sources/St_Mary_Ottawa_Katameros_Holy_Pascha_EN.txt,5383,216,5,Gospel,John 8:12-20,Jn 8:12-20,parsed,St. Mary Ottawa Holy Pascha extracted text.
Tuesday,Ninth Hour,pascha_source_text,holy_pascha,out/sources/St_Mary_Ottawa_Katameros_Holy_Pascha_EN.txt,5480,219,1,Prophecy,Genesis 6:5-9:7,Gen 6:5-9:7,parsed,St. Mary Ottawa Holy Pascha extracted text.
Tuesday,Ninth Hour,pascha_source_text,holy_pascha,out/sources/St_Mary_Ottawa_Katameros_Holy_Pascha_EN.txt,5662,225,2,Prophecy,Proverbs 9:1-11,Prov 9:1-11,parsed,St. Mary Ottawa Holy Pascha extracted text.
Tuesday,Ninth Hour,pascha_source_text,holy_pascha,out/sources/St_Mary_Ottawa_Katameros_Holy_Pascha_EN.txt,5694,226,3,Prophecy,Isaiah 40:9-31,Isa 40:9-31,parsed,St. Mary Ottawa Holy Pascha extracted text.
Tuesday,Ninth Hour,pascha_source_text,holy_pascha,out/sources/St_Mary_Ottawa_Katameros_Holy_Pascha_EN.txt,5753,228,4,Prophecy,Daniel 7:9-15,Dan 7:9-15,parsed,St. Mary Ottawa Holy Pascha extracted text.
Tuesday,Ninth Hour,pascha_source_text,holy_pascha,out/sources/St_Mary_Ottawa_Katameros_Holy_Pascha_EN.txt,5771,229,5,Prophecy,Proverbs 8:1-12,Prov 8:1-12,parsed,St. Mary Ottawa Holy Pascha extracted text.
Tuesday,Ninth Hour,pascha_source_text,holy_pascha,out/sources/St_Mary_Ottawa_Katameros_Holy_Pascha_EN.txt,5847,232,6,Psalm,Psalm 25:1-3,Ps 25:1-3,parsed,St. Mary Ottawa Holy Pascha extracted text.
Tuesday,Ninth Hour,pascha_source_text,holy_pascha,out/sources/St_Mary_Ottawa_Katameros_Holy_Pascha_EN.txt,5865,233,7,Gospel,Matthew 24:3-35,Matt 24:3-35,parsed,St. Mary Ottawa Holy Pascha extracted text.
Tuesday,Eleventh Hour,pascha_source_text,holy_pascha,out/sources/St_Mary_Ottawa_Katameros_Holy_Pascha_EN.txt,6015,238,1,Prophecy,Isaiah 30:25-30,Isa 30:25-30,parsed,St. Mary Ottawa Holy Pascha extracted text.
Tuesday,Eleventh Hour,pascha_source_text,holy_pascha,out/sources/St_Mary_Ottawa_Katameros_Holy_Pascha_EN.txt,6036,239,2,Prophecy,Proverbs 6:20-7:4,Prov 6:20-7:4,parsed,St. Mary Ottawa Holy Pascha extracted text.
Tuesday,Eleventh Hour,pascha_source_text,holy_pascha,out/sources/St_Mary_Ottawa_Katameros_Holy_Pascha_EN.txt,6129,243,3,Psalm,Psalm 12:3-4,Ps 12:3-4,parsed,St. Mary Ottawa Holy Pascha extracted text.
Tuesday,Eleventh Hour,pascha_source_text,holy_pascha,out/sources/St_Mary_Ottawa_Katameros_Holy_Pascha_EN.txt,6139,243,4,Gospel,Matthew 25:14-26:2,Matt 25:14-26:2,parsed,St. Mary Ottawa Holy Pascha extracted text.
Wednesday Eve,First Hour,pascha_source_text,holy_pascha,out/sources/St_Mary_Ottawa_Katameros_Holy_Pascha_EN.txt,6338,251,1,Prophecy,Ezekiel 22:17-22,Ezek 22:17-22,parsed,St. Mary Ottawa Holy Pascha extracted text.
Wednesday Eve,First Hour,pascha_source_text,holy_pascha,out/sources/St_Mary_Ottawa_Katameros_Holy_Pascha_EN.txt,6361,252,2,Prophecy,Ezekiel 22:23-28,Ezek 22:23-28,parsed,St. Mary Ottawa Holy Pascha extracted text.
Wednesday Eve,First Hour,pascha_source_text,holy_pascha,out/sources/St_Mary_Ottawa_Katameros_Holy_Pascha_EN.txt,6406,254,3,Psalm,Psalm 59:16-17,Ps 59:16-17,parsed,St. Mary Ottawa Holy Pascha extracted text.
Wednesday Eve,First Hour,pascha_source_text,holy_pascha,out/sources/St_Mary_Ottawa_Katameros_Holy_Pascha_EN.txt,6413,254,4,Gospel,Matthew 22:1-14,Matt 22:1-14,parsed,St. Mary Ottawa Holy Pascha extracted text.
Wednesday Eve,Third Hour,pascha_source_text,holy_pascha,out/sources/St_Mary_Ottawa_Katameros_Holy_Pascha_EN.txt,6545,259,1,Prophecy,Amos 5:18-27,Amos 5:18-27,parsed,St. Mary Ottawa Holy Pascha extracted text.
Wednesday Eve,Third Hour,pascha_source_text,holy_pascha,out/sources/St_Mary_Ottawa_Katameros_Holy_Pascha_EN.txt,6596,261,2,Psalm,Psalm 65:4,Ps 65:4,parsed,St. Mary Ottawa Holy Pascha extracted text.
Wednesday Eve,Third Hour,pascha_source_text,holy_pascha,out/sources/St_Mary_Ottawa_Katameros_Holy_Pascha_EN.txt,6623,262,3,Gospel,Matthew 24:36-51,Matt 24:36-51,parsed,St. Mary Ottawa Holy Pascha extracted text.
Wednesday Eve,Sixth Hour,pascha_source_text,holy_pascha,out/sources/St_Mary_Ottawa_Katameros_Holy_Pascha_EN.txt,6713,266,1,Prophecy,Jeremiah 16:9-13,Jer 16:9-13,parsed,St. Mary Ottawa Holy Pascha extracted text.
Wednesday Eve,Sixth Hour,pascha_source_text,holy_pascha,out/sources/St_Mary_Ottawa_Katameros_Holy_Pascha_EN.txt,6763,268,2,Psalm,"Psalm 102:1,2","Ps 102:1,102:2",parsed,St. Mary Ottawa Holy Pascha extracted text.
Wednesday Eve,Sixth Hour,pascha_source_text,holy_pascha,out/sources/St_Mary_Ottawa_Katameros_Holy_Pascha_EN.txt,6776,269,3,Gospel,Matthew 25:1-13,Matt 25:1-13,parsed,St. Mary Ottawa Holy Pascha extracted text.
Wednesday Eve,Ninth Hour,pascha_source_text,holy_pascha,out/sources/St_Mary_Ottawa_Katameros_Holy_Pascha_EN.txt,6875,272,1,Prophecy,Hosea 9:14-10:2,Hos 9:14-10:2,parsed,St. Mary Ottawa Holy Pascha extracted text.
Wednesday Eve,Ninth Hour,pascha_source_text,holy_pascha,out/sources/St_Mary_Ottawa_Katameros_Holy_Pascha_EN.txt,6911,274,2,Psalm,Psalm 22:20-21,Ps 22:20-21,parsed,St. Mary Ottawa Holy Pascha extracted text.
Wednesday Eve,Ninth Hour,pascha_source_text,holy_pascha,out/sources/St_Mary_Ottawa_Katameros_Holy_Pascha_EN.txt,6916,274,3,Gospel,Matthew 23:29-36,Matt 23:29-36,parsed,St. Mary Ottawa Holy Pascha extracted text.
Wednesday Eve,Eleventh Hour,pascha_source_text,holy_pascha,out/sources/St_Mary_Ottawa_Katameros_Holy_Pascha_EN.txt,7021,278,1,Prophecy,Wisdom of Solomon 7:24-30,Wis 7:24-30,parsed,St. Mary Ottawa Holy Pascha extracted text.
Wednesday Eve,Eleventh Hour,pascha_source_text,holy_pascha,out/sources/St_Mary_Ottawa_Katameros_Holy_Pascha_EN.txt,7055,280,2,Psalm,Psalm 57:1,Ps 57:1,parsed,St. Mary Ottawa Holy Pascha extracted text.
Wednesday Eve,Eleventh Hour,pascha_source_text,holy_pascha,out/sources/St_Mary_Ottawa_Katameros_Holy_Pascha_EN.txt,7072,281,3,Gospel,John 11:55-57,Jn 11:55-57,parsed,St. Mary Ottawa Holy Pascha extracted text.
Wednesday,First Hour,pascha_source_text,holy_pascha,out/sources/St_Mary_Ottawa_Katameros_Holy_Pascha_EN.txt,7173,285,1,Prophecy,Exodus 17:1-7,Exod 17:1-7,parsed,St. Mary Ottawa Holy Pascha extracted text.
Wednesday,First Hour,pascha_source_text,holy_pascha,out/sources/St_Mary_Ottawa_Katameros_Holy_Pascha_EN.txt,7197,286,2,Prophecy,Proverbs 3:5-14,Prov 3:5-14,parsed,St. Mary Ottawa Holy Pascha extracted text.
Wednesday,First Hour,pascha_source_text,holy_pascha,out/sources/St_Mary_Ottawa_Katameros_Holy_Pascha_EN.txt,7218,287,3,Prophecy,Hosea 5:13-6:3,Hos 5:13-6:3,parsed,St. Mary Ottawa Holy Pascha extracted text.
Wednesday,First Hour,pascha_source_text,holy_pascha,out/sources/St_Mary_Ottawa_Katameros_Holy_Pascha_EN.txt,7341,292,4,Psalm,"Psalm 51:4, 33:10","Ps 51:4,33:10",parsed,St. Mary Ottawa Holy Pascha extracted text.
Wednesday,First Hour,pascha_source_text,holy_pascha,out/sources/St_Mary_Ottawa_Katameros_Holy_Pascha_EN.txt,7351,292,5,Gospel,John 11:46-57,Jn 11:46-57,parsed,St. Mary Ottawa Holy Pascha extracted text.
Wednesday,Third Hour,pascha_source_text,holy_pascha,out/sources/St_Mary_Ottawa_Katameros_Holy_Pascha_EN.txt,7463,296,1,Prophecy,Exodus 13:17-22,Exod 13:17-22,parsed,St. Mary Ottawa Holy Pascha extracted text.
Wednesday,Third Hour,pascha_source_text,holy_pascha,out/sources/St_Mary_Ottawa_Katameros_Holy_Pascha_EN.txt,7493,297,2,Prophecy,Sirach 22:7-18,Sir 22:7-18,parsed,St. Mary Ottawa Holy Pascha extracted text.
Wednesday,Third Hour,pascha_source_text,holy_pascha,out/sources/St_Mary_Ottawa_Katameros_Holy_Pascha_EN.txt,7519,298,3,Prophecy,Job 27:16-28:2,Job 27:16-28:2,parsed,St. Mary Ottawa Holy Pascha extracted text.
Wednesday,Third Hour,pascha_source_text,holy_pascha,out/sources/St_Mary_Ottawa_Katameros_Holy_Pascha_EN.txt,7552,299,4,Prophecy,"Proverbs 4:4-27, 5:1-4","Prov 4:4-27,5:1-4",parsed,St. Mary Ottawa Holy Pascha extracted text.
Wednesday,Third Hour,pascha_source_text,holy_pascha,out/sources/St_Mary_Ottawa_Katameros_Holy_Pascha_EN.txt,7596,301,5,Psalm,"Psalm 41:6, 1","Ps 41:6,41:1",parsed,St. Mary Ottawa Holy Pascha extracted text.
Wednesday,Third Hour,pascha_source_text,holy_pascha,out/sources/St_Mary_Ottawa_Katameros_Holy_Pascha_EN.txt,7610,302,6,Gospel,Luke 22:1-6,Lk 22:1-6,parsed,St. Mary Ottawa Holy Pascha extracted text.
Wednesday,Sixth Hour,pascha_source_text,holy_pascha,out/sources/St_Mary_Ottawa_Katameros_Holy_Pascha_EN.txt,7701,305,1,Prophecy,Exodus 14:13-15:1,Exod 14:13-15:1,parsed,St. Mary Ottawa Holy Pascha extracted text.
Wednesday,Ninth Hour,pascha_source_text,holy_pascha,out/sources/St_Mary_Ottawa_Katameros_Holy_Pascha_EN.txt,7779,308,1,Prophecy,Isaiah 48:1-6,Isa 48:1-6,parsed,St. Mary Ottawa Holy Pascha extracted text.
Wednesday,Ninth Hour,pascha_source_text,holy_pascha,out/sources/St_Mary_Ottawa_Katameros_Holy_Pascha_EN.txt,7808,309,2,Prophecy,Sirach 23:7-14,Sir 23:7-14,parsed,St. Mary Ottawa Holy Pascha extracted text.
Wednesday,Ninth Hour,pascha_source_text,holy_pascha,out/sources/St_Mary_Ottawa_Katameros_Holy_Pascha_EN.txt,7839,311,3,Psalm,"Psalm 83:2, 5","Ps 83:2,83:5",parsed,St. Mary Ottawa Holy Pascha extracted text.
Wednesday,Ninth Hour,pascha_source_text,holy_pascha,out/sources/St_Mary_Ottawa_Katameros_Holy_Pascha_EN.txt,7857,312,4,Gospel,John 12:1-8,Jn 12:1-8,parsed,St. Mary Ottawa Holy Pascha extracted text.
Wednesday,Ninth Hour,pascha_source_text,holy_pascha,out/sources/St_Mary_Ottawa_Katameros_Holy_Pascha_EN.txt,7954,315,5,Prophecy,Genesis 24:1-9,Gen 24:1-9,parsed,St. Mary Ottawa Holy Pascha extracted text.
Wednesday,Ninth Hour,pascha_source_text,holy_pascha,out/sources/St_Mary_Ottawa_Katameros_Holy_Pascha_EN.txt,7980,316,6,Prophecy,Numbers 20:1-13,Num 20:1-13,parsed,St. Mary Ottawa Holy Pascha extracted text.
Wednesday,Ninth Hour,pascha_source_text,holy_pascha,out/sources/St_Mary_Ottawa_Katameros_Holy_Pascha_EN.txt,8038,318,7,Prophecy,Proverbs 1:10-33,Prov 1:10-33,parsed,St. Mary Ottawa Holy Pascha extracted text.
Wednesday,Ninth Hour,pascha_source_text,holy_pascha,out/sources/St_Mary_Ottawa_Katameros_Holy_Pascha_EN.txt,8091,320,8,Prophecy,Isaiah 59:1-17,Isa 59:1-17,parsed,St. Mary Ottawa Holy Pascha extracted text.
Wednesday,Ninth Hour,pascha_source_text,holy_pascha,out/sources/St_Mary_Ottawa_Katameros_Holy_Pascha_EN.txt,8133,322,9,Prophecy,Zechariah 11:11-14,Zech 11:11-14,parsed,St. Mary Ottawa Holy Pascha extracted text.
Wednesday,Ninth Hour,pascha_source_text,holy_pascha,out/sources/St_Mary_Ottawa_Katameros_Holy_Pascha_EN.txt,8190,325,10,Psalm,Psalm 41:5-7,Ps 41:5-7,parsed,St. Mary Ottawa Holy Pascha extracted text.
Wednesday,Ninth Hour,pascha_source_text,holy_pascha,out/sources/St_Mary_Ottawa_Katameros_Holy_Pascha_EN.txt,8208,326,11,Gospel,Matthew 26:3-16,Matt 26:3-16,parsed,St. Mary Ottawa Holy Pascha extracted text.
Wednesday,Eleventh Hour,pascha_source_text,holy_pascha,out/sources/St_Mary_Ottawa_Katameros_Holy_Pascha_EN.txt,8334,330,1,Prophecy,Isaiah 28:16-29,Isa 28:16-29,parsed,St. Mary Ottawa Holy Pascha extracted text.
Wednesday,Eleventh Hour,pascha_source_text,holy_pascha,out/sources/St_Mary_Ottawa_Katameros_Holy_Pascha_EN.txt,8419,334,2,Psalm,"Psalm 6:2, 3, 69:17","Ps 6:2,6:3,69:17",parsed,St. Mary Ottawa Holy Pascha extracted text.
Wednesday,Eleventh Hour,pascha_source_text,holy_pascha,out/sources/St_Mary_Ottawa_Katameros_Holy_Pascha_EN.txt,8437,335,3,Gospel,John 12:27-36,Jn 12:27-36,parsed,St. Mary Ottawa Holy Pascha extracted text.
Great Thursday Eve,First Hour,pascha_source_text,holy_pascha,out/sources/St_Mary_Ottawa_Katameros_Holy_Pascha_EN.txt,8540,339,1,Prophecy,Ezekiel 43:5-11,Ezek 43:5-11,parsed,St. Mary Ottawa Holy Pascha extracted text.
Thursday Eve,First Hour,pascha_source_text,holy_pascha,out/sources/St_Mary_Ottawa_Katameros_Holy_Pascha_EN.txt,8593,341,1,Psalm,"Psalm 69:1, 16","Ps 69:1,69:16",parsed,St. Mary Ottawa Holy Pascha extracted text.
Thursday Eve,First Hour,pascha_source_text,holy_pascha,out/sources/St_Mary_Ottawa_Katameros_Holy_Pascha_EN.txt,8607,342,2,Gospel,John 10:17-21,Jn 10:17-21,parsed,St. Mary Ottawa Holy Pascha extracted text.
Great Thursday Eve,Third Hour,pascha_source_text,holy_pascha,out/sources/St_Mary_Ottawa_Katameros_Holy_Pascha_EN.txt,8690,345,1,Prophecy,Amos 4:4-13,Amos 4:4-13,parsed,St. Mary Ottawa Holy Pascha extracted text.
Thursday Eve,Third Hour,pascha_source_text,holy_pascha,out/sources/St_Mary_Ottawa_Katameros_Holy_Pascha_EN.txt,8758,348,1,Psalm,"Psalm 55:21, 1","Ps 55:21,55:1",parsed,St. Mary Ottawa Holy Pascha extracted text.
Thursday Eve,Third Hour,pascha_source_text,holy_pascha,out/sources/St_Mary_Ottawa_Katameros_Holy_Pascha_EN.txt,8775,348,2,Gospel,Mark 14:3-11,Mark 14:3-11,parsed,St. Mary Ottawa Holy Pascha extracted text.
Great Thursday Eve,Sixth Hour,pascha_source_text,holy_pascha,out/sources/St_Mary_Ottawa_Katameros_Holy_Pascha_EN.txt,8861,352,1,Prophecy,Amos 3:1-11,Amos 3:1-11,parsed,St. Mary Ottawa Holy Pascha extracted text.
Thursday Eve,Sixth Hour,pascha_source_text,holy_pascha,out/sources/St_Mary_Ottawa_Katameros_Holy_Pascha_EN.txt,8913,354,1,Psalm,"Psalm 140:1,2","Ps 140:1,140:2",parsed,St. Mary Ottawa Holy Pascha extracted text.
Thursday Eve,Sixth Hour,pascha_source_text,holy_pascha,out/sources/St_Mary_Ottawa_Katameros_Holy_Pascha_EN.txt,8926,355,2,Gospel,John 12:36-43,Jn 12:36-43,parsed,St. Mary Ottawa Holy Pascha extracted text.
Great Thursday Eve,Ninth Hour,pascha_source_text,holy_pascha,out/sources/St_Mary_Ottawa_Katameros_Holy_Pascha_EN.txt,9049,359,1,Prophecy,Ezekiel 20:27-33,Ezek 20:27-33,parsed,St. Mary Ottawa Holy Pascha extracted text.
Thursday Eve,Ninth Hour,pascha_source_text,holy_pascha,out/sources/St_Mary_Ottawa_Katameros_Holy_Pascha_EN.txt,9080,361,1,Psalm,Psalm 7:1-2,Ps 7:1-2,parsed,St. Mary Ottawa Holy Pascha extracted text.
Thursday Eve,Ninth Hour,pascha_source_text,holy_pascha,out/sources/St_Mary_Ottawa_Katameros_Holy_Pascha_EN.txt,9100,362,2,Gospel,John 10:29-38,Jn 10:29-38,parsed,St. Mary Ottawa Holy Pascha extracted text.
Great Thursday Eve,Eleventh Hour,pascha_source_text,holy_pascha,out/sources/St_Mary_Ottawa_Katameros_Holy_Pascha_EN.txt,9194,365,1,Prophecy,Jeremiah 8:4-9,Jer 8:4-9,parsed,St. Mary Ottawa Holy Pascha extracted text.
Thursday Eve,Eleventh Hour,pascha_source_text,holy_pascha,out/sources/St_Mary_Ottawa_Katameros_Holy_Pascha_EN.txt,9225,367,1,Psalm,"Psalm 62:7, 6","Ps 62:7,62:6",parsed,St. Mary Ottawa Holy Pascha extracted text.
Thursday Eve,Eleventh Hour,pascha_source_text,holy_pascha,out/sources/St_Mary_Ottawa_Katameros_Holy_Pascha_EN.txt,9233,367,2,Gospel,John 12:44-50,Jn 12:44-50,parsed,St. Mary Ottawa Holy Pascha extracted text.
Great Thursday,First Hour,pascha_source_text,holy_pascha,out/sources/St_Mary_Ottawa_Katameros_Holy_Pascha_EN.txt,9346,372,1,Prophecy,Exodus 17:8-16,Exod 17:8-16,parsed,St. Mary Ottawa Holy Pascha extracted text.
Great Thursday,First Hour,pascha_source_text,holy_pascha,out/sources/St_Mary_Ottawa_Katameros_Holy_Pascha_EN.txt,9373,373,2,Prophecy,Exodus 15:23-16:3,Exod 15:23-16:3,parsed,St. Mary Ottawa Holy Pascha extracted text.
Great Thursday,First Hour,pascha_source_text,holy_pascha,out/sources/St_Mary_Ottawa_Katameros_Holy_Pascha_EN.txt,9429,375,3,Prophecy,Isaiah 58:1-11,Isa 58:1-11,parsed,St. Mary Ottawa Holy Pascha extracted text.
Great Thursday,First Hour,pascha_source_text,holy_pascha,out/sources/St_Mary_Ottawa_Katameros_Holy_Pascha_EN.txt,9458,376,4,Prophecy,Ezekiel 18:20-32,Ezek 18:20-32,parsed,St. Mary Ottawa Holy Pascha extracted text.
Great Thursday,First Hour,pascha_source_text,holy_pascha,out/sources/St_Mary_Ottawa_Katameros_Holy_Pascha_EN.txt,9605,381,5,Acts,Acts 1:15-20,Acts 1:15-20,parsed,St. Mary Ottawa Holy Pascha extracted text.
Great Thursday,First Hour,pascha_source_text,holy_pascha,out/sources/St_Mary_Ottawa_Katameros_Holy_Pascha_EN.txt,9710,386,6,Gospel,Luke 22:7-13,Lk 22:7-13,parsed,St. Mary Ottawa Holy Pascha extracted text.
Great Thursday,Third Hour,pascha_source_text,holy_pascha,out/sources/St_Mary_Ottawa_Katameros_Holy_Pascha_EN.txt,9808,389,1,Prophecy,Exodus 32:30-33:5,Exod 32:30-33:5,parsed,St. Mary Ottawa Holy Pascha extracted text.
Great Thursday,Third Hour,pascha_source_text,holy_pascha,out/sources/St_Mary_Ottawa_Katameros_Holy_Pascha_EN.txt,9854,391,2,Prophecy,Sirach 24:1-11,Sir 24:1-11,parsed,St. Mary Ottawa Holy Pascha extracted text.
Great Thursday,Third Hour,pascha_source_text,holy_pascha,out/sources/St_Mary_Ottawa_Katameros_Holy_Pascha_EN.txt,9876,392,3,Prophecy,Zechariah 9:11-14,Zech 9:11-14,parsed,St. Mary Ottawa Holy Pascha extracted text.
Great Thursday,Third Hour,pascha_source_text,holy_pascha,out/sources/St_Mary_Ottawa_Katameros_Holy_Pascha_EN.txt,9897,393,4,Prophecy,Proverbs 30:2-6,Prov 30:2-6,parsed,St. Mary Ottawa Holy Pascha extracted text.
Great Thursday,Third Hour,pascha_source_text,holy_pascha,out/sources/St_Mary_Ottawa_Katameros_Holy_Pascha_EN.txt,9920,394,5,Psalm,"Psalm 94:21, 23","Ps 94:21,94:23",parsed,St. Mary Ottawa Holy Pascha extracted text.
Great Thursday,Third Hour,pascha_source_text,holy_pascha,out/sources/St_Mary_Ottawa_Katameros_Holy_Pascha_EN.txt,9934,395,6,Gospel,Matthew 26:17-19,Matt 26:17-19,parsed,St. Mary Ottawa Holy Pascha extracted text.
Great Thursday,Sixth Hour,pascha_source_text,holy_pascha,out/sources/St_Mary_Ottawa_Katameros_Holy_Pascha_EN.txt,10028,398,1,Prophecy,Jeremiah 7:2-15,Jer 7:2-15,parsed,St. Mary Ottawa Holy Pascha extracted text.
Great Thursday,Sixth Hour,pascha_source_text,holy_pascha,out/sources/St_Mary_Ottawa_Katameros_Holy_Pascha_EN.txt,10080,400,2,Prophecy,Ezekiel 20:39-44,Ezek 20:39-44,parsed,St. Mary Ottawa Holy Pascha extracted text.
Great Thursday,Sixth Hour,pascha_source_text,holy_pascha,out/sources/St_Mary_Ottawa_Katameros_Holy_Pascha_EN.txt,10103,401,3,Prophecy,Sirach 23:7-14,Sir 23:7-14,parsed,St. Mary Ottawa Holy Pascha extracted text.
Great Thursday,Sixth Hour,pascha_source_text,holy_pascha,out/sources/St_Mary_Ottawa_Katameros_Holy_Pascha_EN.txt,10126,402,4,Psalm,"Psalm 31:18, 13","Ps 31:18,31:13",parsed,St. Mary Ottawa Holy Pascha extracted text.
Great Thursday,Sixth Hour,pascha_source_text,holy_pascha,out/sources/St_Mary_Ottawa_Katameros_Holy_Pascha_EN.txt,10144,403,5,Gospel,Mark 14:12-16,Mark 14:12-16,parsed,St. Mary Ottawa Holy Pascha extracted text.
Thursday,Ninth Hour,pascha_source_text,holy_pascha,out/sources/St_Mary_Ottawa_Katameros_Holy_Pascha_EN.txt,10235,406,1,Prophecy,Genesis 22:1-19,Gen 22:1-19,parsed,St. Mary Ottawa Holy Pascha extracted text.
Great Thursday,Ninth Hour,pascha_source_text,holy_pascha,out/sources/St_Mary_Ottawa_Katameros_Holy_Pascha_EN.txt,10294,408,1,Prophecy,Isaiah 61:1-6,Isa 61:1-6,parsed,St. Mary Ottawa Holy Pascha extracted text.
Great Thursday,Ninth Hour,pascha_source_text,holy_pascha,out/sources/St_Mary_Ottawa_Katameros_Holy_Pascha_EN.txt,10315,409,2,Prophecy,Genesis 14:17-20,Gen 14:17-20,parsed,St. Mary Ottawa Holy Pascha extracted text.
Great Thursday,Ninth Hour,pascha_source_text,holy_pascha,out/sources/St_Mary_Ottawa_Katameros_Holy_Pascha_EN.txt,10351,410,3,Prophecy,Job 27:2-28:13,Job 27:2-28:13,parsed,St. Mary Ottawa Holy Pascha extracted text.
Great Thursday,Ninth Hour,pascha_source_text,holy_pascha,out/sources/St_Mary_Ottawa_Katameros_Holy_Pascha_EN.txt,10446,414,4,Psalm,Psalm 41:5-7,Ps 41:5-7,parsed,St. Mary Ottawa Holy Pascha extracted text.
Great Thursday,Ninth Hour,pascha_source_text,holy_pascha,out/sources/St_Mary_Ottawa_Katameros_Holy_Pascha_EN.txt,10462,415,5,Gospel,Matthew 26:3-16,Matt 26:3-16,parsed,St. Mary Ottawa Holy Pascha extracted text.
Great Thursday,Liturgy of Blessing of the Water,pascha_source_text,holy_pascha,out/sources/St_Mary_Ottawa_Katameros_Holy_Pascha_EN.txt,10635,421,1,Prophecy,Genesis 18:1-23,Gen 18:1-23,parsed,St. Mary Ottawa Holy Pascha extracted text.
Great Thursday,Liturgy of Blessing of the Water,pascha_source_text,holy_pascha,out/sources/St_Mary_Ottawa_Katameros_Holy_Pascha_EN.txt,10693,423,2,Prophecy,Proverbs 9:1-11,Prov 9:1-11,parsed,St. Mary Ottawa Holy Pascha extracted text.
Great Thursday,Liturgy of Blessing of the Water,pascha_source_text,holy_pascha,out/sources/St_Mary_Ottawa_Katameros_Holy_Pascha_EN.txt,10741,425,3,Prophecy,Isaiah 4:2-4,Isa 4:2-4,parsed,St. Mary Ottawa Holy Pascha extracted text.
Great Thursday,Liturgy of Blessing of the Water,pascha_source_text,holy_pascha,out/sources/St_Mary_Ottawa_Katameros_Holy_Pascha_EN.txt,10774,426,4,Prophecy,Isaiah 55:1-13-56:1,Isa 55:1-56:1,parsed,St. Mary Ottawa Holy Pascha extracted text.
Great Thursday,Liturgy of Blessing of the Water,pascha_source_text,holy_pascha,out/sources/St_Mary_Ottawa_Katameros_Holy_Pascha_EN.txt,10802,428,5,Prophecy,Ezekiel 36:25-29,Ezek 36:25-29,parsed,St. Mary Ottawa Holy Pascha extracted text.
Great Thursday,Liturgy of Blessing of the Water,pascha_source_text,holy_pascha,out/sources/St_Mary_Ottawa_Katameros_Holy_Pascha_EN.txt,10823,429,6,Prophecy,Ezekiel 47:1-9,Ezek 47:1-9,parsed,St. Mary Ottawa Holy Pascha extracted text.
Great Thursday,Liturgy of Blessing of the Water,pascha_source_text,holy_pascha,out/sources/St_Mary_Ottawa_Katameros_Holy_Pascha_EN.txt,10904,431,7,Pauline,1 Timothy 4:9-5:10,1Tim 4:9-5:10,parsed,St. Mary Ottawa Holy Pascha extracted text.
Great Thursday,Liturgy of Blessing of the Water,pascha_source_text,holy_pascha,out/sources/St_Mary_Ottawa_Katameros_Holy_Pascha_EN.txt,10949,433,8,Psalm,"Psalm 51:7, 10","Ps 51:7,51:10",parsed,St. Mary Ottawa Holy Pascha extracted text.
Great Thursday,Liturgy of Blessing of the Water,pascha_source_text,holy_pascha,out/sources/St_Mary_Ottawa_Katameros_Holy_Pascha_EN.txt,10973,434,9,Gospel,John 13:1-17,Jn 13:1-17,parsed,St. Mary Ottawa Holy Pascha extracted text.
the Covenant Thursday,Liturgy,pascha_source_text,holy_pascha,out/sources/St_Mary_Ottawa_Katameros_Holy_Pascha_EN.txt,11633,458,1,Pauline,1 Corinthians 11:23-34,1Cor 11:23-34,parsed,St. Mary Ottawa Holy Pascha extracted text.
the Covenant Thursday,Liturgy,pascha_source_text,holy_pascha,out/sources/St_Mary_Ottawa_Katameros_Holy_Pascha_EN.txt,11696,460,2,Psalm,"Psalm 23:5, 41:9","Ps 23:5,41:9",parsed,St. Mary Ottawa Holy Pascha extracted text.
the Covenant Thursday,Liturgy,pascha_source_text,holy_pascha,out/sources/St_Mary_Ottawa_Katameros_Holy_Pascha_EN.txt,11711,461,3,Gospel,Matthew 26:20-29,Matt 26:20-29,parsed,St. Mary Ottawa Holy Pascha extracted text.
Great Thursday,Eleventh Hour,pascha_source_text,holy_pascha,out/sources/St_Mary_Ottawa_Katameros_Holy_Pascha_EN.txt,11778,463,1,Prophecy,Isaiah 52:13-53:12,Isa 52:13-53:12,parsed,St. Mary Ottawa Holy Pascha extracted text.
Great Thursday,Eleventh Hour,pascha_source_text,holy_pascha,out/sources/St_Mary_Ottawa_Katameros_Holy_Pascha_EN.txt,11849,465,2,Prophecy,Isaiah 19:19-25,Isa 19:19-25,parsed,St. Mary Ottawa Holy Pascha extracted text.
Great Thursday,Eleventh Hour,pascha_source_text,holy_pascha,out/sources/St_Mary_Ottawa_Katameros_Holy_Pascha_EN.txt,11882,466,3,Prophecy,"Zechariah 12:11-14:1-3, 6-9","Zech 12:11-14:3,14:6-9",parsed,St. Mary Ottawa Holy Pascha extracted text.
Great Thursday,Eleventh Hour,pascha_source_text,holy_pascha,out/sources/St_Mary_Ottawa_Katameros_Holy_Pascha_EN.txt,11943,469,4,Psalm,"Psalm 50:17,18","Ps 50:17,50:18",parsed,St. Mary Ottawa Holy Pascha extracted text.
Great Thursday,Eleventh Hour,pascha_source_text,holy_pascha,out/sources/St_Mary_Ottawa_Katameros_Holy_Pascha_EN.txt,11952,469,5,Gospel,John 13:21-30,Jn 13:21-30,parsed,St. Mary Ottawa Holy Pascha extracted text.
Great Thursday Eve,First Hour,pascha_source_text,holy_pascha,out/sources/St_Mary_Ottawa_Katameros_Holy_Pascha_EN.txt,12097,475,2,Prophecy,Jeremiah 8:17-9:6,Jer 8:17-9:6,parsed,St. Mary Ottawa Holy Pascha extracted text.
Good Friday Eve,First Hour,pascha_source_text,holy_pascha,out/sources/St_Mary_Ottawa_Katameros_Holy_Pascha_EN.txt,12153,477,1,Psalm,"Psalm 102:1, 8","Ps 102:1,102:8",parsed,St. Mary Ottawa Holy Pascha extracted text.
Good Friday Eve,First Hour,pascha_source_text,holy_pascha,out/sources/St_Mary_Ottawa_Katameros_Holy_Pascha_EN.txt,12168,478,2,Gospel,John 13:33-14:25,Jn 13:33-14:25,parsed,St. Mary Ottawa Holy Pascha extracted text.
Good Friday Eve,First Hour,pascha_source_text,holy_pascha,out/sources/St_Mary_Ottawa_Katameros_Holy_Pascha_EN.txt,12251,481,3,Gospel,John 14:26-15:25,Jn 14:26-15:25,parsed,St. Mary Ottawa Holy Pascha extracted text.
Good Friday Eve,First Hour,pascha_source_text,holy_pascha,out/sources/St_Mary_Ottawa_Katameros_Holy_Pascha_EN.txt,12353,484,4,Gospel,John 15:26-16:33,Jn 15:26-16:33,parsed,St. Mary Ottawa Holy Pascha extracted text.
Good Friday Eve,First Hour,pascha_source_text,holy_pascha,out/sources/St_Mary_Ottawa_Katameros_Holy_Pascha_EN.txt,12448,487,5,Gospel,John 17:1-26,Jn 17:1-26,parsed,St. Mary Ottawa Holy Pascha extracted text.
Great Thursday Eve,Third Hour,pascha_source_text,holy_pascha,out/sources/St_Mary_Ottawa_Katameros_Holy_Pascha_EN.txt,12592,493,2,Prophecy,Ezekiel 36:16-23,Ezek 36:16-23,parsed,St. Mary Ottawa Holy Pascha extracted text.
Good Friday Eve,Third Hour,pascha_source_text,holy_pascha,out/sources/St_Mary_Ottawa_Katameros_Holy_Pascha_EN.txt,12643,495,1,Psalm,"Psalm 55:21, 1","Ps 55:21,55:1",parsed,St. Mary Ottawa Holy Pascha extracted text.
Good Friday Eve,Third Hour,pascha_source_text,holy_pascha,out/sources/St_Mary_Ottawa_Katameros_Holy_Pascha_EN.txt,12667,496,2,Gospel,Matthew 26:30-35,Matt 26:30-35,parsed,St. Mary Ottawa Holy Pascha extracted text.
Good Friday Eve,Third Hour,pascha_source_text,holy_pascha,out/sources/St_Mary_Ottawa_Katameros_Holy_Pascha_EN.txt,12696,497,3,Gospel,Mark 14:26-31,Mark 14:26-31,parsed,St. Mary Ottawa Holy Pascha extracted text.
Good Friday Eve,Third Hour,pascha_source_text,holy_pascha,out/sources/St_Mary_Ottawa_Katameros_Holy_Pascha_EN.txt,12727,498,4,Gospel,Luke 22:31-39,Lk 22:31-39,parsed,St. Mary Ottawa Holy Pascha extracted text.
Good Friday Eve,Third Hour,pascha_source_text,holy_pascha,out/sources/St_Mary_Ottawa_Katameros_Holy_Pascha_EN.txt,12747,499,5,Gospel,John 18:1-2,Jn 18:1-2,parsed,St. Mary Ottawa Holy Pascha extracted text.
Great Thursday Eve,Sixth Hour,pascha_source_text,holy_pascha,out/sources/St_Mary_Ottawa_Katameros_Holy_Pascha_EN.txt,12821,502,2,Prophecy,Ezekiel 22:23-28,Ezek 22:23-28,parsed,St. Mary Ottawa Holy Pascha extracted text.
Good Friday Eve,Sixth Hour,pascha_source_text,holy_pascha,out/sources/St_Mary_Ottawa_Katameros_Holy_Pascha_EN.txt,12866,504,1,Psalm,"Psalm 59:1, 69:20","Ps 59:1,69:20",parsed,St. Mary Ottawa Holy Pascha extracted text.
Good Friday Eve,Sixth Hour,pascha_source_text,holy_pascha,out/sources/St_Mary_Ottawa_Katameros_Holy_Pascha_EN.txt,12875,504,2,Gospel,Matthew 26:36-46,Matt 26:36-46,parsed,St. Mary Ottawa Holy Pascha extracted text.
Good Friday Eve,Sixth Hour,pascha_source_text,holy_pascha,out/sources/St_Mary_Ottawa_Katameros_Holy_Pascha_EN.txt,12916,506,3,Gospel,Mark 14:32-42,Mark 14:32-42,parsed,St. Mary Ottawa Holy Pascha extracted text.
Good Friday Eve,Sixth Hour,pascha_source_text,holy_pascha,out/sources/St_Mary_Ottawa_Katameros_Holy_Pascha_EN.txt,12950,507,4,Gospel,Luke 22:40-46,Lk 22:40-46,parsed,St. Mary Ottawa Holy Pascha extracted text.
Good Friday Eve,Sixth Hour,pascha_source_text,holy_pascha,out/sources/St_Mary_Ottawa_Katameros_Holy_Pascha_EN.txt,12972,508,5,Gospel,John 18:3-9,Jn 18:3-9,parsed,St. Mary Ottawa Holy Pascha extracted text.
Great Thursday Eve,Ninth Hour,pascha_source_text,holy_pascha,out/sources/St_Mary_Ottawa_Katameros_Holy_Pascha_EN.txt,13076,511,2,Prophecy,Jeremiah 9:7-11,Jer 9:7-11,parsed,St. Mary Ottawa Holy Pascha extracted text.
Good Friday Eve,Ninth Hour,pascha_source_text,holy_pascha,out/sources/St_Mary_Ottawa_Katameros_Holy_Pascha_EN.txt,13099,512,1,Prophecy,Ezekiel 21:28-32,Ezek 21:28-32,parsed,St. Mary Ottawa Holy Pascha extracted text.
Good Friday Eve,Ninth Hour,pascha_source_text,holy_pascha,out/sources/St_Mary_Ottawa_Katameros_Holy_Pascha_EN.txt,13112,513,2,Psalm,"Psalm 28:3,4, 35:4","Ps 28:3,28:4,35:4",parsed,St. Mary Ottawa Holy Pascha extracted text.
Good Friday Eve,Ninth Hour,pascha_source_text,holy_pascha,out/sources/St_Mary_Ottawa_Katameros_Holy_Pascha_EN.txt,13136,514,3,Gospel,Matthew 26:47-58,Matt 26:47-58,parsed,St. Mary Ottawa Holy Pascha extracted text.
Good Friday Eve,Ninth Hour,pascha_source_text,holy_pascha,out/sources/St_Mary_Ottawa_Katameros_Holy_Pascha_EN.txt,13168,515,4,Gospel,Mark 14:43-54,Mark 14:43-54,parsed,St. Mary Ottawa Holy Pascha extracted text.
Good Friday Eve,Ninth Hour,pascha_source_text,holy_pascha,out/sources/St_Mary_Ottawa_Katameros_Holy_Pascha_EN.txt,13200,516,5,Gospel,Luke 22:47-55,Lk 22:47-55,parsed,St. Mary Ottawa Holy Pascha extracted text.
Good Friday Eve,Ninth Hour,pascha_source_text,holy_pascha,out/sources/St_Mary_Ottawa_Katameros_Holy_Pascha_EN.txt,13230,517,6,Gospel,John 18:10-14,Jn 18:10-14,parsed,St. Mary Ottawa Holy Pascha extracted text.
Great Thursday Eve,Eleventh Hour,pascha_source_text,holy_pascha,out/sources/St_Mary_Ottawa_Katameros_Holy_Pascha_EN.txt,13331,520,2,Prophecy,Isaiah 27:11-28:15,Isa 27:11-28:15,parsed,St. Mary Ottawa Holy Pascha extracted text.
Good Friday Eve,Eleventh Hour,pascha_source_text,holy_pascha,out/sources/St_Mary_Ottawa_Katameros_Holy_Pascha_EN.txt,13402,523,1,Psalm,"Psalm 2:1-2, 4-5","Ps 2:1-2,2:4-5",parsed,St. Mary Ottawa Holy Pascha extracted text.
Good Friday Eve,Eleventh Hour,pascha_source_text,holy_pascha,out/sources/St_Mary_Ottawa_Katameros_Holy_Pascha_EN.txt,13422,524,2,Gospel,Matthew 26:59-75,Matt 26:59-75,parsed,St. Mary Ottawa Holy Pascha extracted text.
Good Friday Eve,Eleventh Hour,pascha_source_text,holy_pascha,out/sources/St_Mary_Ottawa_Katameros_Holy_Pascha_EN.txt,13474,526,3,Gospel,Mark 14:55-72,Mark 14:55-72,parsed,St. Mary Ottawa Holy Pascha extracted text.
Good Friday Eve,Eleventh Hour,pascha_source_text,holy_pascha,out/sources/St_Mary_Ottawa_Katameros_Holy_Pascha_EN.txt,13526,527,4,Gospel,Luke 22:56-65,Lk 22:56-65,parsed,St. Mary Ottawa Holy Pascha extracted text.
Good Friday Eve,Eleventh Hour,pascha_source_text,holy_pascha,out/sources/St_Mary_Ottawa_Katameros_Holy_Pascha_EN.txt,13557,529,5,Gospel,John 18:15-27,Jn 18:15-27,parsed,St. Mary Ottawa Holy Pascha extracted text.
Good Friday,First Hour,pascha_source_text,holy_pascha,out/sources/St_Mary_Ottawa_Katameros_Holy_Pascha_EN.txt,13706,534,1,Prophecy,Deuteronomy 8:19-9:24,Deut 8:19-9:24,parsed,St. Mary Ottawa Holy Pascha extracted text.
Good Friday,First Hour,pascha_source_text,holy_pascha,out/sources/St_Mary_Ottawa_Katameros_Holy_Pascha_EN.txt,13815,538,2,Prophecy,Isaiah 1:2-9,Isa 1:2-9,parsed,St. Mary Ottawa Holy Pascha extracted text.
Good Friday,First Hour,pascha_source_text,holy_pascha,out/sources/St_Mary_Ottawa_Katameros_Holy_Pascha_EN.txt,13848,539,3,Prophecy,Isaiah 2:10-21,Isa 2:10-21,parsed,St. Mary Ottawa Holy Pascha extracted text.
Good Friday,First Hour,pascha_source_text,holy_pascha,out/sources/St_Mary_Ottawa_Katameros_Holy_Pascha_EN.txt,13875,540,4,Prophecy,Jeremiah 22:29-23:6,Jer 22:29-23:6,parsed,St. Mary Ottawa Holy Pascha extracted text.
Good Friday,First Hour,pascha_source_text,holy_pascha,out/sources/St_Mary_Ottawa_Katameros_Holy_Pascha_EN.txt,13900,541,5,Prophecy,Zechariah 11:14,Zech 11:14,parsed,St. Mary Ottawa Holy Pascha extracted text.
Good Friday,First Hour,pascha_source_text,holy_pascha,out/sources/St_Mary_Ottawa_Katameros_Holy_Pascha_EN.txt,13934,542,6,Prophecy,Isaiah 24:1-13,Isa 24:1-13,parsed,St. Mary Ottawa Holy Pascha extracted text.
Good Friday,First Hour,pascha_source_text,holy_pascha,out/sources/St_Mary_Ottawa_Katameros_Holy_Pascha_EN.txt,13962,543,7,Prophecy,Wisdom of Solomon 2:12-22,Wis 2:12-22,parsed,St. Mary Ottawa Holy Pascha extracted text.
Good Friday,First Hour,pascha_source_text,holy_pascha,out/sources/St_Mary_Ottawa_Katameros_Holy_Pascha_EN.txt,13988,544,8,Prophecy,Job 12:17-13:1,Job 12:17-13:1,parsed,St. Mary Ottawa Holy Pascha extracted text.
Good Friday,First Hour,pascha_source_text,holy_pascha,out/sources/St_Mary_Ottawa_Katameros_Holy_Pascha_EN.txt,14009,545,9,Prophecy,Zechariah 11:11-14,Zech 11:11-14,parsed,St. Mary Ottawa Holy Pascha extracted text.
Good Friday,First Hour,pascha_source_text,holy_pascha,out/sources/St_Mary_Ottawa_Katameros_Holy_Pascha_EN.txt,14060,547,10,Prophecy,Micah 7:1-8,Mic 7:1-8,parsed,St. Mary Ottawa Holy Pascha extracted text.
Good Friday,First Hour,pascha_source_text,holy_pascha,out/sources/St_Mary_Ottawa_Katameros_Holy_Pascha_EN.txt,14101,549,11,Pauline,1 Corinthians 1:23-2:5,1Cor 1:23-2:5,parsed,St. Mary Ottawa Holy Pascha extracted text.
Good Friday,First Hour,pascha_source_text,holy_pascha,out/sources/St_Mary_Ottawa_Katameros_Holy_Pascha_EN.txt,14158,551,12,Psalm,"Psalm 27:12, 35:11, 12, 16","Ps 27:12,35:11,35:12,35:16",parsed,St. Mary Ottawa Holy Pascha extracted text.
Good Friday,First Hour,pascha_source_text,holy_pascha,out/sources/St_Mary_Ottawa_Katameros_Holy_Pascha_EN.txt,14176,552,13,Gospel,Matthew 27:1-14,Matt 27:1-14,parsed,St. Mary Ottawa Holy Pascha extracted text.
Good Friday,First Hour,pascha_source_text,holy_pascha,out/sources/St_Mary_Ottawa_Katameros_Holy_Pascha_EN.txt,14213,553,14,Gospel,Mark 15:1-5,Mark 15:1-5,parsed,St. Mary Ottawa Holy Pascha extracted text.
Good Friday,First Hour,pascha_source_text,holy_pascha,out/sources/St_Mary_Ottawa_Katameros_Holy_Pascha_EN.txt,14235,554,15,Gospel,Luke 22:66-23:12,Lk 22:66-23:12,parsed,St. Mary Ottawa Holy Pascha extracted text.
Good Friday,First Hour,pascha_source_text,holy_pascha,out/sources/St_Mary_Ottawa_Katameros_Holy_Pascha_EN.txt,14284,556,16,Gospel,John 18:28-40,Jn 18:28-40,parsed,St. Mary Ottawa Holy Pascha extracted text.
Good Friday,Third Hour,pascha_source_text,holy_pascha,out/sources/St_Mary_Ottawa_Katameros_Holy_Pascha_EN.txt,14410,560,1,Prophecy,Genesis 48:1-19,Gen 48:1-19,parsed,St. Mary Ottawa Holy Pascha extracted text.
Good Friday,Third Hour,pascha_source_text,holy_pascha,out/sources/St_Mary_Ottawa_Katameros_Holy_Pascha_EN.txt,14463,562,2,Prophecy,Isaiah 50:4-9,Isa 50:4-9,parsed,St. Mary Ottawa Holy Pascha extracted text.
Good Friday,Third Hour,pascha_source_text,holy_pascha,out/sources/St_Mary_Ottawa_Katameros_Holy_Pascha_EN.txt,14495,563,3,Prophecy,Isaiah 3:9-15,Isa 3:9-15,parsed,St. Mary Ottawa Holy Pascha extracted text.
Good Friday,Third Hour,pascha_source_text,holy_pascha,out/sources/St_Mary_Ottawa_Katameros_Holy_Pascha_EN.txt,14520,564,4,Prophecy,Isaiah 63:1-7,Isa 63:1-7,parsed,St. Mary Ottawa Holy Pascha extracted text.
Good Friday,Third Hour,pascha_source_text,holy_pascha,out/sources/St_Mary_Ottawa_Katameros_Holy_Pascha_EN.txt,14547,565,5,Prophecy,"Amos 9:4-5,7-10","Amos 9:4-5,9:7-10",parsed,St. Mary Ottawa Holy Pascha extracted text.
Good Friday,Third Hour,pascha_source_text,holy_pascha,out/sources/St_Mary_Ottawa_Katameros_Holy_Pascha_EN.txt,14580,566,6,Prophecy,"Job 29:21-25, 30:1-10","Job 29:21-25,30:1-10",parsed,St. Mary Ottawa Holy Pascha extracted text.
Good Friday,Third Hour,pascha_source_text,holy_pascha,out/sources/St_Mary_Ottawa_Katameros_Holy_Pascha_EN.txt,14617,568,7,Pauline,Colossians 2:13-15,Col 2:13-15,parsed,St. Mary Ottawa Holy Pascha extracted text.
Good Friday,Third Hour,pascha_source_text,holy_pascha,out/sources/St_Mary_Ottawa_Katameros_Holy_Pascha_EN.txt,14642,569,8,Psalm,Psalm 38:17& 22:16,Ps 38:17,parsed,St. Mary Ottawa Holy Pascha extracted text.
Good Friday,Third Hour,pascha_source_text,holy_pascha,out/sources/St_Mary_Ottawa_Katameros_Holy_Pascha_EN.txt,14667,570,9,Gospel,Matthew 27:15-26,Matt 27:15-26,parsed,St. Mary Ottawa Holy Pascha extracted text.
Good Friday,Third Hour,pascha_source_text,holy_pascha,out/sources/St_Mary_Ottawa_Katameros_Holy_Pascha_EN.txt,14698,571,10,Gospel,Mark 15:6-25,Mark 15:6-25,parsed,St. Mary Ottawa Holy Pascha extracted text.
Good Friday,Third Hour,pascha_source_text,holy_pascha,out/sources/St_Mary_Ottawa_Katameros_Holy_Pascha_EN.txt,14751,573,11,Gospel,Luke 23:13-25,Lk 23:13-25,parsed,St. Mary Ottawa Holy Pascha extracted text.
Good Friday,Third Hour,pascha_source_text,holy_pascha,out/sources/St_Mary_Ottawa_Katameros_Holy_Pascha_EN.txt,14788,574,12,Gospel,John 19:1-12,Jn 19:1-12,parsed,St. Mary Ottawa Holy Pascha extracted text.
Good Friday,Sixth Hour,pascha_source_text,holy_pascha,out/sources/St_Mary_Ottawa_Katameros_Holy_Pascha_EN.txt,14904,578,1,Prophecy,Numbers 21:1-9,Num 21:1-9,parsed,St. Mary Ottawa Holy Pascha extracted text.
Good Friday,Sixth Hour,pascha_source_text,holy_pascha,out/sources/St_Mary_Ottawa_Katameros_Holy_Pascha_EN.txt,14934,579,2,Prophecy,Isaiah 53:7-12,Isa 53:7-12,parsed,St. Mary Ottawa Holy Pascha extracted text.
Good Friday,Sixth Hour,pascha_source_text,holy_pascha,out/sources/St_Mary_Ottawa_Katameros_Holy_Pascha_EN.txt,14954,580,3,Prophecy,Isaiah 12:2-13:10,Isa 12:2-13:10,parsed,St. Mary Ottawa Holy Pascha extracted text.
Good Friday,Sixth Hour,pascha_source_text,holy_pascha,out/sources/St_Mary_Ottawa_Katameros_Holy_Pascha_EN.txt,15015,582,4,Prophecy,Amos 8:9-12,Amos 8:9-12,parsed,St. Mary Ottawa Holy Pascha extracted text.
Good Friday,Sixth Hour,pascha_source_text,holy_pascha,out/sources/St_Mary_Ottawa_Katameros_Holy_Pascha_EN.txt,15085,585,5,Pauline,Galatians 6:14-18,Gal 6:14-18,parsed,St. Mary Ottawa Holy Pascha extracted text.
Good Friday,Sixth Hour,pascha_source_text,holy_pascha,out/sources/St_Mary_Ottawa_Katameros_Holy_Pascha_EN.txt,15247,591,6,Psalm,"Psalm 37:21, 22, 21:16,17,8,9","Ps 37:21,37:22,21:16,21:17,21:8,21:9",parsed,St. Mary Ottawa Holy Pascha extracted text.
Good Friday,Sixth Hour,pascha_source_text,holy_pascha,out/sources/St_Mary_Ottawa_Katameros_Holy_Pascha_EN.txt,15268,592,7,Gospel,Matthew 27:27-45,Matt 27:27-45,parsed,St. Mary Ottawa Holy Pascha extracted text.
Good Friday,Sixth Hour,pascha_source_text,holy_pascha,out/sources/St_Mary_Ottawa_Katameros_Holy_Pascha_EN.txt,15320,594,8,Gospel,Mark 15:26-33,Mark 15:26-33,parsed,St. Mary Ottawa Holy Pascha extracted text.
Good Friday,Sixth Hour,pascha_source_text,holy_pascha,out/sources/St_Mary_Ottawa_Katameros_Holy_Pascha_EN.txt,15352,595,9,Gospel,Luke 23:26-44,Lk 23:26-44,parsed,St. Mary Ottawa Holy Pascha extracted text.
Good Friday,Sixth Hour,pascha_source_text,holy_pascha,out/sources/St_Mary_Ottawa_Katameros_Holy_Pascha_EN.txt,15406,597,10,Gospel,John 19:13-27,Jn 19:13-27,parsed,St. Mary Ottawa Holy Pascha extracted text.
Good Friday,Ninth Hour,pascha_source_text,holy_pascha,out/sources/St_Mary_Ottawa_Katameros_Holy_Pascha_EN.txt,15685,607,1,Prophecy,Jeremiah 11:18-12:13,Jer 11:18-12:13,parsed,St. Mary Ottawa Holy Pascha extracted text.
Good Friday,Ninth Hour,pascha_source_text,holy_pascha,out/sources/St_Mary_Ottawa_Katameros_Holy_Pascha_EN.txt,15745,609,2,Prophecy,Zechariah 14:6-11,Zech 14:6-11,parsed,St. Mary Ottawa Holy Pascha extracted text.
Good Friday,Ninth Hour,pascha_source_text,holy_pascha,out/sources/St_Mary_Ottawa_Katameros_Holy_Pascha_EN.txt,15774,610,3,Prophecy,"Joel 2:1-3, 2:10-11","Joel 2:1-3,2:10-11",parsed,St. Mary Ottawa Holy Pascha extracted text.
Good Friday,Ninth Hour,pascha_source_text,holy_pascha,out/sources/St_Mary_Ottawa_Katameros_Holy_Pascha_EN.txt,15847,613,4,Pauline,Philippians 2:4-11,Phil 2:4-11,parsed,St. Mary Ottawa Holy Pascha extracted text.
Good Friday,Ninth Hour,pascha_source_text,holy_pascha,out/sources/St_Mary_Ottawa_Katameros_Holy_Pascha_EN.txt,15975,618,5,Psalm,"Psalm 69:1-2, 21","Ps 69:1-2,69:21",parsed,St. Mary Ottawa Holy Pascha extracted text.
Good Friday,Ninth Hour,pascha_source_text,holy_pascha,out/sources/St_Mary_Ottawa_Katameros_Holy_Pascha_EN.txt,15992,619,6,Gospel,Matthew 27:46-50,Matt 27:46-50,parsed,St. Mary Ottawa Holy Pascha extracted text.
Good Friday,Ninth Hour,pascha_source_text,holy_pascha,out/sources/St_Mary_Ottawa_Katameros_Holy_Pascha_EN.txt,16015,620,7,Gospel,Mark 15:34-37,Mark 15:34-37,parsed,St. Mary Ottawa Holy Pascha extracted text.
Good Friday,Ninth Hour,pascha_source_text,holy_pascha,out/sources/St_Mary_Ottawa_Katameros_Holy_Pascha_EN.txt,16030,620,8,Gospel,Luke 23:45-46,Lk 23:45-46,parsed,St. Mary Ottawa Holy Pascha extracted text.
Good Friday,Ninth Hour,pascha_source_text,holy_pascha,out/sources/St_Mary_Ottawa_Katameros_Holy_Pascha_EN.txt,16047,621,9,Gospel,John 19:28-30,Jn 19:28-30,parsed,St. Mary Ottawa Holy Pascha extracted text.
Good Friday,Eleventh Hour,pascha_source_text,holy_pascha,out/sources/St_Mary_Ottawa_Katameros_Holy_Pascha_EN.txt,16178,625,1,Prophecy,Exodus 12:1-14,Exod 12:1-14,parsed,St. Mary Ottawa Holy Pascha extracted text.
Good Friday,Eleventh Hour,pascha_source_text,holy_pascha,out/sources/St_Mary_Ottawa_Katameros_Holy_Pascha_EN.txt,16231,627,2,Prophecy,Leviticus 23:5-12,Lev 23:5-12,parsed,St. Mary Ottawa Holy Pascha extracted text.
Good Friday,Eleventh Hour,pascha_source_text,holy_pascha,out/sources/St_Mary_Ottawa_Katameros_Holy_Pascha_EN.txt,16278,629,3,Pauline,Galatians 3:1-6,Gal 3:1-6,parsed,St. Mary Ottawa Holy Pascha extracted text.
Good Friday,Eleventh Hour,pascha_source_text,holy_pascha,out/sources/St_Mary_Ottawa_Katameros_Holy_Pascha_EN.txt,16321,631,4,Psalm,"Psalm 143:6, 7, 31:5","Ps 143:6,143:7,31:5",parsed,St. Mary Ottawa Holy Pascha extracted text.
Good Friday,Eleventh Hour,pascha_source_text,holy_pascha,out/sources/St_Mary_Ottawa_Katameros_Holy_Pascha_EN.txt,16332,631,5,Gospel,Matthew 27:51-56,Matt 27:51-56,parsed,St. Mary Ottawa Holy Pascha extracted text.
Good Friday,Eleventh Hour,pascha_source_text,holy_pascha,out/sources/St_Mary_Ottawa_Katameros_Holy_Pascha_EN.txt,16358,632,6,Gospel,Mark 15:38-41,Mark 15:38-41,parsed,St. Mary Ottawa Holy Pascha extracted text.
Good Friday,Eleventh Hour,pascha_source_text,holy_pascha,out/sources/St_Mary_Ottawa_Katameros_Holy_Pascha_EN.txt,16381,633,7,Gospel,Luke 23:47-49,Lk 23:47-49,parsed,St. Mary Ottawa Holy Pascha extracted text.
Good Friday,Eleventh Hour,pascha_source_text,holy_pascha,out/sources/St_Mary_Ottawa_Katameros_Holy_Pascha_EN.txt,16402,634,8,Gospel,John 19:31-37,Jn 19:31-37,parsed,St. Mary Ottawa Holy Pascha extracted text.
Good Friday,Twelfth Hour,pascha_source_text,holy_pascha,out/sources/St_Mary_Ottawa_Katameros_Holy_Pascha_EN.txt,16527,638,1,Prophecy,Lamentations 3:1-66,Lam 3:1-66,parsed,St. Mary Ottawa Holy Pascha extracted text.
Good Friday,Twelfth Hour,pascha_source_text,holy_pascha,out/sources/St_Mary_Ottawa_Katameros_Holy_Pascha_EN.txt,16643,642,2,Prophecy,Jonah 1:10-2:7,Jonah 1:10-2:7,parsed,St. Mary Ottawa Holy Pascha extracted text.
Good Friday,Twelfth Hour,pascha_source_text,holy_pascha,out/sources/St_Mary_Ottawa_Katameros_Holy_Pascha_EN.txt,16683,644,3,Psalm,"Psalm 88:6, 23:4 &","Ps 88:6,23:4",parsed,St. Mary Ottawa Holy Pascha extracted text.
Good Friday,Twelfth Hour,pascha_source_text,holy_pascha,out/sources/St_Mary_Ottawa_Katameros_Holy_Pascha_EN.txt,16700,645,4,Gospel,Matthew 27:57-61,Matt 27:57-61,parsed,St. Mary Ottawa Holy Pascha extracted text.
Good Friday,Twelfth Hour,pascha_source_text,holy_pascha,out/sources/St_Mary_Ottawa_Katameros_Holy_Pascha_EN.txt,16724,646,5,Gospel,Mark 15:42-16:1,Mark 15:42-16:1,parsed,St. Mary Ottawa Holy Pascha extracted text.
Good Friday,Twelfth Hour,pascha_source_text,holy_pascha,out/sources/St_Mary_Ottawa_Katameros_Holy_Pascha_EN.txt,16757,647,6,Gospel,Luke 23:50-56,Lk 23:50-56,parsed,St. Mary Ottawa Holy Pascha extracted text.
Good Friday,Twelfth Hour,pascha_source_text,holy_pascha,out/sources/St_Mary_Ottawa_Katameros_Holy_Pascha_EN.txt,16784,648,7,Gospel,John 19:38-42,Jn 19:38-42,parsed,St. Mary Ottawa Holy Pascha extracted text.
