passage,cycle_occurrences,date_occurrences,special_service_occurrences,agpeya_occurrences,pascha_occurrences,pascha_source_text_occurrences,bright_saturday_occurrences,total_occurrences
1Chr 29:10-13,0,0,0,0,0,0,1,1
1Cor 10:1-13,1,16,1,0,0,0,0,18
1Cor 10:14-11:1,0,15,0,0,0,0,0,15
1Cor 10:14-33,1,0,0,0,0,0,0,1
1Cor 10:25-11:1,0,14,0,0,0,0,0,14
1Cor 10:25-32,1,0,0,0,0,0,0,1
1Cor 11:1,2,0,0,0,0,0,0,2
1Cor 11:2-16,1,16,0,0,0,0,0,17
1Cor 11:23-34,0,0,0,0,0,1,0,1
1Cor 12:1-31,1,16,0,0,0,0,0,17
1Cor 12:28-13:8,0,0,1,0,0,0,0,1
1Cor 12:28-31,0,0,1,0,0,0,0,1
1Cor 12:31,2,0,0,0,0,0,0,2
1Cor 12:31-14:1,0,15,0,0,0,0,0,15
1Cor 12:31-14:4,0,16,0,0,0,0,0,16
1Cor 13:1-12,0,0,1,0,0,0,0,1
1Cor 13:1-13,2,0,0,0,0,0,0,2
1Cor 13:11-13,1,0,0,0,0,0,0,1
1Cor 13:11-14:4,0,24,0,0,0,0,0,24
1Cor 13:13-14:17,0,0,1,0,0,0,0,1
1Cor 14:1,1,0,0,0,0,0,0,1
1Cor 14:1-4,2,0,0,0,0,0,0,2
1Cor 14:12-17,1,16,0,0,0,0,0,17
1Cor 14:18-25,6,9,0,0,0,0,0,15
1Cor 14:18-28,1,16,0,0,0,0,0,17
1Cor 14:18-33,1,2,0,0,0,0,0,3
1Cor 14:18-40,0,0,1,0,0,0,0,1
1Cor 14:5-11,1,16,0,0,0,0,0,17
1Cor 14:5-17,1,15,0,0,0,0,0,16
1Cor 15:1-22,0,0,0,0,1,0,1,2
1Cor 15:1-23,0,0,1,0,0,0,0,1
1Cor 15:1-27,0,0,1,0,0,0,0,1
1Cor 15:23-49,1,16,0,0,0,0,0,17
1Cor 15:39-49,0,0,1,0,0,0,0,1
1Cor 15:50-58,1,16,1,0,0,0,0,18
1Cor 15:57-16,1,0,0,0,0,0,0,1
1Cor 15:57-16:8,0,16,0,0,0,0,0,16
1Cor 16:12-23,0,16,0,0,0,0,0,16
1Cor 16:12-24,1,0,0,0,0,0,0,1
1Cor 1:1-16,1,1,0,0,0,0,0,2
1Cor 1:1-17,1,20,0,0,0,0,0,21
1Cor 1:17-31,3,46,0,0,0,0,0,49
1Cor 1:23-2:5,0,0,0,0,0,1,0,1
1Cor 2:1-16,1,9,0,0,0,0,0,10
1Cor 2:1-8,1,16,0,0,0,0,0,17
1Cor 2:6-16,1,10,0,0,0,0,0,11
1Cor 3:1-8,11,88,0,0,0,0,0,99
1Cor 3:4-23,14,123,0,0,0,0,0,137
1Cor 3:9-23,1,14,0,0,0,0,0,15
1Cor 4:1-16,2,31,0,0,0,0,0,33
1Cor 4:16-5,1,0,0,0,0,0,0,1
1Cor 4:16-5:9,0,15,0,0,0,0,0,15
1Cor 5:11-13,1,14,0,0,0,0,0,15
1Cor 5:9-6,1,0,0,0,0,0,0,1
1Cor 5:9-6:5,0,15,0,0,0,0,0,15
1Cor 6:1-11,1,14,0,0,0,0,0,15
1Cor 7:12-14,0,0,1,0,0,0,0,1
1Cor 9:1-27,2,30,0,0,0,0,0,32
1Jn 1:1-10,9,14,0,0,0,0,0,23
1Jn 1:1-2:2,0,16,0,0,0,0,0,16
1Jn 1:1-2:6,0,73,0,0,0,0,0,73
1Jn 1:1-7,2,32,0,0,0,0,0,34
1Jn 1:6-10,1,16,0,0,0,0,0,17
1Jn 1:8-2,1,0,0,0,0,0,0,1
1Jn 1:8-2:11,0,15,0,0,0,0,0,15
1Jn 2:1-11,1,15,0,0,0,0,0,16
1Jn 2:1-2,1,0,0,0,0,0,0,1
1Jn 2:1-6,9,16,0,0,0,0,0,25
1Jn 2:11-14,1,16,0,0,0,0,0,17
1Jn 2:12-17,2,48,0,0,0,0,0,50
1Jn 2:15-17,1,16,0,0,0,0,0,17
1Jn 2:18-23,1,16,0,0,0,0,0,17
1Jn 2:20-25,1,29,0,0,0,0,0,30
1Jn 2:20-3,1,0,0,0,0,0,0,1
1Jn 2:20-3:1,0,16,0,0,0,0,0,16
1Jn 2:21-25,2,32,0,0,0,0,0,34
1Jn 2:24-29,1,0,0,0,0,0,0,1
1Jn 2:24-33,0,16,0,0,0,0,0,16
1Jn 2:26-29,1,0,0,0,0,0,0,1
1Jn 2:26-3:1,0,16,0,0,0,0,0,16
1Jn 2:7-10,1,16,0,0,0,0,0,17
1Jn 2:7-11,5,0,0,0,0,0,0,5
1Jn 2:7-17,4,62,0,0,0,0,0,66
1Jn 3:1,1,0,0,0,0,0,0,1
1Jn 3:1-11,1,14,0,0,0,0,0,15
1Jn 3:1-3,1,0,0,0,0,0,0,1
1Jn 3:13-17,1,16,0,0,0,0,0,17
1Jn 3:13-24,3,32,0,0,0,0,0,35
1Jn 3:18-24,2,24,0,0,0,0,0,26
1Jn 3:2-11,2,32,0,0,0,0,0,34
1Jn 3:2-3,1,16,0,0,0,0,0,17
1Jn 3:21-24,1,16,0,0,0,0,0,17
1Jn 3:8-12,2,32,0,0,0,0,0,34
1Jn 4:1-14,1,20,0,0,0,0,0,21
1Jn 4:1-6,1,16,0,0,0,0,0,17
1Jn 4:11-17,1,16,0,0,0,0,0,17
1Jn 4:11-21,1,16,0,0,0,0,0,17
1Jn 4:15-19,1,16,0,0,0,0,0,17
1Jn 4:15-21,2,14,0,0,0,0,0,16
1Jn 4:15-5,1,0,0,0,0,0,0,1
1Jn 4:15-5:1,0,16,0,0,0,0,0,16
1Jn 4:15-5:4,0,13,0,0,0,0,0,13
1Jn 4:18-5,1,0,0,0,0,0,0,1
1Jn 4:18-5:1,0,16,0,0,0,0,0,16
1Jn 4:7-13,1,16,0,0,0,0,0,17
1Jn 4:7-16,1,16,0,0,0,0,0,17
1Jn 4:7-19,3,11,0,0,0,0,0,14
1Jn 4:7-21,0,0,1,0,0,0,0,1
1Jn 5:1-11,1,14,0,0,0,0,0,15
1Jn 5:1-21,0,0,1,0,0,0,0,1
1Jn 5:1-4,2,0,0,0,0,0,0,2
1Jn 5:1-6,1,16,0,0,0,0,0,17
1Jn 5:10-20,1,16,0,0,0,0,0,17
1Jn 5:11-21,1,16,0,0,0,0,0,17
1Jn 5:13-18,1,16,0,0,0,0,0,17
1Jn 5:13-21,2,32,0,0,0,0,0,34
1Jn 5:14-21,1,16,0,0,0,0,0,17
1Jn 5:5-13,2,14,1,0,0,0,0,17
1Jn 5:5-20,0,0,1,0,0,0,0,1
1Jn 5:5-21,1,16,0,0,0,0,0,17
1Jn 5:9-12,1,16,0,0,0,0,0,17
1Jn 5:9-13,1,16,0,0,0,0,0,17
1Jn 5:9-21,1,16,0,0,0,0,0,17
1Kgs 17:17-24,0,0,1,0,0,0,0,1
1Kgs 17:2-24,1,0,0,0,0,0,0,1
1Kgs 18:36-39,0,0,0,0,0,0,1,1
1Kgs 19:9-14,0,0,0,0,0,1,0,1
1Kgs 8:22-30,0,0,0,0,0,0,1,1
1Pet 1:1-12,2,31,0,0,0,0,0,33
1Pet 1:1-9,16,90,0,0,1,0,1,108
1Pet 1:10-21,1,16,0,0,0,0,0,17
1Pet 1:10-25,0,0,1,0,0,0,0,1
1Pet 1:13-21,2,25,0,0,0,0,0,27
1Pet 1:19-2:3,0,13,0,0,0,0,0,13
1Pet 1:2-12,1,16,0,0,0,0,0,17
1Pet 1:2-8,1,15,0,0,0,0,0,16
1Pet 1:22-25,1,0,0,0,0,0,0,1
1Pet 1:22-2:5,0,16,0,0,0,0,0,16
1Pet 1:25,17,0,0,0,0,0,0,17
1Pet 1:25-2,1,0,0,0,0,0,0,1
1Pet 1:25-2:10,0,167,0,0,0,0,0,167
1Pet 1:25-2:6,0,16,0,0,0,0,0,16
1Pet 1:3-12,13,138,0,0,0,0,0,151
1Pet 2:1-10,19,0,1,0,0,0,0,20
1Pet 2:1-25,0,30,0,0,0,0,0,30
1Pet 2:1-5,1,0,0,0,0,0,0,1
1Pet 2:1-6,1,0,0,0,0,0,0,1
1Pet 2:11-17,16,189,0,0,0,0,0,205
1Pet 2:11-25,4,32,0,0,0,0,0,36
1Pet 2:18-25,21,0,0,0,0,0,0,21
1Pet 2:18-3:7,0,223,0,0,0,0,0,223
1Pet 3:1-7,21,0,0,0,0,0,0,21
1Pet 3:10-18,1,16,0,0,0,0,0,17
1Pet 3:15-22,6,82,0,0,0,0,0,88
1Pet 3:15-4:6,0,16,0,0,0,0,0,16
1Pet 3:17-22,0,16,0,0,0,0,0,16
1Pet 3:25-4,1,0,0,0,0,0,0,1
1Pet 3:5-14,24,225,0,0,0,0,0,249
1Pet 3:8-15,26,207,0,0,0,0,0,233
1Pet 3:8-22,0,0,1,0,0,0,0,1
1Pet 4:1-11,24,250,2,0,1,0,0,277
1Pet 4:12-19,15,177,0,0,0,0,0,192
1Pet 4:15-19,1,0,0,0,0,0,0,1
1Pet 4:15-5:5,0,16,0,0,0,0,0,16
1Pet 4:3-11,2,46,0,0,0,0,0,48
1Pet 4:6-14,1,16,0,0,0,0,0,17
1Pet 4:7-16,1,13,0,0,0,0,0,14
1Pet 4:8-13,1,16,0,0,0,0,0,17
1Pet 5:1-12,1,14,0,0,0,0,0,15
1Pet 5:1-14,30,330,0,0,0,0,0,360
1Pet 5:1-5,1,0,0,0,0,0,0,1
1Pet 5:5-12,1,16,0,0,0,0,0,17
1Pet 5:5-14,14,123,0,0,0,0,0,137
1Sam 17:16-54,1,0,0,0,0,0,0,1
1Sam 18:6-9,1,0,0,0,0,0,0,1
1Sam 1:1-28,1,0,0,0,0,0,0,1
1Sam 23:26-29,1,0,0,0,0,0,0,1
1Sam 24:1-22,1,0,0,0,0,0,0,1
1Sam 2:1-11,0,0,0,0,0,0,1,1
1Sam 2:1-21,1,0,0,0,0,0,0,1
1Sam 3:1-20,1,0,0,0,0,0,0,1
1Thess 1:1-12,1,0,0,0,0,0,0,1
1Thess 2:13-20,1,16,0,0,0,0,0,17
1Thess 3:1-13,1,0,0,0,0,0,0,1
1Thess 4:1-18,1,15,0,0,0,0,0,16
1Thess 4:13-18,0,0,1,0,0,0,0,1
1Thess 4:13-5,1,0,0,0,0,0,0,1
1Thess 4:13-5:11,0,16,0,0,0,0,0,16
1Tim 1:12-19,1,0,0,0,0,0,0,1
1Tim 1:12-27,0,16,0,0,0,0,0,16
1Tim 2:1-3,1,0,0,0,0,0,0,1
1Tim 2:1-3:4,0,14,0,0,0,0,0,14
1Tim 3:13-16,1,16,0,0,0,0,0,17
1Tim 4:9-5:10,0,0,0,0,0,1,0,1
1Tim 5:17-25,1,0,0,0,0,0,0,1
1Tim 5:17-6:2,0,14,0,0,0,0,0,14
1Tim 6:1-2,1,0,0,0,0,0,0,1
1Tim 6:3-16,1,16,0,0,0,0,0,17
1Tim 6:3-21,1,16,0,0,0,0,0,17
2Cor 10:1-18,13,140,0,0,0,0,0,153
2Cor 11:16-12:12,0,103,0,0,0,0,0,103
2Cor 11:16-28,1,15,0,0,0,0,0,16
2Cor 11:16-33,13,0,0,0,0,0,0,13
2Cor 12:1-12,13,0,0,0,0,0,0,13
2Cor 1:1-14,1,16,0,0,0,0,0,17
2Cor 2:12-17,1,0,0,0,0,0,0,1
2Cor 2:12-3:6,0,16,0,0,0,0,0,16
2Cor 3:1-6,1,0,0,0,0,0,0,1
2Cor 3:12-18,1,0,0,0,0,0,0,1
2Cor 3:12-4:4,0,14,0,0,0,0,0,14
2Cor 4:1-4,1,0,0,0,0,0,0,1
2Cor 4:1-5:15,0,16,0,0,0,0,0,16
2Cor 4:5-15,1,0,0,0,0,0,0,1
2Cor 4:5-18,22,16,0,0,0,0,0,38
2Cor 4:5-5:11,0,210,0,0,0,0,0,210
2Cor 5:1-11,20,0,0,0,0,0,0,20
2Cor 5:11-21,1,0,0,0,0,0,0,1
2Cor 5:11-6:13,0,16,0,0,0,0,0,16
2Cor 6:1-13,1,0,0,0,0,0,0,1
2Cor 6:14-7,1,0,0,0,0,0,0,1
2Cor 6:14-7:16,0,15,0,0,0,0,0,15
2Cor 6:2-13,1,16,0,0,0,0,0,17
2Cor 7:2-11,1,14,0,0,0,0,0,15
2Cor 9:1-9,1,16,0,0,0,0,0,17
2Cor 9:6-15,1,15,0,0,0,0,0,16
2Jn 1:1-13,13,77,0,0,0,0,0,90
2Jn 1:1-8,1,16,0,0,0,0,0,17
2Jn 1:8-13,2,32,0,0,0,0,0,34
2Kgs 4:8-37,1,0,0,0,0,0,0,1
2Kgs 5:1-27,1,0,0,0,0,0,0,1
2Kgs 6:8-33,2,0,0,0,0,0,0,2
2Kgs 7:1-20,2,0,0,0,0,0,0,2
2Pet 1:1-11,12,103,0,0,0,0,0,115
2Pet 1:1-18,0,16,0,0,0,0,0,16
2Pet 1:1-8,2,0,0,0,0,0,0,2
2Pet 1:1-9,0,10,0,0,0,0,0,10
2Pet 1:12-17,1,20,0,0,0,0,0,21
2Pet 1:12-19,1,20,0,0,0,0,0,21
2Pet 1:12-21,15,145,0,0,0,0,0,160
2Pet 1:19-21,20,0,0,0,0,0,0,20
2Pet 1:19-2:8,0,210,0,0,0,0,0,210
2Pet 1:19-2:9,0,15,0,0,0,0,0,15
2Pet 1:20-21,1,0,0,0,0,0,0,1
2Pet 1:20-2:6,0,16,0,0,0,0,0,16
2Pet 1:4-11,1,15,0,0,0,0,0,16
2Pet 2:1-10,0,14,0,0,0,0,0,14
2Pet 2:1-3,1,0,0,0,0,0,0,1
2Pet 2:1-6,1,0,0,0,0,0,0,1
2Pet 2:1-8,18,0,0,0,0,0,0,18
2Pet 2:1-9,1,0,0,0,0,0,0,1
2Pet 2:2-8,1,16,0,0,0,0,0,17
2Pet 2:9-15,1,16,0,0,0,0,0,17
2Pet 3:1-18,2,25,0,0,0,0,0,27
2Pet 3:14-18,1,30,0,0,0,0,0,31
2Pet 3:8-15,1,15,0,0,0,0,0,16
2Thess 1:1-12,0,16,0,0,0,0,0,16
2Thess 2:1-17,2,25,0,0,0,0,0,27
2Thess 2:13-3,1,0,0,0,0,0,0,1
2Thess 2:13-3:5,0,16,0,0,0,0,0,16
2Thess 2:9-17,1,16,0,0,0,0,0,17
2Tim 1:12-18,1,0,0,0,0,0,0,1
2Tim 1:12-2:10,0,16,0,0,0,0,0,16
2Tim 2:1-10,1,0,0,0,0,0,0,1
2Tim 2:3-15,11,57,0,0,0,0,0,68
2Tim 2:8-15,1,16,0,0,0,0,0,17
2Tim 3:1-17,1,0,0,0,0,0,0,1
2Tim 3:1-4:5,0,14,0,0,0,0,0,14
2Tim 3:10-17,24,0,0,0,0,0,0,24
2Tim 3:10-4:18,0,69,0,0,0,0,0,69
2Tim 3:10-4:22,0,181,0,0,0,0,0,181
2Tim 4:1-18,7,0,0,0,0,0,0,7
2Tim 4:1-22,17,0,0,0,0,0,0,17
2Tim 4:1-5,1,0,0,0,0,0,0,1
3Jn 1:1-14,28,0,0,0,0,0,0,28
3Jn 1:1-15,0,265,0,0,0,0,0,265
3Jn 1:1-8,2,18,0,0,0,0,0,20
3Jn 1:10-15,1,16,0,0,0,0,0,17
Acts 10:1-20,2,24,0,0,0,0,0,26
Acts 10:21-33,4,40,0,0,0,0,0,44
Acts 10:25-35,1,16,0,0,0,0,0,17
Acts 10:34-43,4,62,0,0,0,0,0,66
Acts 10:37-43,1,16,0,0,0,0,0,17
Acts 10:37-48,1,0,0,0,0,0,0,1
Acts 10:9-20,1,15,0,0,0,0,0,16
Acts 11:1,1,0,0,0,0,0,0,1
Acts 11:12-18,2,16,0,0,0,0,0,18
Acts 11:15-24,5,53,0,0,0,0,0,58
Acts 11:19-26,10,91,0,0,0,0,0,101
Acts 11:19-30,1,16,0,0,0,0,0,17
Acts 11:2-14,1,13,0,0,0,0,0,14
Acts 11:2-18,3,34,0,0,0,0,0,37
Acts 11:26-12,2,0,0,0,0,0,0,2
Acts 11:26-12:2,0,15,0,0,0,0,0,15
Acts 12:1-12,1,14,0,0,0,0,0,15
Acts 12:1-24,15,83,0,0,0,0,0,98
Acts 12:12-23,1,16,0,0,0,0,0,17
Acts 12:25,14,0,0,0,0,0,0,14
Acts 12:25-13:12,0,147,0,0,0,0,0,147
Acts 13:1-12,14,0,0,0,0,0,0,14
Acts 13:13-25,1,20,0,0,0,0,0,21
Acts 13:13-49,0,0,1,0,0,0,0,1
Acts 13:25-32,0,24,0,0,0,0,0,24
Acts 13:25-33,2,0,0,0,0,0,0,2
Acts 13:26-33,1,20,0,0,0,0,0,21
Acts 13:34-42,1,16,0,0,0,0,0,17
Acts 13:36-43,2,29,0,0,0,0,0,31
Acts 13:44-52,1,0,0,0,0,0,0,1
Acts 14:1-8,1,14,0,0,0,0,0,15
Acts 14:1-9,6,0,0,0,0,0,0,6
Acts 14:19-23,1,16,0,0,0,0,0,17
Acts 14:19-28,1,0,0,0,0,0,0,1
Acts 14:20-23,1,16,0,0,0,0,0,17
Acts 14:24-15:3,0,30,0,0,0,0,0,30
Acts 14:24-28,2,0,0,0,0,0,0,2
Acts 14:8-22,1,10,0,0,0,0,0,11
Acts 14:8-23,1,16,0,0,0,0,0,17
Acts 15:1-18,1,14,0,0,0,0,0,15
Acts 15:1-3,2,0,0,0,0,0,0,2
Acts 15:1-36,1,0,0,0,0,0,0,1
Acts 15:12-20,0,16,0,0,0,0,0,16
Acts 15:12-21,6,94,0,0,0,0,0,100
Acts 15:13-18,1,16,0,0,0,0,0,17
Acts 15:13-21,9,112,0,0,0,0,0,121
Acts 15:13-29,11,88,0,0,0,0,0,99
Acts 15:21-29,18,210,0,0,0,0,0,228
Acts 15:22-29,1,8,0,0,0,0,0,9
Acts 15:22-31,1,13,0,0,0,0,0,14
Acts 15:36-16:3,0,16,0,0,0,0,0,16
Acts 15:36-16:5,0,334,0,0,0,0,0,334
Acts 15:36-41,35,0,0,0,0,0,0,35
Acts 15:4-12,1,16,0,0,0,0,0,17
Acts 15:4-9,1,16,0,0,0,0,0,17
Acts 15:6-12,1,14,0,0,0,0,0,15
Acts 15:7-12,1,16,0,0,0,0,0,17
Acts 16:1-3,1,0,0,0,0,0,0,1
Acts 16:1-5,35,0,0,0,0,0,0,35
Acts 16:16-34,9,78,0,0,0,0,0,87
Acts 16:25-34,1,20,0,0,0,0,0,21
Acts 16:40,1,0,0,0,0,0,0,1
Acts 16:40-17:7,0,16,0,0,0,0,0,16
Acts 17:1-12,1,15,0,0,0,0,0,16
Acts 17:1-7,1,0,0,0,0,0,0,1
Acts 17:10-14,1,15,0,0,0,0,0,16
Acts 17:16-34,2,32,0,0,0,0,0,34
Acts 17:30-34,0,14,0,0,0,0,0,14
Acts 18:1-11,1,16,0,0,0,0,0,17
Acts 18:12-23,1,16,0,0,0,0,0,17
Acts 18:24-19:6,0,228,0,0,0,0,0,228
Acts 18:24-28,23,0,1,0,0,0,0,24
Acts 18:24-9:6,0,14,0,0,0,0,0,14
Acts 18:9-12,6,0,0,0,0,0,0,6
Acts 18:9-18,1,15,0,0,0,0,0,16
Acts 18:9-21,2,20,0,0,0,0,0,22
Acts 19:1-20,0,0,1,0,0,0,0,1
Acts 19:1-6,23,0,0,0,0,0,0,23
Acts 19:11-17,5,28,0,0,0,0,0,33
Acts 19:11-20,24,224,0,0,0,0,0,248
Acts 19:11-22,1,16,0,0,0,0,0,17
Acts 19:23-26,1,16,0,0,0,0,0,17
Acts 19:23-40,1,14,0,0,0,0,0,15
Acts 19:23-41,15,134,0,0,0,0,0,149
Acts 19:6-10,1,16,0,0,0,0,0,17
Acts 1:1-14,10,126,0,0,0,0,0,136
Acts 1:15-20,0,0,0,0,1,0,0,1
Acts 1:15-26,1,16,0,0,0,0,0,17
Acts 20:1-12,2,30,0,0,0,0,0,32
Acts 20:1-16,1,16,0,0,0,0,0,17
Acts 20:1-6,1,16,0,0,0,0,0,17
Acts 20:17-38,37,391,0,0,0,0,0,428
Acts 20:7-16,1,6,0,0,0,0,0,7
Acts 21:1-14,1,15,0,0,0,0,0,16
Acts 21:15-26,1,15,0,0,0,0,0,16
Acts 21:27-39,1,16,0,0,0,0,0,17
Acts 21:40-22,1,0,0,0,0,0,0,1
Acts 21:40-22:16,0,16,0,0,0,0,0,16
Acts 21:5-14,25,240,0,0,0,0,0,265
Acts 21:8-14,1,0,0,0,0,0,0,1
Acts 21:9-14,0,13,0,0,0,0,0,13
Acts 22:17-24,1,31,0,0,0,0,0,32
Acts 22:17-30,1,16,0,0,0,0,0,17
Acts 22:6-10,1,16,0,0,0,0,0,17
Acts 22:7-24,1,0,0,0,0,0,0,1
Acts 23:1-11,1,16,0,0,0,0,0,17
Acts 23:12-35,1,14,0,0,0,0,0,15
Acts 23:6-11,2,32,0,0,0,0,0,34
Acts 24:1-23,1,16,0,0,0,0,0,17
Acts 24:1-9,0,9,0,0,0,0,0,9
Acts 24:10-21,1,16,0,0,0,0,0,17
Acts 24:10-23,1,16,0,0,0,0,0,17
Acts 24:24-25:12,0,16,0,0,0,0,0,16
Acts 24:24-27,1,0,0,0,0,0,0,1
Acts 25:1-12,1,0,0,0,0,0,0,1
Acts 25:13-26,1,0,0,0,0,0,0,1
Acts 25:13-26:1,0,13,0,0,0,0,0,13
Acts 25:23-27,2,16,0,0,0,0,0,18
Acts 26:1-18,1,15,0,0,0,0,0,16
Acts 26:1-6,2,16,0,0,0,0,0,18
Acts 26:1-8,1,16,0,0,0,0,0,17
Acts 26:19-27:8,0,14,0,0,0,0,0,14
Acts 26:19-32,1,0,0,0,0,0,0,1
Acts 27:1-3,1,16,0,0,0,0,0,17
Acts 27:1-8,1,0,0,0,0,0,0,1
Acts 27:16-20,1,14,0,0,0,0,0,15
Acts 27:27-37,1,16,0,0,0,0,0,17
Acts 27:38-28:10,0,16,0,0,0,0,0,16
Acts 27:38-44,1,0,0,0,0,0,0,1
Acts 27:42-28:6,0,57,0,0,0,0,0,57
Acts 27:42-44,11,0,0,0,0,0,0,11
Acts 27:9-12,1,15,0,0,0,0,0,16
Acts 27:9-26,1,16,0,0,0,0,0,17
Acts 28:1-10,1,0,0,0,0,0,0,1
Acts 28:1-6,12,16,0,0,0,0,0,28
Acts 28:11-31,1,16,1,0,1,0,0,19
Acts 28:7-11,1,16,0,0,0,0,0,17
Acts 2:1-21,1,16,0,0,0,0,0,17
Acts 2:14-21,1,11,0,0,0,0,0,12
Acts 2:22-35,1,16,0,0,0,0,0,17
Acts 2:22-36,1,0,0,0,0,0,0,1
Acts 2:22-47,0,0,1,0,0,0,0,1
Acts 2:38-45,1,16,0,0,0,0,0,17
Acts 2:42-3,1,0,0,0,0,0,0,1
Acts 2:42-3:9,0,16,0,0,0,0,0,16
Acts 34:42,0,14,0,0,0,0,0,14
Acts 3:1-10,0,0,1,0,0,0,0,1
Acts 3:1-16,18,156,0,0,0,0,0,174
Acts 3:1-20,1,16,0,0,0,0,0,17
Acts 3:12-21,1,16,0,0,1,0,1,19
Acts 3:22-26,0,16,0,0,0,0,0,16
Acts 4:1-13,1,16,0,0,0,0,0,17
Acts 4:1-4,1,16,0,0,0,0,0,17
Acts 4:13-18,1,16,0,0,0,0,0,17
Acts 4:13-22,2,31,0,0,0,0,0,33
Acts 4:19-21,1,16,0,0,0,0,0,17
Acts 4:19-31,2,31,0,0,0,0,0,33
Acts 4:23-27,1,16,0,0,0,0,0,17
Acts 4:27-31,1,16,0,0,0,0,0,17
Acts 4:32-35,1,16,0,0,0,0,0,17
Acts 4:36-5,1,0,0,0,0,0,0,1
Acts 4:36-5:11,0,16,0,0,0,0,0,16
Acts 4:5-7,1,16,0,0,0,0,0,17
Acts 4:8-12,1,16,0,0,0,0,0,17
Acts 4:8-18,1,16,0,0,0,0,0,17
Acts 5:1-6,1,16,0,0,0,0,0,17
Acts 5:12-18,2,14,0,0,0,0,0,16
Acts 5:12-20,1,16,0,0,0,0,0,17
Acts 5:12-21,1,16,0,0,0,0,0,17
Acts 5:19-23,1,16,0,0,0,0,0,17
Acts 5:19-29,1,16,0,0,0,0,0,17
Acts 5:21-25,1,16,0,0,0,0,0,17
Acts 5:27-29,2,32,0,0,0,0,0,34
Acts 5:3-11,1,16,0,0,0,0,0,17
Acts 5:30-33,1,16,0,0,0,0,0,17
Acts 5:30-42,1,16,0,0,0,0,0,17
Acts 5:34-36,1,16,0,0,0,0,0,17
Acts 5:34-42,2,16,0,0,0,0,0,18
Acts 5:5-11,1,16,0,0,0,0,0,17
Acts 6:1-15,13,0,0,0,0,0,0,13
Acts 6:1-7:2,0,103,0,0,0,0,0,103
Acts 7:1-2,13,0,0,0,0,0,0,13
Acts 7:2-7,5,45,0,0,0,0,0,50
Acts 7:20-34,4,24,0,0,0,0,0,28
Acts 7:23-34,1,28,0,0,0,0,0,29
Acts 7:30-34,1,16,0,0,0,0,0,17
Acts 7:30-37,1,13,0,0,0,0,0,14
Acts 7:35-50,1,16,0,0,0,0,0,17
Acts 7:37-41,1,16,0,0,0,0,0,17
Acts 7:40-43,1,16,0,0,0,0,0,17
Acts 7:44-50,1,16,0,0,0,0,0,17
Acts 7:44-60,12,0,0,0,0,0,0,12
Acts 7:44-8:1,0,140,0,0,0,0,0,140
Acts 7:51-54,1,16,0,0,0,0,0,17
Acts 7:8-22,2,30,0,0,0,0,0,32
Acts 8:1,12,0,0,0,0,0,0,12
Acts 8:1-4,1,16,0,0,0,0,0,17
Acts 8:26-39,3,30,2,0,0,0,0,35
Acts 8:3-13,4,71,0,0,0,0,0,75
Acts 8:5-13,1,1,0,0,0,0,0,2
Acts 8:9-17,1,16,0,0,0,0,0,17
Acts 9:1-20,1,16,0,0,0,0,0,17
Acts 9:22-30,1,24,0,0,0,0,0,25
Acts 9:22-31,2,24,0,0,0,0,0,26
Acts 9:23-31,1,16,0,0,0,0,0,17
Acts 9:3-9,1,30,0,0,0,0,0,31
Acts 9:31-35,1,16,0,0,0,0,0,17
Acts 9:31-43,3,14,0,0,0,0,0,17
Acts 9:36-42,1,16,0,0,0,0,0,17
Acts 9:36-43,1,16,0,0,0,0,0,17
Amos 3:1-11,0,0,0,0,1,1,0,2
Amos 4:4-13,0,0,0,0,1,1,0,2
Amos 5:18-27,0,0,0,0,0,1,0,1
Amos 5:6-14,0,0,0,0,2,0,0,2
Amos 8:9-12,0,0,0,0,1,0,0,1
"Amos 9:4-5,9:7-10",0,0,0,0,0,1,0,1
Amos 9:4-6,0,0,0,0,1,0,0,1
Amos 9:8-10,0,0,0,0,1,0,0,1
Bar 2:11-16,0,0,0,0,0,0,1,1
Col 1:1-23,2,16,0,0,0,0,0,18
Col 1:12-23,1,16,0,0,0,0,0,17
Col 1:21-29,0,14,0,0,0,0,0,14
Col 2:13-15,0,0,0,0,0,1,0,1
Col 2:6-19,1,16,0,0,0,0,0,17
Col 3:1-17,1,16,0,0,0,0,0,17
Col 3:12-17,0,0,1,0,0,0,0,1
Col 3:5-17,1,16,0,0,0,0,0,17
Col 3:8-17,1,4,0,0,0,0,0,5
Col 4:2-18,4,53,0,0,0,0,0,57
Dan 1:1-42,1,0,0,0,0,0,0,1
Dan 3:1-23,0,0,0,0,0,0,1,1
Dan 3:25-51,0,0,0,0,0,0,1,1
Dan 6:1-27,1,0,0,0,0,0,0,1
Dan 7:9-15,0,0,0,0,0,1,0,1
Dan 9:4-19,0,0,0,0,0,0,1,1
Deut 10:1-11,1,0,0,0,0,0,0,1
Deut 10:12-22,1,0,0,0,0,0,0,1
Deut 11:1-28,1,0,0,0,0,0,0,1
Deut 11:29-32,1,0,0,0,0,0,0,1
Deut 12:1-27,1,0,0,0,0,0,0,1
Deut 16:1-18,0,0,1,0,0,0,0,1
Deut 32:1-42,0,0,0,0,0,0,1,1
Deut 5:15-22,1,0,0,0,0,0,0,1
Deut 5:23-33,0,0,1,0,0,0,0,1
Deut 6:1-3,0,0,1,0,0,0,0,1
Deut 6:17-25,0,0,1,0,0,0,0,1
Deut 6:3-25,1,0,0,0,0,0,0,1
Deut 7:1-26,1,0,0,0,0,0,0,1
Deut 8:1-20,1,0,0,0,0,0,0,1
Deut 8:11-20,0,0,0,0,0,1,0,1
Deut 8:19-9:24,0,0,0,0,1,0,0,1
Deut 9:1-4,1,0,0,0,0,0,0,1
Deut 9:7-29,1,0,0,0,0,0,0,1
Eph 1:1-14,2,32,0,0,0,0,0,34
Eph 1:15-2,1,0,0,0,0,0,0,1
Eph 1:15-2:3,0,16,0,0,0,0,0,16
Eph 2:1-22,3,27,0,0,0,0,0,30
Eph 2:13-18,1,16,0,0,0,0,0,17
Eph 2:19-3,1,0,0,0,0,0,0,1
Eph 2:19-3:10,0,16,0,0,0,0,0,16
Eph 4:1-16,1,16,0,0,0,0,0,17
Eph 4:1-7,1,16,0,0,0,0,0,17
Eph 4:11-19,2,14,0,0,0,0,0,16
Eph 4:17-32,2,0,0,0,0,0,0,2
Eph 4:17-33,0,15,0,0,0,0,0,15
Eph 4:20-32,1,16,0,0,0,0,0,17
Eph 4:8-16,2,29,0,0,0,0,0,31
Eph 5:22-6:3,0,0,1,0,0,0,0,1
Eph 5:8-21,24,225,0,0,0,0,0,249
Eph 6:1-23,1,14,0,0,0,0,0,15
Eph 6:10-18,0,0,1,0,0,0,0,1
Eph 6:10-24,1,13,0,0,0,0,0,14
Exod 10:1-29,1,0,0,0,0,0,0,1
Exod 11:1-10,1,0,0,0,0,0,0,1
Exod 12:1-14,0,0,0,0,0,1,0,1
Exod 13:17-22,0,0,0,0,1,0,0,1
Exod 14:13-15:1,0,0,0,0,1,0,0,1
Exod 15:22-16:3,0,0,0,0,1,0,0,1
Exod 15:23-16:3,0,0,0,0,0,1,0,1
Exod 17:1-7,0,0,0,0,1,0,0,1
Exod 17:8-16,0,0,0,0,1,0,0,1
Exod 19:1-9,0,0,0,0,1,0,0,1
Exod 2:11-20,1,0,0,0,0,0,0,1
Exod 2:23-25,1,0,0,0,0,0,0,1
Exod 32:30-33:5,0,0,0,0,1,0,0,1
Exod 32:7-15,0,0,0,0,1,0,0,1
Exod 3:1-5,1,0,0,0,0,0,0,1
Exod 3:6-14,1,0,0,0,0,0,0,1
Exod 4:19-31,1,0,0,0,0,0,0,1
Exod 5:1-23,1,0,0,0,0,0,0,1
Exod 6:1-13,1,0,0,0,0,0,0,1
Exod 7:14-25,2,0,0,0,0,0,0,2
Exod 7:2-15,0,0,0,0,1,0,0,1
Exod 8:1-19,2,0,0,0,0,0,0,2
Exod 8:20-32,1,0,0,0,0,0,0,1
Exod 9:1-35,1,0,0,0,0,0,0,1
Ezek 18:20-32,0,0,0,0,1,0,0,1
Ezek 20:27-33,0,0,0,0,1,1,0,2
Ezek 20:39-44,0,0,0,0,1,0,0,1
Ezek 21:28-32,0,0,0,0,0,1,0,1
Ezek 21:3-13,0,0,0,0,1,0,0,1
Ezek 21:33-37,0,0,0,0,1,0,0,1
Ezek 22:17-22,0,0,0,0,0,1,0,1
Ezek 22:23-28,0,0,0,0,1,1,0,2
Ezek 36:16-23,0,0,0,0,1,0,0,1
Ezek 36:25-29,0,0,0,0,0,1,0,1
Ezek 37:1-14,0,0,1,0,0,0,0,1
Ezek 43:5-11,0,0,0,0,0,1,0,1
Ezek 47:1-9,0,0,0,0,0,1,0,1
Gal 1:1-19,8,108,0,0,0,0,0,116
Gal 1:1-24,1,16,0,0,0,0,0,17
Gal 2:16-20,0,0,1,0,0,0,0,1
Gal 3:1-6,0,0,0,0,0,1,0,1
Gal 3:15-29,1,0,0,0,0,0,0,1
Gal 3:15-4:18,0,20,0,0,0,0,0,20
Gal 3:5-11,1,16,0,0,0,0,0,17
Gal 4:1-18,1,0,0,0,0,0,0,1
Gal 4:19-31,1,0,0,0,0,0,0,1
Gal 4:19-5:1,0,13,0,0,0,0,0,13
Gal 5:1,1,0,0,0,0,0,0,1
Gal 5:16-26,1,0,0,0,0,0,0,1
Gal 5:16-6:2,0,15,0,0,0,0,0,15
Gal 5:2-10,1,8,0,0,0,0,0,9
Gal 6:1-2,1,0,0,0,0,0,0,1
Gal 6:11-18,1,16,0,0,0,0,0,17
Gal 6:14-18,0,0,0,0,1,0,0,1
Gen 14:17-20,0,0,0,0,1,0,0,1
Gen 18:1-23,0,0,0,0,1,0,0,1
Gen 18:17-33,1,0,0,0,0,0,0,1
Gen 19:1-29,1,0,0,0,0,0,0,1
Gen 1:1-2:3,0,0,0,0,0,1,0,1
Gen 1:1-31,0,0,0,0,1,0,0,1
Gen 22:1-18,1,0,0,0,0,0,0,1
Gen 22:1-19,0,0,0,0,1,1,0,2
Gen 23:1-20,0,0,2,0,0,0,0,2
Gen 24:1-67,0,0,2,0,0,0,0,2
Gen 24:1-9,0,0,0,0,1,0,0,1
Gen 27:1-41,1,0,0,0,0,0,0,1
Gen 28:10-22,1,0,0,0,0,0,0,1
Gen 28:10-31,0,0,1,0,0,0,0,1
Gen 2:1-3,0,0,0,0,1,0,0,1
Gen 2:15-25,0,0,0,0,1,0,0,1
Gen 2:15-3:24,0,0,0,0,0,1,0,1
Gen 32:1-30,1,0,0,0,0,0,0,1
Gen 3:1-24,0,0,0,0,1,0,0,1
Gen 48:1-19,0,0,0,0,1,0,0,1
Gen 49:1-28,1,0,0,0,0,0,0,1
Gen 49:33,1,0,0,0,0,0,0,1
Gen 50:1-26,1,0,0,0,0,0,0,1
Gen 50:4-25,0,0,1,0,0,0,0,1
Gen 6:5-9:7,0,0,0,0,1,0,0,1
Hab 3:2-19,0,0,0,0,0,0,1,1
Heb 10:1-13,1,16,0,0,0,0,0,17
Heb 10:1-24,0,0,1,0,0,0,0,1
Heb 10:19-38,1,16,0,0,0,0,0,17
Heb 10:19-39,1,16,0,0,0,0,0,17
Heb 11:1-10,3,21,0,0,0,0,0,24
Heb 11:1-8,1,16,0,0,0,0,0,17
Heb 11:17-27,18,210,0,0,0,0,0,228
Heb 11:17-31,8,33,0,0,0,0,0,41
Heb 11:32-12:2,0,117,0,0,0,0,0,117
Heb 11:32-40,11,0,0,0,0,0,0,11
Heb 12:1-2,10,0,0,0,0,0,0,10
Heb 12:13-14,0,70,0,0,0,0,0,70
Heb 12:21-13:2,0,13,0,0,0,0,0,13
Heb 12:21-39,1,0,0,0,0,0,0,1
Heb 12:28-13:16,0,13,0,0,0,0,0,13
Heb 12:28-29,1,0,0,0,0,0,0,1
Heb 12:3-14,12,81,0,0,0,0,0,93
Heb 12:5-16,1,16,0,0,0,0,0,17
Heb 13:1-16,1,0,0,0,0,0,0,1
Heb 13:1-2,1,0,0,0,0,0,0,1
Heb 13:10-16,0,0,1,0,0,0,0,1
Heb 13:10-21,1,16,0,0,0,0,0,17
Heb 13:7-16,1,16,0,0,0,0,0,17
Heb 13:7-25,5,66,0,0,0,0,0,71
Heb 1:1-14,3,0,1,0,0,0,0,4
Heb 1:1-2:4,0,44,0,0,0,0,0,44
Heb 1:8-12,0,0,1,0,0,0,0,1
Heb 2:1-4,3,0,1,0,0,0,0,4
Heb 2:5-18,4,40,0,0,0,0,0,44
Heb 3:1-19,1,0,0,0,0,0,0,1
Heb 3:1-4:2,0,6,0,0,0,0,0,6
Heb 4:1-2,1,0,0,0,0,0,0,1
Heb 4:14-16,15,0,0,0,0,0,0,15
Heb 4:14-5:14,0,83,0,0,0,0,0,83
Heb 5:1-14,15,0,0,0,0,0,0,15
Heb 6:7-15,1,16,0,0,0,0,0,17
Heb 7:1-17,8,20,0,0,0,0,0,28
Heb 7:18-28,27,0,0,0,0,0,0,27
Heb 7:18-8:13,0,249,0,0,0,0,0,249
Heb 7:26-28,0,0,1,0,0,0,0,1
Heb 8,0,0,1,0,0,0,0,1
Heb 8:1-13,27,0,0,0,0,0,0,27
Heb 9:1-10,3,14,3,0,0,0,0,20
Heb 9:1-12,5,57,0,0,0,0,0,62
Heb 9:11-28,1,16,2,0,1,0,0,20
Hos 10:12-11:2,0,0,0,0,0,1,0,1
Hos 10:12-15,0,0,0,0,2,0,0,2
Hos 11:1-2,0,0,0,0,2,0,0,2
"Hos 2:1-3,2:10-11",0,0,0,0,1,0,0,1
Hos 4:1-8,0,0,0,0,1,0,0,1
Hos 4:15-19,0,0,0,0,2,0,0,2
Hos 4:15-5:7,0,0,0,0,0,1,0,1
Hos 5:1-7,0,0,0,0,2,0,0,2
Hos 5:13-6:3,0,0,0,0,1,0,0,1
Hos 9:14-10:2,0,0,0,0,0,1,0,1
Isa 10:1-4,1,0,0,0,0,0,0,1
Isa 10:12-21,1,0,0,0,0,0,0,1
Isa 11:10-16,1,0,0,0,0,0,0,1
Isa 12:1-2,1,0,0,0,0,0,0,1
Isa 12:2-13:10,0,0,0,0,1,0,0,1
Isa 13:2-13,1,0,0,0,0,0,0,1
Isa 14:24-32,1,0,0,0,0,0,0,1
Isa 19:19-25,0,0,0,0,1,0,0,1
Isa 1:1-9,0,0,0,0,1,0,0,1
Isa 1:19-25,1,0,0,0,0,0,0,1
Isa 1:2-18,1,0,0,0,0,0,0,1
Isa 1:2-9,0,0,0,0,1,0,0,1
Isa 24:1-13,0,0,0,0,1,0,0,1
Isa 25:1-12,1,0,0,0,0,0,1,2
Isa 26:1-8,1,0,0,0,0,0,0,1
Isa 26:1-9,0,0,0,0,0,0,1,1
Isa 26:21-27,2,0,0,0,0,0,0,2
Isa 26:9-20,0,0,1,0,0,0,1,2
Isa 27:11-28:15,0,0,0,0,1,0,0,1
Isa 28:14-22,1,0,0,0,0,0,0,1
Isa 28:16-29,0,0,0,0,1,0,0,1
Isa 29:12-23,1,0,0,0,0,0,0,1
Isa 2:1-3,1,0,0,0,0,0,0,1
Isa 2:10-21,0,0,0,0,1,0,0,1
Isa 2:11-19,1,0,0,0,0,0,0,1
Isa 2:3-11,1,0,0,0,0,0,0,1
Isa 30:25-30,0,0,0,0,0,1,0,1
Isa 37:33-38,1,0,0,0,0,0,0,1
Isa 38:1-6,1,0,0,0,0,0,0,1
Isa 38:10-20,0,0,0,0,0,0,1,1
Isa 3:1-14,1,0,0,0,0,0,0,1
Isa 3:5-12,0,0,0,0,1,0,0,1
Isa 3:9-15,0,0,0,0,1,0,0,1
Isa 40:1-5,0,0,0,0,2,0,0,2
Isa 40:1-8,1,0,0,0,0,0,0,1
Isa 40:9-31,1,0,0,0,0,1,0,2
Isa 41:4-14,1,0,0,0,0,0,0,1
Isa 42:5-16,1,0,0,0,0,0,0,1
Isa 43:1-9,1,0,0,0,0,0,0,1
Isa 43:10-28,1,0,0,0,0,0,0,1
Isa 44:1-8,1,0,0,0,0,0,0,1
Isa 44:21-28,1,0,0,0,0,0,0,1
Isa 45:1-10,1,0,0,0,0,0,0,1
Isa 45:11-17,1,0,0,0,0,0,0,1
Isa 45:15-20,0,0,0,0,0,0,1,1
Isa 48:1-6,0,0,0,0,1,0,0,1
Isa 48:12-22,0,0,0,0,0,1,0,1
Isa 48:17-22,1,0,0,0,0,0,0,1
Isa 49:1-4,1,0,0,0,0,0,0,1
Isa 49:6-10,1,0,0,0,0,0,0,1
Isa 4:2-4,0,0,0,0,0,1,0,1
Isa 4:2-5,1,0,0,0,0,0,0,1
Isa 50:1-3,0,0,0,0,2,0,0,2
Isa 50:10-51:8,0,0,0,0,0,0,1,1
Isa 50:4-9,0,0,0,0,1,0,0,1
Isa 52:13-53:12,0,0,0,0,1,0,0,1
Isa 53:7-12,0,0,0,0,1,0,0,1
Isa 55:1-56:1,0,0,0,0,0,1,0,1
Isa 58:1-11,1,0,0,0,0,1,0,2
Isa 58:1-9,0,0,0,0,1,0,0,1
Isa 59:1-17,0,0,0,0,1,0,0,1
Isa 5:1-9,0,0,0,0,1,0,0,1
Isa 5:17-25,1,0,0,0,0,0,0,1
Isa 5:20-30,0,0,0,0,2,0,0,2
Isa 5:7-16,1,0,0,0,0,0,0,1
Isa 61:1-6,0,0,0,0,0,1,0,1
Isa 61:1-7,0,0,0,0,1,0,0,1
Isa 63:1-7,0,0,0,0,1,0,0,1
Isa 65:8-16,2,0,0,0,0,0,0,2
Isa 66:10-24,1,0,0,0,0,0,0,1
Isa 6:1-12,1,0,0,0,0,0,0,1
Isa 7:1-14,1,0,0,0,0,0,0,1
Isa 8:13-9,1,0,0,0,0,0,0,1
Isa 9:9-21,1,0,0,0,0,0,0,1
James 1:1-12,10,31,0,0,0,0,0,41
James 1:1-18,6,16,0,0,0,0,0,22
James 1:12-21,8,0,0,0,0,0,0,8
James 1:13-21,3,33,0,0,0,0,0,36
James 1:22-27,3,32,0,0,0,0,0,35
James 1:22-2:1,0,16,0,0,0,0,0,16
James 2:1,1,0,0,0,0,0,0,1
James 2:1-13,2,16,0,0,0,0,0,18
James 2:14-23,1,0,0,0,0,0,0,1
James 2:14-26,1,14,0,0,0,0,0,15
James 2:5-13,2,31,0,0,0,0,0,33
James 3:1-12,4,32,0,0,0,0,0,36
James 3:13-18,2,0,0,0,0,0,0,2
James 3:13-4,2,0,0,0,0,0,0,2
James 3:13-4:4,0,15,0,0,0,0,0,15
James 3:13-4:6,0,32,0,0,0,0,0,32
James 3:4-12,0,16,0,0,0,0,0,16
James 4:1-10,1,16,0,0,0,0,0,17
James 4:1-6,2,0,0,0,0,0,0,2
James 4:11-5,1,0,0,0,0,0,0,1
James 4:11-5:3,0,15,0,0,0,0,0,15
James 4:17,1,16,0,0,0,0,0,17
James 4:7-12,1,15,0,0,0,0,0,16
James 4:7-17,3,29,0,0,0,0,0,32
James 4:7-5:5,0,16,0,0,0,0,0,16
James 5:1-11,1,16,0,0,0,0,0,17
James 5:1-5,1,0,0,0,0,0,0,1
James 5:1-8,6,9,0,0,0,0,0,15
James 5:10-20,0,0,1,0,0,0,0,1
James 5:16-20,2,16,0,0,0,0,0,18
James 5:7-11,1,15,0,0,0,0,0,16
James 5:7-13,1,0,0,0,0,0,0,1
James 5:7-16,1,14,0,0,0,0,0,15
James 5:9-12,1,0,0,0,0,0,0,1
James 5:9-20,17,16,0,0,0,0,0,33
Jer 11:18-12:13,0,0,0,0,1,0,0,1
Jer 12:1-14,0,0,0,0,1,0,0,1
Jer 13:15-22,0,0,0,0,0,0,1,1
Jer 16:9-13,0,0,0,0,0,1,0,1
Jer 22:29-23:6,0,0,0,0,1,0,0,1
Jer 31:31-34,0,0,0,0,0,0,1,1
Jer 43:5-11,0,0,0,0,1,0,0,1
Jer 7:2-15,0,0,0,0,0,1,0,1
Jer 8:17-9:6,0,0,0,0,1,0,0,1
Jer 8:4-9,0,0,0,0,0,1,0,1
Jer 9:12-19,0,0,0,0,2,0,0,2
Jer 9:6-10,0,0,0,0,1,0,0,1
Jer 9:7-11,0,0,0,0,0,1,0,1
Jn 10:1-16,37,391,0,0,0,0,0,428
Jn 10:17-21,0,0,0,0,1,1,0,2
Jn 10:22-38,3,46,0,0,0,0,0,49
Jn 10:29-38,0,0,0,0,1,1,0,2
Jn 10:34-38,1,16,0,0,0,0,0,17
Jn 11:1-45,2,32,0,0,0,0,0,34
Jn 11:12-24,0,0,0,0,1,0,0,1
Jn 11:38-45,0,0,1,0,0,0,0,1
Jn 11:46-57,0,0,0,0,1,0,0,1
Jn 11:55-57,0,0,0,0,1,0,0,1
Jn 12:1-11,1,16,1,0,1,0,0,19
Jn 12:1-8,0,0,0,0,1,0,0,1
Jn 12:12-19,1,16,1,0,1,0,0,19
Jn 12:20-26,14,103,0,0,0,0,0,117
Jn 12:20-36,0,0,0,0,0,1,0,1
Jn 12:26-36,4,59,0,0,0,0,0,63
Jn 12:27-36,0,0,0,0,1,0,0,1
Jn 12:35-50,1,16,0,0,0,0,0,17
Jn 12:36-43,1,15,0,0,1,1,0,18
Jn 12:44-48,1,16,0,0,0,0,0,17
Jn 12:44-50,2,22,0,0,0,1,0,25
Jn 13:1-17,0,0,0,0,0,1,0,1
Jn 13:16-20,1,16,0,0,0,0,0,17
Jn 13:21-30,0,0,0,0,1,0,0,1
Jn 13:33-14:25,0,0,0,0,1,1,0,2
Jn 14:1-11,2,32,0,0,0,0,0,34
Jn 14:1-19,0,0,1,0,0,0,0,1
Jn 14:21-25,1,16,0,0,0,0,0,17
Jn 14:26-15,1,0,0,0,0,0,0,1
Jn 14:26-15:25,0,0,0,0,1,1,0,2
Jn 14:26-15:4,0,16,0,1,0,0,0,17
Jn 14:26-31,1,16,0,0,0,0,0,17
Jn 14:8-14,1,16,0,0,0,0,0,17
Jn 15:1-8,1,16,0,0,0,0,0,17
Jn 15:12-16,1,16,0,0,0,0,0,17
Jn 15:17-25,21,226,0,0,0,0,0,247
Jn 15:26-16,1,0,0,0,0,0,0,1
Jn 15:26-16:15,0,16,0,0,0,0,0,16
Jn 15:26-16:33,0,0,0,0,1,1,0,2
Jn 15:4-8,1,16,0,0,0,0,0,17
Jn 15:7-16,7,58,0,0,0,0,0,65
Jn 15:9-15,1,16,0,0,0,0,0,17
Jn 16:15-23,2,32,0,0,0,0,0,34
Jn 16:20-23,0,0,1,0,0,0,0,1
Jn 16:20-33,27,249,0,0,0,0,0,276
Jn 16:23-33,2,32,0,0,0,0,0,34
Jn 17:1-13,1,16,0,0,0,0,0,17
Jn 17:1-26,0,0,1,0,1,1,0,3
Jn 17:1-8,1,0,0,0,0,0,0,1
Jn 17:1-9,0,16,0,0,0,0,0,16
Jn 17:14-26,1,16,0,0,0,0,0,17
Jn 17:18-21,1,16,0,0,0,0,0,17
Jn 17:22-26,1,16,0,0,0,0,0,17
"Jn 18:1,18:2",0,0,0,0,1,0,0,1
Jn 18:1-2,0,0,0,0,0,1,0,1
Jn 18:10-14,0,0,0,0,1,1,0,2
Jn 18:15-27,0,0,0,0,1,1,0,2
Jn 18:28-40,0,0,0,0,1,0,0,1
Jn 18:3-9,0,0,0,0,1,1,0,2
Jn 19:1-12,0,0,0,0,2,0,0,2
Jn 19:13-27,0,0,0,0,0,1,0,1
Jn 19:28-30,0,0,0,0,1,0,0,1
Jn 19:31-37,0,0,0,0,1,0,0,1
Jn 19:38-42,0,0,1,0,1,0,0,2
Jn 1:1-13,1,13,0,0,0,0,0,14
Jn 1:1-17,8,73,0,1,0,0,0,82
Jn 1:14-17,1,20,0,0,0,0,0,21
Jn 1:18-34,1,16,0,0,0,0,0,17
Jn 1:18-42,0,0,1,0,0,0,0,1
Jn 1:35-51,1,16,0,0,0,0,0,17
Jn 1:43-51,3,27,1,0,0,0,0,31
Jn 1:9-14,0,16,0,0,0,0,0,16
Jn 1:9-15,1,0,0,0,0,0,0,1
Jn 20:1-18,7,98,1,0,0,0,0,106
Jn 20:19-23,2,32,0,0,0,0,0,34
Jn 20:19-31,1,16,0,0,0,0,0,17
Jn 20:24-31,1,3,0,0,0,0,0,4
Jn 21:1-14,1,16,0,0,0,0,0,17
Jn 21:15-25,7,59,0,0,0,0,0,66
Jn 21:34-38,0,0,0,0,2,0,0,2
Jn 2:1-11,2,33,0,0,0,0,0,35
Jn 2:12-25,1,32,0,0,0,0,0,33
Jn 2:13-17,0,0,0,0,1,0,0,1
Jn 2:7-11,0,28,0,0,0,0,0,28
Jn 3:1-13,1,16,0,0,0,0,0,17
Jn 3:1-21,3,30,2,0,0,0,0,35
Jn 3:14-21,2,32,0,0,0,0,0,34
Jn 3:17-21,8,20,0,0,0,0,0,28
Jn 3:22-29,1,20,0,0,0,0,0,21
Jn 3:22-36,1,16,1,0,0,0,0,18
Jn 3:25-30,1,16,0,0,0,0,0,17
Jn 3:25-36,1,8,0,0,0,0,0,9
Jn 3:31-36,2,32,0,0,0,0,0,34
Jn 4:1-2,0,0,1,0,0,0,0,1
Jn 4:1-24,0,0,1,0,0,0,0,1
Jn 4:1-42,2,29,0,0,0,0,0,31
Jn 4:15-21,1,0,0,0,0,0,0,1
Jn 4:15-24,24,225,0,0,0,0,0,249
Jn 4:19-24,1,16,0,0,0,0,0,17
Jn 4:43-54,1,29,0,0,0,0,0,30
Jn 4:46-53,8,20,0,0,0,0,0,28
Jn 5:1-17,0,0,1,0,0,0,0,1
Jn 5:1-18,2,30,0,0,0,0,0,32
Jn 5:19-29,0,0,2,0,0,0,0,2
Jn 5:21-30,0,0,0,0,0,0,1,1
Jn 5:22-24,1,16,0,0,0,0,0,17
Jn 5:31-37,1,16,0,0,0,0,0,17
Jn 5:31-46,1,16,0,0,0,0,0,17
Jn 5:31-47,1,15,0,0,0,0,0,16
Jn 5:37-47,1,16,0,0,0,0,0,17
Jn 5:39-47,2,22,0,0,0,0,0,24
Jn 6:1-14,1,16,0,0,0,0,0,17
Jn 6:15-21,1,14,0,0,0,0,0,15
Jn 6:15-22,1,16,0,0,0,0,0,17
Jn 6:15-23,0,0,0,1,0,0,0,1
Jn 6:16-23,1,16,0,0,0,0,0,17
Jn 6:22-27,1,14,0,0,0,0,0,15
Jn 6:24-33,1,16,0,0,0,0,0,17
Jn 6:27-46,1,6,0,0,0,0,0,7
Jn 6:35-45,2,32,0,0,0,0,0,34
Jn 6:35-46,1,16,0,0,0,0,0,17
Jn 6:47-56,1,16,0,0,0,0,0,17
Jn 6:47-58,1,16,0,0,0,0,0,17
Jn 6:47-71,1,14,0,0,0,0,0,15
Jn 6:5-14,8,20,0,0,0,0,0,28
Jn 6:54-58,2,32,0,0,0,0,0,34
Jn 6:57-69,1,16,0,0,0,0,0,17
Jn 6:70-7,1,0,0,0,0,0,0,1
Jn 6:70-7:1,0,16,0,0,0,0,0,16
Jn 7:10-13,1,16,0,0,0,0,0,17
Jn 7:14-24,1,16,0,0,0,0,0,17
Jn 7:14-29,1,16,0,0,0,0,0,17
Jn 7:31-36,1,16,0,0,0,0,0,17
Jn 7:37-39,1,16,0,0,0,0,0,17
Jn 7:37-44,1,16,0,0,0,0,0,17
Jn 7:37-46,1,16,0,0,0,0,0,17
Jn 7:39-42,1,16,0,0,0,0,0,17
Jn 7:40-53,1,0,0,0,0,0,0,1
Jn 8:12-16,1,16,0,0,0,0,0,17
Jn 8:12-20,2,32,0,0,1,0,0,35
Jn 8:21-27,2,30,0,0,0,0,0,32
Jn 8:21-29,0,0,0,0,0,1,0,1
Jn 8:21-30,1,16,0,0,0,0,0,17
Jn 8:23-26,1,16,0,0,0,0,0,17
Jn 8:28-30,1,16,0,0,0,0,0,17
Jn 8:28-42,3,46,0,0,0,0,0,49
Jn 8:31-39,2,31,0,0,0,0,0,33
Jn 8:39-42,1,16,0,0,0,0,0,17
Jn 8:51-55,1,16,0,0,0,0,0,17
Jn 8:51-59,2,30,0,0,2,0,0,34
Jn 8:54-59,1,16,0,0,0,0,0,17
Jn 9:1-38,1,16,0,0,0,0,0,17
Jn 9:1-41,1,16,0,0,0,0,0,17
Job 11:1-20,1,0,0,0,0,0,0,1
Job 12:1-25,1,0,0,0,0,0,0,1
Job 12:17-13:1,0,0,0,0,0,1,0,1
Job 12:18-13:1,0,0,0,0,1,0,0,1
Job 13:1-28,1,0,0,0,0,0,0,1
Job 14:1-22,1,0,0,0,0,0,0,1
Job 15:1-35,1,0,0,0,0,0,0,1
Job 16:1-17,1,0,0,0,0,0,0,1
Job 18:1-21,1,0,0,0,0,0,0,1
Job 19:1-26,1,0,0,0,0,0,0,1
Job 1:1-22,2,0,0,0,0,0,0,2
Job 20:1-29,1,0,0,0,0,0,0,1
Job 21:1-34,1,0,0,0,0,0,0,1
Job 22:1-30,1,0,0,0,0,0,0,1
Job 23:2-17,0,0,0,0,1,0,0,1
Job 23:2-24:25,0,0,0,0,0,1,0,1
Job 24:1-25,0,0,0,0,1,0,0,1
Job 25:1-6,1,0,0,0,0,0,0,1
Job 26:1-14,1,0,0,0,0,0,0,1
Job 27:16-20,0,0,0,0,1,0,0,1
Job 27:16-28:2,0,0,0,0,0,1,0,1
Job 27:2-28:13,0,0,0,0,1,0,0,1
Job 27:2-28:2,0,0,0,0,0,1,0,1
Job 28:1-2,0,0,0,0,1,0,0,1
Job 28:12-28,1,0,0,0,0,0,0,1
Job 29:2-20,1,0,0,0,0,0,0,1
"Job 29:21-25,30:1-10",0,0,0,0,0,1,0,1
Job 29:21-30:10,0,0,0,0,1,0,0,1
Job 30:9-31,1,0,0,0,0,0,0,1
Job 32:1-5,1,0,0,0,0,0,0,1
Job 32:17-22,1,0,0,0,0,0,0,1
Job 32:6-16,1,0,0,0,0,0,0,1
Job 33:1-33,1,0,0,0,0,0,0,1
Job 34:1-37,1,0,0,0,0,0,0,1
Job 35:1-16,1,0,0,0,0,0,0,1
Job 36:1-33,1,0,0,0,0,0,0,1
Job 37:1-4,1,0,0,0,0,0,0,1
Job 38:1-36,1,0,0,0,0,0,0,1
Job 38:37-41,1,0,0,0,0,0,0,1
Job 39:1-30,1,0,0,0,0,0,0,1
Job 40:1-24,1,0,0,0,0,0,0,1
Job 41:1-34,1,0,0,0,0,0,0,1
Job 42:1-6,2,0,0,0,0,0,0,2
Job 42:7-17,1,0,0,0,0,0,0,1
Joel 1:5-15,0,0,0,0,0,1,0,1
"Joel 2:1-3,2:10-11",0,0,0,0,0,1,0,1
Joel 2:12-27,1,0,0,0,0,0,0,1
Joel 2:21-26,1,0,0,0,0,0,0,1
Joel 2:28-32,2,0,0,0,0,0,0,2
Joel 3:9-21,1,0,0,0,0,0,0,1
Jonah 1:10-2:7,0,0,0,0,0,1,0,1
Jonah 1:10-2:8,0,0,0,0,1,0,0,1
Jonah 2:2-10,0,0,0,0,0,0,1,1
Josh 2:1-24,1,0,0,0,0,0,0,1
Josh 6:1-27,1,0,0,0,0,0,0,1
Jude 1:1-13,2,24,0,0,0,0,0,26
Jude 1:1-8,1,16,0,0,0,0,0,17
Jude 1:14-25,3,22,0,0,0,0,0,25
Jude 1:17-25,1,16,0,0,0,0,0,17
Jude 1:19-25,1,14,0,0,0,0,0,15
Jude 1:22-25,1,16,0,0,0,0,0,17
Judg 11:30-40,0,0,1,0,0,0,0,1
Lam 1:1-4,0,0,0,0,0,1,0,1
Lam 3:1-66,0,0,0,0,1,0,0,1
Lam 5:16-22,0,0,0,0,0,0,1,1
Lev 23:5-12,0,0,0,0,0,1,0,1
Lk 10:1-12,0,0,1,0,0,0,0,1
Lk 10:1-20,19,170,0,0,0,0,0,189
Lk 10:1-9,0,0,1,0,0,0,0,1
Lk 10:21-24,12,73,0,0,0,0,0,85
Lk 10:21-28,1,16,0,0,0,0,0,17
Lk 10:25-37,1,0,0,0,0,0,0,1
Lk 10:38-42,5,14,1,0,0,0,0,20
Lk 10:38-52,0,43,0,0,0,0,0,43
Lk 11:1-10,1,16,0,0,0,0,0,17
Lk 11:1-13,1,7,0,0,0,0,0,8
Lk 11:14-26,1,16,0,0,0,0,0,17
Lk 11:17-23,1,16,0,0,0,0,0,17
Lk 11:20-28,2,44,0,0,0,0,0,46
Lk 11:24-26,1,16,0,0,0,0,0,17
Lk 11:27-36,2,21,0,0,0,0,0,23
Lk 11:29-36,0,14,0,0,0,0,0,14
Lk 11:33-36,1,15,0,0,0,0,0,16
Lk 11:37-51,18,210,0,0,0,0,0,228
Lk 11:37-52,0,0,0,0,2,0,0,2
Lk 11:45-52,1,16,0,0,0,0,0,17
Lk 11:53-12:12,0,193,0,0,0,0,0,193
Lk 11:53-12:3,0,16,0,0,0,0,0,16
Lk 11:53-54,17,0,0,0,0,0,0,17
Lk 12:1-12,16,0,0,0,0,0,0,16
Lk 12:1-3,1,0,0,0,0,0,0,1
Lk 12:16-21,1,16,0,0,0,0,0,17
Lk 12:22-31,2,28,0,0,0,0,0,30
Lk 12:27-31,1,16,0,0,0,0,0,17
Lk 12:32-44,16,164,0,0,0,0,0,180
Lk 12:32-46,0,0,0,1,0,0,0,1
Lk 12:4-12,20,191,0,0,0,0,0,211
Lk 12:41-50,1,16,0,0,0,0,0,17
Lk 12:54-59,1,15,0,0,0,0,0,16
Lk 13:1-5,2,30,0,0,0,0,0,32
Lk 13:10-17,2,19,0,0,0,0,0,21
Lk 13:18-22,1,16,0,0,0,0,0,17
Lk 13:22-30,0,0,1,0,0,0,0,1
Lk 13:22-35,1,16,0,0,0,0,0,17
Lk 13:23-30,11,88,0,0,2,0,0,101
Lk 13:31-35,1,14,0,0,2,0,0,17
Lk 13:6-9,1,26,0,0,0,0,0,27
Lk 14:1-6,1,16,0,0,0,0,0,17
Lk 14:12-15,1,16,0,0,0,0,0,17
Lk 14:16-24,3,28,0,0,0,0,0,31
Lk 14:25-32,0,16,0,0,0,0,0,16
Lk 14:25-35,13,104,0,0,0,0,0,117
Lk 14:28-35,1,16,0,0,0,0,0,17
Lk 14:7-11,1,16,0,0,0,0,0,17
Lk 14:7-15,2,32,0,0,0,0,0,34
Lk 15:11-32,1,16,0,0,0,0,0,17
Lk 15:3-10,3,39,0,0,0,0,0,42
Lk 16:1-12,15,137,0,0,0,0,0,152
Lk 16:1-18,1,16,0,0,0,0,0,17
Lk 16:1-9,1,16,0,0,0,0,0,17
Lk 16:19-31,4,44,0,0,0,0,0,48
Lk 17:1-10,2,16,0,0,0,0,0,18
Lk 17:11-19,1,1,0,0,0,0,0,2
Lk 17:20-36,0,16,0,0,0,0,0,16
Lk 17:20-37,1,14,0,0,0,0,0,15
Lk 17:3-10,1,15,0,0,0,0,0,16
Lk 17:3-6,1,15,0,0,0,0,0,16
Lk 17:5-10,3,37,0,0,0,0,0,40
Lk 18:1-8,2,30,0,0,0,0,0,32
Lk 18:35-43,3,47,0,0,0,0,0,50
Lk 18:9-17,1,14,0,0,0,0,0,15
Lk 19:1-10,6,40,4,0,1,0,0,51
Lk 19:11-19,16,164,0,0,0,0,0,180
Lk 19:11-28,1,15,0,0,0,0,0,16
Lk 19:29-48,1,16,1,0,1,0,0,19
Lk 1:1-25,6,61,0,0,0,0,0,67
Lk 1:26-38,4,58,1,0,0,0,0,63
Lk 1:39-56,6,73,1,0,0,0,0,80
Lk 1:46-55,0,0,0,0,0,0,1,1
Lk 1:57-80,2,30,0,0,0,0,0,32
Lk 1:68-79,0,0,0,0,0,0,1,1
Lk 20:20-26,1,16,0,0,0,0,0,17
Lk 20:27-38,1,16,0,0,0,0,0,17
Lk 20:27-39,1,16,0,0,0,0,0,17
Lk 20:9-19,2,28,0,0,0,0,0,30
Lk 21:12-19,24,253,1,0,0,0,0,278
Lk 21:12-33,1,11,0,0,0,0,0,12
Lk 21:34-38,0,0,0,0,0,1,0,1
Lk 22:1-6,0,0,0,0,1,0,0,1
Lk 22:24-30,5,66,0,0,0,0,0,71
Lk 22:31-39,0,0,0,0,1,1,0,2
Lk 22:40-46,0,0,0,0,1,1,0,2
Lk 22:47-55,0,0,0,0,1,1,0,2
Lk 22:56-65,0,0,0,0,1,1,0,2
Lk 22:66-23:12,0,0,0,0,1,0,0,1
Lk 22:7-13,0,0,0,0,1,0,0,1
Lk 23:13-25,0,0,0,0,1,0,0,1
Lk 23:26-44,0,0,0,0,1,0,0,1
Lk 23:45-46,0,0,0,0,1,0,0,1
Lk 23:47-49,0,0,0,0,1,0,0,1
Lk 23:50-56,0,0,1,0,1,0,0,2
Lk 24:1-12,7,92,1,0,0,0,0,100
Lk 24:13-35,1,16,0,0,0,0,0,17
Lk 24:36-53,1,16,1,0,0,0,0,18
Lk 2:1-20,1,20,0,0,0,0,0,21
Lk 2:15-20,2,32,0,0,0,0,0,34
Lk 2:21-35,0,0,1,0,0,0,0,1
Lk 2:21-39,2,32,0,0,0,0,0,34
Lk 2:25-32,0,0,0,1,0,0,0,1
Lk 2:29-32,0,0,0,0,0,0,1,1
Lk 2:40-52,2,32,0,0,0,0,0,34
Lk 3:1-18,1,20,0,0,0,0,0,21
Lk 3:21-22,1,16,0,0,0,0,0,17
Lk 3:23-38,1,20,0,0,0,0,0,21
Lk 4:1-13,3,34,0,0,0,0,0,37
Lk 4:14-30,1,16,0,0,0,0,0,17
Lk 4:22-30,1,16,0,0,0,0,0,17
Lk 4:23-30,1,4,0,0,0,0,0,5
Lk 4:31-37,2,30,0,0,0,0,0,32
Lk 4:38-41,4,56,0,1,0,0,0,61
Lk 4:38-42,1,16,0,0,0,0,0,17
Lk 4:40-44,1,14,0,0,0,0,0,15
Lk 4:42-5,1,0,0,0,0,0,0,1
Lk 4:42-5:3,0,16,0,0,0,0,0,16
Lk 5:1-11,2,32,0,0,0,0,0,34
Lk 5:12-16,1,16,0,0,0,0,0,17
Lk 5:17-26,1,10,0,0,0,0,0,11
Lk 5:18-26,1,14,0,0,0,0,0,15
Lk 5:27-32,2,14,0,0,0,0,0,16
Lk 5:27-39,1,14,0,0,0,0,0,15
Lk 6:12-16,1,16,0,0,0,0,0,17
Lk 6:12-23,12,111,0,0,0,0,0,123
Lk 6:17-23,59,543,0,0,0,0,0,602
Lk 6:24-34,1,15,0,0,0,0,0,16
Lk 6:27-38,1,16,0,0,0,0,0,17
Lk 6:35-38,1,15,0,0,0,0,0,16
Lk 6:39-49,1,13,0,0,0,0,0,14
Lk 7:1-10,4,30,0,0,0,0,0,34
Lk 7:11-16,0,0,1,0,0,0,0,1
Lk 7:11-17,13,89,0,0,0,0,0,102
Lk 7:18-23,1,16,0,0,0,0,0,17
Lk 7:18-28,1,8,0,0,0,0,0,9
Lk 7:24-28,1,16,0,0,0,0,0,17
Lk 7:28-35,2,30,1,0,0,0,0,33
Lk 7:36-50,3,60,1,1,0,0,0,65
Lk 8:1-3,2,32,0,0,0,0,0,34
Lk 8:18-21,1,16,0,0,0,0,0,17
Lk 8:22-25,1,16,0,0,0,0,0,17
Lk 8:23-25,1,15,0,0,0,0,0,16
Lk 8:4-15,1,16,0,0,0,0,0,17
Lk 8:40-56,1,16,0,0,0,0,0,17
Lk 9:1-6,4,53,0,0,0,0,0,57
Lk 9:10-17,1,16,0,1,0,0,0,18
Lk 9:12-17,7,25,0,0,0,0,0,32
Lk 9:18-22,1,16,0,0,0,1,0,18
Lk 9:18-27,15,83,0,0,0,0,0,98
Lk 9:28-35,1,16,2,0,0,0,0,19
Lk 9:28-36,3,32,0,0,0,0,0,35
Lk 9:37-43,1,15,0,0,0,0,0,16
Lk 9:51-62,1,16,0,0,0,0,0,17
Lk 9:57-62,1,16,0,0,0,0,0,17
Lk 9:7-12,1,14,0,0,0,0,0,15
Mal 1:1-9,0,0,0,0,2,0,0,2
Mal 1:6-14,1,0,0,0,0,0,0,1
Mal 3:1-18,1,0,0,0,0,0,0,1
Mark 10:1-12,1,12,0,0,0,0,0,13
Mark 10:13-16,2,14,0,0,0,0,0,16
Mark 10:17-27,2,29,0,0,0,0,0,31
Mark 10:17-30,7,69,0,0,0,0,0,76
Mark 10:17-31,1,16,0,0,0,0,0,17
Mark 10:32-34,0,0,0,0,0,1,0,1
Mark 10:35-45,8,108,0,0,0,0,0,116
Mark 10:46-52,1,16,0,0,0,0,0,17
Mark 11:1-11,1,16,1,0,1,0,0,19
Mark 11:11-19,0,0,0,0,2,0,0,2
Mark 11:12-24,0,0,0,0,1,0,0,1
Mark 11:22-26,1,15,0,0,0,0,0,16
Mark 12:1-12,1,15,0,0,0,0,0,16
Mark 12:18-27,3,29,0,0,0,0,0,32
Mark 12:28-34,2,32,0,0,0,0,0,34
Mark 12:28-37,1,16,0,0,0,0,0,17
Mark 12:35-40,1,16,0,0,0,0,0,17
Mark 12:41-44,6,61,0,0,0,0,0,67
Mark 13:3-37,1,16,0,0,0,0,0,17
Mark 13:32-14:2,0,0,0,0,0,1,0,1
Mark 13:32-37,1,11,0,0,2,0,0,14
Mark 13:33-37,16,152,0,0,0,0,0,168
Mark 13:9-13,16,179,0,0,0,0,0,195
Mark 14:1-2,0,0,0,0,2,0,0,2
Mark 14:12-16,0,0,0,0,1,0,0,1
Mark 14:26-31,0,0,0,0,1,1,0,2
Mark 14:3-11,0,0,0,0,1,1,0,2
Mark 14:3-9,6,48,1,0,0,0,0,55
Mark 14:32-42,0,0,0,0,1,1,0,2
Mark 14:39,0,13,0,0,0,0,0,13
Mark 14:43-54,0,0,0,0,1,1,0,2
Mark 14:55-72,0,0,0,0,1,1,0,2
Mark 15:1-5,0,0,0,0,1,0,0,1
Mark 15:26-33,0,0,0,0,1,0,0,1
Mark 15:34-37,0,0,0,0,1,0,0,1
Mark 15:38-41,0,0,0,0,1,0,0,1
Mark 15:42-16:1,0,0,0,0,1,0,0,1
Mark 15:6-25,0,0,0,0,1,0,0,1
Mark 16,0,0,1,0,0,0,0,1
Mark 16:12-20,1,16,0,0,0,0,0,17
Mark 16:17-20,1,16,0,0,0,0,0,17
Mark 16:2-11,1,16,0,0,0,0,0,17
Mark 16:2-8,6,88,0,0,0,0,0,94
Mark 16:9-20,1,16,0,0,0,0,0,17
Mark 19:9-13,0,14,0,0,0,0,0,14
Mark 1:1-11,8,85,0,0,0,0,0,93
Mark 1:12-15,1,16,0,0,0,0,0,17
Mark 1:16-22,8,108,0,0,0,0,0,116
Mark 1:23-31,1,16,0,0,0,0,0,17
Mark 1:29-34,1,9,0,0,0,0,0,10
Mark 1:35-39,1,16,0,0,0,0,0,17
Mark 1:40-44,1,16,0,0,0,0,0,17
Mark 2:1-12,1,16,0,0,0,0,0,17
Mark 2:13-17,2,14,0,0,0,0,0,16
Mark 2:18-22,1,16,0,0,0,0,0,17
Mark 2:3-13,1,16,0,0,0,0,0,17
Mark 3:22-27,5,28,0,0,0,0,0,33
Mark 3:22-34,0,13,0,0,0,0,0,13
Mark 3:22-35,1,0,0,0,0,0,0,1
Mark 3:28-35,6,44,0,0,0,0,0,50
Mark 3:31-35,1,16,0,0,0,0,0,17
Mark 3:7-12,2,23,0,0,0,0,0,25
Mark 3:7-21,11,97,0,0,0,0,0,108
Mark 4:10-20,1,0,0,0,0,0,0,1
Mark 4:21-25,6,44,0,0,0,0,0,50
Mark 4:21-29,1,15,0,0,0,0,0,16
Mark 4:26-29,1,16,0,0,0,0,0,17
Mark 4:30-34,2,32,0,0,0,0,0,34
Mark 4:35-41,5,63,0,0,0,0,0,68
Mark 5:21-43,1,16,0,0,0,0,0,17
Mark 6:14-29,1,14,0,0,0,0,0,15
Mark 6:30-34,1,16,0,0,0,0,0,17
Mark 6:35-44,6,9,0,0,0,0,0,15
Mark 6:45-56,1,14,0,0,0,0,0,15
Mark 6:47-52,1,16,0,0,0,0,0,17
Mark 6:6-13,7,69,0,0,0,0,0,76
Mark 7:1-20,1,16,0,0,0,0,0,17
Mark 7:1-4,1,16,0,0,0,0,0,17
Mark 7:5-8,1,16,0,0,0,0,0,17
Mark 8:10-15,1,16,0,0,0,0,0,17
Mark 8:10-21,0,16,0,0,0,0,0,16
Mark 8:22-26,1,16,0,0,0,0,0,17
Mark 8:22-29,15,83,0,0,0,0,0,98
Mark 8:27-33,0,0,0,0,0,1,0,1
Mark 8:34-38,25,0,0,0,0,0,0,25
Mark 8:34-9,1,0,0,0,0,0,0,1
Mark 8:34-9:1,0,284,0,0,0,0,0,284
Mark 9:1,25,0,0,0,0,0,0,25
Mark 9:14-24,1,16,0,0,0,0,0,17
Mark 9:14-29,2,32,0,0,0,0,0,34
Mark 9:2-13,2,16,0,0,0,0,0,18
Mark 9:2-7,1,16,0,0,0,0,0,17
Mark 9:25-29,1,16,0,0,0,0,0,17
Mark 9:30-32,1,16,0,0,0,0,0,17
Mark 9:33-37,1,16,0,0,0,0,0,17
Mark 9:33-41,5,40,0,0,0,0,0,45
Mark 9:33-50,1,0,0,0,0,0,0,1
Mark 9:38-42,1,16,0,0,0,0,0,17
Mark 9:43-50,1,16,0,0,0,0,0,17
Matt 10:1-15,10,94,0,0,0,0,0,104
Matt 10:1-8,0,0,2,0,0,0,0,2
Matt 10:16-22,9,78,0,0,0,0,0,87
Matt 10:16-23,21,181,0,0,0,0,0,202
Matt 10:24-33,28,278,0,0,0,0,0,306
Matt 10:34-42,43,410,0,0,0,0,0,453
Matt 11:11-15,1,16,0,0,0,0,0,17
Matt 11:11-19,2,30,0,0,0,0,0,32
Matt 11:2-10,1,8,0,0,0,0,0,9
Matt 11:2-6,1,16,0,0,0,0,0,17
Matt 11:20-24,1,16,0,0,0,0,0,17
Matt 11:20-30,1,16,0,0,0,0,0,17
Matt 11:25-30,4,60,0,0,0,0,0,64
Matt 12:1-8,2,14,0,0,0,0,0,16
Matt 12:15-23,4,24,0,0,0,0,0,28
Matt 12:22-28,1,16,0,0,0,0,0,17
Matt 12:22-37,1,15,0,0,0,0,0,16
Matt 12:24-34,1,0,0,0,0,0,0,1
Matt 12:35-50,5,57,0,0,0,0,0,62
Matt 12:9-23,7,71,0,0,0,0,0,78
Matt 13:1-9,1,16,0,0,0,0,0,17
Matt 13:24-43,2,24,0,0,0,0,0,26
Matt 13:44-52,3,40,0,0,0,0,0,43
Matt 13:44-53,0,0,1,0,0,0,0,1
Matt 13:53-58,2,29,0,0,0,0,0,31
Matt 14:1-12,1,14,0,0,0,0,0,15
Matt 14:1-5,1,13,0,0,0,0,0,14
Matt 14:15-21,7,41,0,0,0,0,0,48
Matt 14:22-26,0,16,0,0,0,0,0,16
Matt 14:22-36,2,8,0,0,0,0,0,10
Matt 14:23-33,1,16,0,0,0,0,0,17
Matt 15:1-11,1,14,0,0,0,0,0,15
Matt 15:1-20,1,16,0,0,0,0,0,17
Matt 15:12-20,1,14,0,0,0,0,0,15
Matt 15:21-28,1,16,0,0,0,0,0,17
Matt 15:21-31,2,32,0,0,0,0,0,34
Matt 15:29-31,1,16,0,0,0,0,0,17
Matt 15:32-16:4,0,16,0,0,0,0,0,16
Matt 15:32-38,1,16,0,0,0,0,0,17
Matt 15:39,1,0,0,0,0,0,0,1
Matt 15:39-16:12,0,13,0,0,0,0,0,13
Matt 16:1-12,1,0,0,0,0,0,0,1
Matt 16:13-19,43,360,0,0,0,0,0,403
Matt 16:21-23,1,16,0,0,0,0,0,17
Matt 16:21-26,1,16,0,0,0,0,0,17
Matt 16:24-28,23,229,1,0,0,0,1,254
Matt 17:1-13,1,7,0,0,0,0,0,8
Matt 17:1-9,20,226,0,0,0,0,0,246
Matt 17:10-13,1,16,0,0,0,0,0,17
Matt 17:14-18,1,16,0,0,0,0,0,17
Matt 17:14-21,1,16,0,0,0,0,0,17
Matt 17:19-23,1,16,0,0,0,1,0,18
Matt 17:20-23,1,16,0,0,0,0,0,17
Matt 17:24-27,1,16,0,0,0,0,0,17
Matt 18:1-5,1,16,0,0,0,0,0,17
Matt 18:1-7,1,24,0,0,0,0,0,25
Matt 18:1-9,1,16,0,0,0,0,0,17
Matt 18:10-20,7,78,0,0,0,0,0,85
Matt 18:23-35,1,14,0,0,0,0,0,15
Matt 18:6-7,1,16,0,0,0,0,0,17
Matt 19:1-12,1,29,0,0,0,0,0,30
Matt 19:1-6,0,0,1,0,0,0,0,1
Matt 19:16-30,1,16,0,0,0,0,0,17
Matt 1:1-17,1,20,0,0,0,0,0,21
Matt 1:18-25,1,20,0,0,0,0,0,21
Matt 20:1-16,1,16,0,0,0,0,0,17
Matt 20:17-19,1,16,0,0,0,0,0,17
Matt 20:20-28,2,16,0,0,1,0,0,19
Matt 20:29-33,0,16,0,0,0,0,0,16
Matt 20:29-34,1,0,0,0,0,0,0,1
Matt 21:1-11,0,0,1,0,0,0,0,1
Matt 21:1-17,1,16,1,0,1,0,0,19
Matt 21:10-17,0,0,0,0,1,0,0,1
Matt 21:23-27,1,16,0,0,2,0,0,19
Matt 21:28-32,1,16,0,0,0,0,0,17
Matt 21:33-45,0,16,0,0,0,0,0,16
Matt 21:33-46,2,14,0,0,0,0,0,16
Matt 22:1-14,1,13,0,0,0,1,0,15
Matt 22:34-40,2,16,0,0,0,0,0,18
Matt 22:35-46,1,0,0,0,0,0,0,1
Matt 22:41-46,3,31,0,0,0,0,0,34
Matt 23:1-39,1,16,0,0,0,0,0,17
Matt 23:13-26,0,97,0,0,0,0,0,97
Matt 23:13-36,18,113,0,0,0,0,0,131
Matt 23:13-39,1,0,0,0,0,0,0,1
Matt 23:14-39,0,15,0,0,0,0,0,15
Matt 23:29-36,0,0,0,0,0,1,0,1
Matt 23:37-24:2,0,0,0,0,0,1,0,1
Matt 24:3-35,1,11,0,0,0,1,0,13
Matt 24:36-51,0,0,0,0,0,1,0,1
Matt 24:42-47,21,212,0,0,0,0,0,233
Matt 25:1-13,24,225,0,1,0,1,0,251
Matt 25:14-23,28,241,0,0,0,0,0,269
Matt 25:14-26:2,0,0,0,0,0,1,0,1
Matt 25:31-46,2,12,0,0,0,0,0,14
Matt 25:32-46,0,14,0,0,0,0,0,14
Matt 26:17-19,0,0,0,0,2,0,0,2
Matt 26:20-29,0,0,0,0,0,1,0,1
Matt 26:3-16,0,0,0,0,1,1,0,2
Matt 26:30-35,0,0,0,0,1,1,0,2
Matt 26:36-46,0,0,0,0,1,1,0,2
Matt 26:47-58,0,0,0,0,1,1,0,2
Matt 26:59-75,0,0,0,0,1,1,0,2
Matt 26:6-13,24,225,2,0,0,0,0,251
Matt 27:1-14,0,0,0,0,1,0,0,1
Matt 27:15-26,0,0,0,0,1,0,0,1
Matt 27:27-45,0,0,0,0,1,0,0,1
Matt 27:46-50,0,0,0,0,1,0,0,1
Matt 27:51-56,0,0,0,0,1,0,0,1
Matt 27:57-61,0,0,0,0,1,0,0,1
Matt 27:62-66,0,0,0,0,0,0,1,1
Matt 28:1-20,5,69,0,0,1,0,1,76
Matt 28:16-20,1,16,1,0,0,0,0,18
Matt 2:1-12,1,20,0,0,0,0,0,21
Matt 2:13-23,5,49,0,0,0,0,0,54
Matt 3:1-12,1,16,0,0,0,0,0,17
Matt 3:1-17,0,0,1,0,0,0,0,1
Matt 3:13-17,1,16,1,0,0,0,0,18
Matt 3:23-5:16,0,14,0,0,0,0,0,14
Matt 4:1-11,1,16,0,0,0,0,0,17
Matt 4:12-17,3,11,0,0,0,0,0,14
Matt 4:12-22,1,20,0,0,0,0,0,21
Matt 4:18-22,8,108,0,0,0,0,0,116
Matt 4:23-25,27,0,0,0,0,0,0,27
Matt 4:23-5:16,0,214,0,0,0,0,0,214
Matt 5:1-16,27,13,0,1,0,0,0,41
Matt 5:17-24,1,16,0,0,0,0,0,17
Matt 5:25-37,1,16,0,0,0,0,0,17
Matt 5:3-12,0,0,0,0,0,0,1,1
Matt 5:34-48,1,16,0,0,0,0,0,17
Matt 5:38-48,1,16,0,0,0,0,0,17
Matt 6:1-18,1,15,0,0,0,0,0,16
Matt 6:14-18,0,0,1,0,0,0,0,1
Matt 6:19-30,0,16,0,0,0,0,0,16
Matt 6:19-33,1,0,0,0,0,0,0,1
Matt 6:34-7,1,0,0,0,0,0,0,1
Matt 6:34-7:12,0,16,0,0,0,0,0,16
Matt 7:13-21,1,16,0,0,0,0,0,17
Matt 7:22-25,11,88,0,0,0,0,0,99
Matt 7:22-29,1,16,0,0,0,0,0,17
Matt 7:7-12,1,15,0,0,0,0,0,16
Matt 8:23-27,1,16,0,0,0,0,0,17
Matt 8:5-13,8,80,0,0,0,0,0,88
Matt 9:1-8,1,16,0,0,0,0,0,17
Matt 9:10-15,1,16,0,0,0,0,0,17
Matt 9:15-17,1,16,0,0,0,0,0,17
Matt 9:18-26,1,16,1,0,0,0,0,18
Matt 9:27-31,1,16,0,0,0,0,0,17
Matt 9:32-35,1,16,0,0,0,0,0,17
Matt 9:33-41,0,26,0,0,0,0,0,26
Matt 9:36-38,1,16,0,0,0,0,0,17
Matt 9:9-13,2,14,0,0,0,0,0,16
Mic 1:16-2:3,0,0,0,0,1,0,0,1
Mic 2:3-10,0,0,0,0,0,1,0,1
Mic 3:1-4,0,0,0,0,0,1,0,1
Mic 7:1-8,0,0,0,0,1,0,0,1
Nah 1:2-8,0,0,0,0,0,1,0,1
Num 10:35-36,1,0,0,0,0,0,0,1
Num 11:1-35,1,0,0,0,0,0,0,1
Num 20:1-13,0,0,0,0,1,0,0,1
Num 21:1-9,0,0,0,0,1,0,0,1
Phil 1:1-11,5,28,0,0,0,0,0,33
Phil 1:27-30,1,0,0,0,0,0,0,1
Phil 2:1-11,1,0,0,0,0,0,0,1
Phil 2:1-16,1,16,0,0,0,0,0,17
Phil 2:22-26,1,16,0,0,0,0,0,17
Phil 2:4-11,0,0,0,0,0,1,0,1
Phil 2:5-11,0,0,0,0,1,0,0,1
Phil 3:1-12,2,32,0,0,0,0,0,34
Phil 3:20-21,10,0,0,0,0,0,0,10
Phil 3:20-4:9,0,89,0,0,0,0,0,89
Phil 4:1-9,10,0,0,0,0,0,0,10
Phil 4:4-9,1,16,0,0,0,0,0,17
Prov 10:1-16,1,0,0,0,0,0,0,1
Prov 10:17-33,1,0,0,0,0,0,0,1
Prov 10:32,1,0,0,0,0,0,0,1
Prov 11:1-13,1,0,0,0,0,0,0,1
Prov 11:13-26,2,0,0,0,0,0,0,2
Prov 11:27-31,1,0,0,0,0,0,0,1
Prov 12:1-22,1,0,0,0,0,0,0,1
Prov 1:1-9,0,0,0,0,2,0,0,2
Prov 1:10-23,0,0,0,0,1,0,0,1
Prov 1:10-33,0,0,0,0,0,1,0,1
Prov 1:20-33,1,0,0,0,0,0,0,1
Prov 2:1-15,1,0,0,0,0,0,0,1
Prov 2:16-22,1,0,0,0,0,0,0,1
Prov 30:2-6,0,0,0,0,0,1,0,1
Prov 3:1-4,1,0,0,0,0,0,0,1
Prov 3:19-35,1,0,0,0,0,0,0,1
Prov 3:5-14,0,0,0,0,0,1,0,1
Prov 3:5-15,0,0,0,0,1,0,0,1
Prov 3:5-18,1,0,0,0,0,0,0,1
Prov 4:1-9,1,0,0,0,0,0,0,1
Prov 4:10-19,1,0,0,0,0,0,0,1
Prov 4:20-27,1,0,0,0,0,0,0,1
"Prov 4:4-27,5:1-4",0,0,0,0,0,1,0,1
Prov 4:4-5:4,0,0,0,0,2,0,0,2
Prov 5:1-12,1,0,0,0,0,0,0,1
Prov 6:20-7:4,0,0,0,0,0,1,0,1
Prov 8:1-11,1,0,0,0,0,0,0,1
Prov 8:1-12,0,0,0,0,0,1,0,1
Prov 8:12-21,1,0,0,0,0,0,0,1
Prov 8:22-36,1,0,0,0,0,0,0,1
Prov 9:1-11,1,0,0,0,0,2,0,3
Prov 9:12-18,1,0,0,0,0,0,0,1
Ps 1,0,0,0,1,0,0,0,1
Ps 100,0,0,0,1,0,0,0,1
Ps 100:1-4,0,16,0,0,0,0,0,16
Ps 100:2,0,15,0,0,0,0,0,15
Ps 100:2-3,1,0,0,0,0,0,0,1
Ps 100:3,1,31,0,0,0,0,0,32
Ps 101,0,0,0,1,0,0,0,1
Ps 101:1,1,14,0,0,0,0,0,15
Ps 101:12,0,14,0,0,0,0,0,14
Ps 101:2,1,14,0,0,0,0,0,15
Ps 101:4,1,0,0,0,0,0,0,1
Ps 101:8,2,29,0,0,0,0,0,31
Ps 102:1,1,0,0,0,0,0,0,1
"Ps 102:1,102:2",0,0,0,0,0,1,0,1
"Ps 102:1,102:8",0,0,0,0,0,1,0,1
Ps 102:1-2,0,0,2,0,0,0,0,2
Ps 102:12,2,27,0,0,0,0,0,29
Ps 102:13,6,77,0,0,0,0,0,83
Ps 102:14-15,0,14,0,0,0,0,0,14
Ps 102:16,6,61,0,0,0,0,0,67
Ps 102:17,6,61,0,0,0,0,0,67
Ps 102:19,0,16,0,0,0,0,0,16
Ps 102:19-21,6,45,0,0,0,0,0,51
Ps 102:2,1,0,0,0,0,0,0,1
Ps 102:21,1,32,0,0,0,0,0,33
Ps 102:23,0,11,0,0,0,0,0,11
Ps 102:24,1,11,0,0,0,0,0,12
Ps 102:24-26,1,11,0,0,0,0,0,12
Ps 102:7,0,14,0,0,0,0,0,14
Ps 102:9,0,14,0,0,0,0,0,14
Ps 103:10,1,0,0,0,0,0,0,1
Ps 103:16,1,0,0,0,0,0,0,1
Ps 103:20-21,2,24,1,0,0,0,0,27
Ps 104:1,1,30,0,0,0,0,0,31
Ps 104:1-2,1,0,0,0,0,0,0,1
Ps 104:10,0,16,0,0,0,0,0,16
Ps 104:13-14,0,16,0,0,0,0,0,16
Ps 104:14-15,1,0,0,0,0,0,0,1
Ps 104:15,1,16,0,0,0,0,0,17
"Ps 104:15,104:24",0,13,0,0,0,0,0,13
Ps 104:16,0,16,0,0,0,0,0,16
Ps 104:2,1,30,0,0,0,0,0,31
Ps 104:24,2,32,0,0,0,0,0,34
Ps 104:3,2,24,0,0,0,0,0,26
Ps 104:30-31,1,16,0,0,0,0,0,17
Ps 104:31,1,16,0,0,0,0,0,17
Ps 104:31-32,2,16,0,0,0,0,0,18
Ps 104:4,3,38,1,0,0,0,0,42
Ps 105:1,1,14,0,0,0,0,0,15
Ps 105:1-3,11,122,0,0,0,0,0,133
Ps 105:14-15,18,210,0,0,0,0,0,228
Ps 105:23,3,0,0,0,0,0,0,3
"Ps 105:23,105:27",0,11,0,0,0,0,0,11
Ps 105:26,18,196,0,0,0,0,0,214
"Ps 105:26,105:27,105:45",0,14,0,0,0,0,0,14
Ps 105:27,21,196,0,0,0,0,0,217
Ps 105:3,1,0,0,0,0,0,0,1
Ps 105:3-4,1,13,0,0,0,0,0,14
Ps 105:3-5,1,29,0,0,0,0,0,30
Ps 105:36,3,11,0,0,0,0,0,14
Ps 105:38,3,11,0,0,0,0,0,14
Ps 105:4,1,0,0,0,0,0,0,1
Ps 105:43,1,16,0,0,0,0,0,17
Ps 105:45,19,212,0,0,0,0,0,231
Ps 105:5,1,0,0,0,0,0,0,1
Ps 105:8-10,1,13,0,0,0,0,0,14
Ps 106:1,0,32,0,0,0,0,0,32
Ps 106:1-2,1,0,0,0,0,0,0,1
Ps 106:2,0,32,0,0,0,0,0,32
Ps 106:21,3,11,0,0,0,0,0,14
Ps 106:22,3,11,0,0,0,0,0,14
Ps 106:4,3,27,0,0,0,0,0,30
Ps 106:4-5,1,0,0,0,0,0,0,1
Ps 106:47,1,16,0,0,0,0,0,17
Ps 106:48,1,16,0,0,0,0,0,17
Ps 106:5,0,16,0,0,0,0,0,16
Ps 107:1,0,16,0,0,0,0,0,16
Ps 107:1-2,2,0,0,0,0,0,0,2
Ps 107:2,0,16,0,0,0,0,0,16
"Ps 107:2,107:3",0,16,0,0,0,0,0,16
Ps 107:2-3,1,0,0,0,0,0,0,1
Ps 107:20,1,16,0,0,0,0,0,17
Ps 107:22,1,16,0,0,0,0,0,17
Ps 107:32,35,293,0,0,0,0,0,328
Ps 107:41,35,293,0,0,0,0,0,328
Ps 107:42,35,293,0,0,0,0,0,328
"Ps 108:1,108:2",0,0,0,0,1,0,0,1
Ps 108:3,0,16,0,0,0,0,0,16
Ps 108:3-4,1,0,0,0,0,0,0,1
Ps 108:4,0,16,0,0,0,0,0,16
Ps 110,0,0,0,2,0,0,0,2
Ps 110:1,0,16,0,0,0,0,0,16
Ps 110:1-2,1,0,0,0,0,0,0,1
Ps 110:2,0,16,0,0,0,0,0,16
Ps 110:3,1,20,0,0,0,0,0,21
Ps 110:4,37,274,0,0,0,0,0,311
"Ps 110:4,110:5",0,210,0,0,0,0,0,210
"Ps 110:4,110:5,110:7",0,18,0,0,0,0,0,18
Ps 110:4-6,17,0,0,0,0,0,0,17
Ps 110:5,17,274,0,0,0,0,0,291
Ps 110:7,37,484,0,0,0,0,0,521
Ps 111,0,0,0,1,0,0,0,1
Ps 111:1,1,16,0,0,0,0,0,17
"Ps 111:1,111:2",0,16,0,0,0,0,0,16
Ps 111:1-2,1,0,0,0,0,0,0,1
Ps 111:2,0,16,0,0,0,0,0,16
Ps 111:3,1,0,0,0,0,0,0,1
Ps 111:3-4,1,16,0,0,0,0,0,17
Ps 111:9-10,1,16,0,0,0,0,0,17
Ps 112,0,0,0,1,0,0,0,1
Ps 112:1-2,13,100,0,0,0,0,0,113
Ps 112:4,2,32,0,0,0,0,0,34
Ps 112:6,7,30,0,0,0,0,0,37
"Ps 112:6,112:7,112:9",0,61,0,0,0,0,0,61
Ps 112:7,7,30,0,0,0,0,0,37
Ps 112:9,6,14,0,0,0,0,0,20
Ps 113,0,0,0,2,0,0,0,2
Ps 113:1,0,14,0,0,0,0,0,14
"Ps 113:1,113:2",0,10,0,0,0,0,0,10
Ps 113:1-2,17,161,0,0,0,0,0,178
Ps 113:2,0,14,0,0,0,0,0,14
Ps 113:3-4,1,16,0,0,0,0,0,17
Ps 114:3,0,0,1,0,0,0,0,1
Ps 114:5,0,0,1,0,0,0,0,1
Ps 115:12-13,2,40,1,0,0,0,0,43
Ps 116:1,0,16,0,0,0,0,0,16
"Ps 116:1,116:2",0,16,0,0,0,0,0,16
Ps 116:1-2,2,0,0,0,0,0,0,2
Ps 116:1-9,0,0,0,2,0,0,0,2
Ps 116:10-19,0,0,0,2,0,0,0,2
Ps 116:15-16,1,14,0,0,0,0,0,15
Ps 116:16-19,2,32,0,0,0,0,0,34
Ps 116:2,0,16,0,0,0,0,0,16
Ps 116:4-6,1,16,0,0,0,0,0,17
Ps 116:6,0,0,1,0,0,0,0,1
Ps 116:7-8,1,13,1,0,0,0,0,15
Ps 117,0,0,0,2,0,0,0,2
Ps 117:1-2,0,16,0,0,0,0,0,16
Ps 117:14,0,15,0,0,0,0,0,15
Ps 117:18,0,15,0,0,0,0,0,15
Ps 118,0,0,0,2,0,0,0,2
"Ps 118:1,118:2",0,16,0,0,0,0,0,16
Ps 118:1-2,2,16,0,0,0,0,0,18
Ps 118:14,1,0,0,0,0,0,0,1
Ps 118:14-15,0,16,0,0,0,0,0,16
Ps 118:14-16,1,0,0,0,0,0,0,1
Ps 118:16,1,32,0,0,0,0,0,33
Ps 118:16-17,1,0,0,0,0,0,0,1
Ps 118:17,0,16,0,0,0,0,0,16
Ps 118:18,1,32,0,0,0,0,0,33
Ps 118:18-19,1,0,0,0,0,0,0,1
Ps 118:19,0,32,0,0,0,0,0,32
Ps 118:19-20,1,0,1,0,0,0,0,2
Ps 118:20,0,16,0,0,0,0,0,16
Ps 118:21,2,32,0,0,0,0,0,34
Ps 118:24,1,16,0,0,0,0,0,17
Ps 118:24-25,1,16,0,0,0,0,0,17
Ps 118:25,1,16,0,0,0,0,0,17
Ps 118:26,1,16,0,0,0,0,0,17
Ps 118:26-27,2,32,1,0,1,0,0,36
Ps 118:27,2,16,0,0,0,0,0,18
Ps 118:28,3,64,0,0,0,0,0,67
Ps 118:5,0,16,0,0,0,0,0,16
Ps 118:8-9,2,32,0,0,0,0,0,34
Ps 119,0,0,0,1,0,0,0,1
Ps 119:1-2,1,0,0,0,0,0,0,1
"Ps 119:10,119:11",0,16,0,0,0,0,0,16
Ps 119:10-11,1,0,0,0,0,0,0,1
Ps 119:105,2,30,0,0,0,0,0,32
Ps 119:130,1,30,0,0,0,0,0,31
Ps 119:135,1,30,0,0,0,0,0,31
Ps 119:141,1,14,0,0,0,0,0,15
Ps 119:145-146,2,30,0,0,0,0,0,32
Ps 119:154-155,0,0,0,0,0,1,0,1
Ps 119:164,0,16,0,0,0,0,0,16
Ps 119:164-165,1,0,0,0,0,0,0,1
Ps 119:165,0,16,0,0,0,0,0,16
"Ps 119:169,119:176",0,16,0,0,0,0,0,16
Ps 119:170,1,0,0,0,0,0,0,1
Ps 119:176,1,0,0,0,0,0,0,1
Ps 119:20-22,0,0,0,1,0,0,0,1
Ps 119:33,0,16,0,0,0,0,0,16
Ps 119:33-34,1,0,0,0,0,0,0,1
Ps 119:34,0,16,0,0,0,0,0,16
Ps 119:49,2,15,0,0,0,0,0,17
"Ps 119:49,119:50",0,16,0,0,0,0,0,16
Ps 119:50,1,0,0,0,0,0,0,1
Ps 119:52,1,15,0,0,0,0,0,16
Ps 119:57-58,1,16,0,0,0,0,0,17
Ps 119:7-8,1,16,0,0,0,0,0,17
Ps 119:73,2,16,0,0,0,0,0,18
Ps 119:87,0,16,0,0,0,0,0,16
Ps 119:89,1,0,0,0,0,0,0,1
Ps 119:89-90,1,4,0,0,0,0,0,5
Ps 119:95-96,1,4,0,0,0,0,0,5
Ps 119:96,1,16,0,0,0,0,0,17
Ps 119:97-98,1,4,0,0,0,0,0,5
Ps 12,0,0,0,1,0,0,0,1
Ps 120,0,0,0,2,0,0,0,2
"Ps 120:2,120:6,120:7",0,0,0,0,1,0,0,1
Ps 121,0,0,0,3,0,0,0,3
Ps 122,0,0,0,2,0,0,0,2
Ps 122:1-2,2,16,2,0,2,0,0,22
Ps 122:4,0,0,0,0,3,0,0,3
Ps 123,0,0,0,2,0,0,0,2
Ps 124,0,0,0,2,0,0,0,2
Ps 125,0,0,0,2,0,0,0,2
Ps 126,0,0,0,2,0,0,0,2
Ps 127,0,0,0,2,0,0,0,2
Ps 127:1,0,0,2,0,0,0,0,2
Ps 127:2-3,1,0,0,0,0,0,0,1
Ps 127:3,0,16,0,0,0,0,0,16
Ps 128,0,0,0,2,0,0,0,2
Ps 128:1,1,0,0,0,0,0,0,1
"Ps 128:1,128:5",0,16,0,0,0,0,0,16
Ps 128:3,0,0,1,0,0,0,0,1
Ps 128:5,1,0,0,0,0,0,0,1
Ps 129,0,0,0,3,0,0,0,3
"Ps 129:1,129:2",0,16,0,0,0,0,0,16
Ps 129:1-2,1,0,0,0,0,0,0,1
Ps 129:2,1,16,0,0,0,0,0,17
Ps 129:2-5,0,0,1,0,0,0,0,1
Ps 129:8,1,16,0,0,0,0,0,17
Ps 12:3-4,0,0,0,0,0,2,0,2
Ps 12:4,1,0,0,0,0,0,0,1
"Ps 12:4,12:5",0,16,0,0,0,0,0,16
Ps 12:5,1,10,0,0,0,0,0,11
Ps 12:6,1,26,0,0,0,0,0,27
Ps 12:7,1,15,0,0,0,0,0,16
Ps 13,0,0,0,3,0,0,0,3
Ps 130,0,0,0,3,0,0,0,3
Ps 130:1,0,0,0,0,0,0,1,1
Ps 130:1-2,1,14,0,0,0,0,0,15
Ps 131,0,0,0,3,0,0,0,3
Ps 132,0,0,0,3,0,0,0,3
Ps 132:1,13,99,1,0,0,0,0,113
Ps 132:10,59,362,0,0,0,0,0,421
Ps 132:10-11,1,0,0,0,0,0,0,1
"Ps 132:13,132:15",0,16,0,0,0,0,0,16
Ps 132:13-15,1,0,0,0,0,0,0,1
Ps 132:17,46,263,0,0,0,0,0,309
Ps 132:18,46,263,0,0,0,0,0,309
Ps 132:2,13,99,0,0,0,0,0,112
Ps 132:4-5,1,16,0,0,0,0,0,17
Ps 132:9,59,362,0,0,0,0,0,421
"Ps 132:9,132:10",0,13,0,0,0,0,0,13
"Ps 132:9,132:10,132:17,132:18",0,195,0,0,0,0,0,195
Ps 132:9-10,5,0,0,0,0,0,0,5
Ps 133,0,0,0,3,0,0,0,3
Ps 134,0,0,0,3,0,0,0,3
Ps 134:1,1,0,0,0,0,0,0,1
Ps 134:1-2,0,16,0,0,0,0,0,16
Ps 135:19-20,2,32,0,0,0,0,0,34
Ps 135:21,1,16,0,0,0,0,0,17
Ps 135:3,1,16,0,0,0,0,0,17
Ps 135:5,8,96,0,0,0,0,0,104
Ps 135:6,1,16,0,0,0,0,0,17
Ps 136:1,0,32,0,0,0,0,0,32
Ps 136:1-2,2,0,0,0,0,0,0,2
Ps 136:2,0,32,0,0,0,0,0,32
Ps 137,0,0,0,3,0,0,0,3
Ps 138,0,0,0,2,0,0,0,2
Ps 138:1,1,32,1,0,0,0,0,34
Ps 138:1-2,6,28,0,0,0,0,0,34
Ps 138:1-3,0,26,0,0,0,0,0,26
Ps 138:2,0,16,0,0,0,0,0,16
Ps 138:3,1,0,0,0,0,0,0,1
Ps 139:17-18,6,45,0,0,0,0,0,51
Ps 13:1,1,0,0,0,0,0,0,1
"Ps 13:1,13:6",0,16,0,0,0,0,0,16
Ps 13:3,1,0,0,0,0,0,0,1
"Ps 13:3,13:5",0,0,0,0,2,0,0,2
Ps 13:3-4,0,0,0,0,2,0,0,2
Ps 13:5,2,16,0,0,0,0,0,18
Ps 13:5-6,1,16,0,0,0,0,0,17
Ps 13:6,2,16,0,0,0,0,0,18
"Ps 140:1,140:2",0,0,0,0,1,1,0,2
Ps 141,0,0,0,3,0,0,0,3
Ps 142,0,0,0,2,0,0,0,2
Ps 142:5,1,16,0,0,0,0,0,17
Ps 142:7,1,16,1,0,0,0,0,18
Ps 143,0,0,0,1,0,0,0,1
Ps 143:1,1,16,0,0,0,0,0,17
Ps 143:1-2,1,15,0,0,0,0,0,16
Ps 143:10,1,7,0,0,0,0,0,8
"Ps 143:6,143:7",0,0,0,0,1,0,0,1
"Ps 143:6,143:7,31:5",0,0,0,0,0,1,0,1
Ps 143:6-7,6,9,0,0,0,0,0,15
Ps 143:7,1,16,0,0,0,0,0,17
Ps 143:8,2,23,0,0,0,0,0,25
Ps 144:5,2,0,0,0,0,0,0,2
"Ps 144:5,144:7",0,44,0,0,0,0,0,44
Ps 144:7,2,0,0,0,0,0,0,2
"Ps 145:1,145:2,145:10",0,16,0,0,0,0,0,16
Ps 145:1-2,1,16,0,0,0,0,0,17
Ps 145:10,1,14,0,0,0,0,0,15
Ps 145:10-12,13,111,0,0,0,0,0,124
Ps 145:11,1,14,0,0,0,0,0,15
Ps 145:17-18,1,16,0,0,0,0,0,17
Ps 145:19,1,14,0,0,0,0,0,15
Ps 145:20,1,14,0,0,0,0,0,15
Ps 146,0,0,0,3,0,0,0,3
Ps 146:1,9,96,0,0,0,0,0,105
Ps 146:10,2,16,0,0,0,0,0,18
Ps 146:2,2,16,0,0,0,0,0,18
Ps 146:5,8,96,0,0,0,0,0,104
"Ps 146:7,146:8",0,16,0,0,0,0,0,16
Ps 146:7-8,1,0,0,0,0,0,0,1
Ps 147:1,0,16,0,0,0,0,0,16
Ps 147:1-11,0,0,0,2,0,0,0,2
Ps 147:1-2,1,0,0,0,0,0,0,1
Ps 147:12,1,16,0,0,0,0,0,17
Ps 147:12-20,0,0,0,2,0,0,0,2
Ps 147:18,1,16,0,0,0,0,0,17
Ps 147:2,0,16,0,0,0,0,0,16
Ps 148:1-2,0,24,0,0,0,0,0,24
Ps 149:1-2,2,0,0,0,0,0,0,2
Ps 149:5,1,14,0,0,0,0,0,15
Ps 149:9,1,14,0,0,0,0,0,15
Ps 14:1-3,0,13,0,0,0,0,0,13
Ps 15,0,0,0,1,0,0,0,1
Ps 15:1-2,9,20,0,0,0,0,0,29
Ps 15:4,1,16,0,0,0,0,0,17
Ps 16,0,0,0,2,0,0,0,2
Ps 16:1,0,16,0,0,0,0,0,16
Ps 16:1-2,1,16,0,0,0,0,0,17
Ps 16:10-11,7,60,0,0,0,0,1,68
Ps 16:2,0,16,0,0,0,0,0,16
Ps 16:7-8,1,10,0,0,0,0,0,11
Ps 16:9,1,16,0,0,0,0,0,17
Ps 17:1,1,16,0,0,0,0,0,17
"Ps 17:1,17:2",0,15,0,0,0,0,0,15
Ps 17:1-2,2,0,0,0,0,0,0,2
Ps 17:15,1,6,0,0,0,0,0,7
Ps 17:3,2,22,0,0,0,0,0,24
Ps 17:5,1,0,0,0,0,0,0,1
Ps 17:6,1,16,0,0,0,0,0,17
Ps 18:1-2,2,32,0,0,0,0,0,34
Ps 18:15,1,16,0,0,0,0,0,17
Ps 18:17-18,3,31,0,0,0,1,0,35
Ps 18:34,18,0,0,0,0,0,0,18
"Ps 18:34,18:39",0,128,0,0,0,0,0,128
Ps 18:37,2,15,0,0,0,0,0,17
Ps 18:39,18,0,0,0,0,0,0,18
Ps 18:40,2,15,0,0,0,0,0,17
Ps 18:46,2,25,0,0,0,0,0,27
Ps 18:46-47,1,16,0,0,0,0,0,17
"Ps 18:48,18:17",0,0,0,0,1,0,0,1
Ps 18:49,2,16,0,0,0,0,0,18
Ps 18:49-50,0,9,0,0,0,0,0,9
Ps 18:6,1,16,0,0,0,0,0,17
Ps 19,0,0,0,1,0,0,0,1
Ps 19:1,17,113,0,0,0,0,0,130
"Ps 19:1,19:4",0,45,0,0,0,0,0,45
Ps 19:1-2,1,0,0,0,0,0,0,1
Ps 19:2,1,16,0,0,0,0,0,17
"Ps 19:2,19:4",0,16,0,0,0,0,0,16
Ps 19:3-4,1,14,1,0,0,0,0,16
Ps 19:4,23,150,0,0,0,0,0,173
Ps 19:5,0,0,1,0,0,0,0,1
Ps 19:7,1,0,0,0,0,0,0,1
Ps 19:8,1,0,0,0,0,0,0,1
Ps 1:1,8,33,0,0,0,0,0,41
Ps 2,0,0,0,1,0,0,0,1
Ps 20,0,0,0,1,0,0,0,1
Ps 20:5,0,16,0,0,0,0,0,16
Ps 20:5-6,1,0,0,0,0,0,0,1
Ps 20:6,0,16,0,0,0,0,0,16
"Ps 20:6,20:9",0,16,0,0,0,0,0,16
Ps 20:6-9,1,0,0,0,0,0,0,1
Ps 21:1-2,1,16,0,0,0,0,0,17
Ps 21:3,13,103,0,0,0,0,0,116
Ps 21:5,13,103,0,0,0,0,0,116
Ps 22:1,0,16,0,0,0,0,0,16
Ps 22:16,0,0,0,0,1,0,0,1
"Ps 22:17,22:18,22:19,22:8,22:9",0,0,0,0,1,0,0,1
Ps 22:2,1,16,0,0,0,0,0,17
Ps 22:20-21,0,0,0,0,0,1,0,1
Ps 22:22-23,2,14,0,0,1,0,0,17
Ps 22:26,1,0,0,0,0,0,0,1
Ps 22:3,0,16,0,0,0,0,0,16
Ps 23,0,0,1,2,0,0,0,3
Ps 23:1,1,0,0,0,0,0,0,1
"Ps 23:1,23:2",0,0,0,0,1,0,0,1
Ps 23:1-2,0,15,0,0,0,0,0,15
Ps 23:1-3,1,16,0,0,0,0,0,17
Ps 23:3,1,0,0,0,0,0,0,1
Ps 23:4,0,0,0,0,1,0,0,1
Ps 23:5,1,16,0,0,0,0,0,17
"Ps 23:5,41:9",0,0,0,0,0,1,0,1
Ps 23:5-6,0,0,1,0,0,0,0,1
Ps 24,0,0,1,1,0,0,0,2
Ps 24:1,1,33,0,0,0,0,0,34
Ps 24:1-2,2,0,0,0,0,0,0,2
Ps 24:10,0,16,0,0,0,0,0,16
Ps 24:16,0,15,0,0,0,0,0,15
Ps 24:2,0,17,0,0,0,0,0,17
Ps 24:20,0,15,0,0,0,0,0,15
Ps 24:3-4,8,20,0,0,0,0,0,28
Ps 24:4,1,32,0,0,0,0,0,33
Ps 24:7-8,1,0,0,0,0,0,0,1
Ps 24:9,0,16,0,0,0,0,0,16
Ps 25,0,0,0,2,0,0,0,2
Ps 25:1,1,0,0,0,0,0,0,1
Ps 25:1-3,1,16,0,0,0,1,0,18
Ps 25:11,1,16,0,0,0,0,0,17
Ps 25:16,1,0,0,0,0,0,0,1
Ps 25:16-17,1,16,0,0,0,0,0,17
Ps 25:18,0,0,1,0,0,0,0,1
Ps 25:2,1,0,0,0,0,0,0,1
Ps 25:20,1,0,1,0,0,0,0,2
Ps 25:4,1,0,0,0,0,0,0,1
Ps 25:6-7,1,15,0,0,0,0,0,16
Ps 25:7,1,16,0,0,0,0,0,17
Ps 25:8,1,16,0,0,0,0,0,17
Ps 26,0,0,1,1,0,0,0,2
Ps 26:2,0,16,0,0,0,0,0,16
Ps 26:2-3,1,0,0,0,0,0,0,1
Ps 26:3,0,16,0,0,0,0,0,16
Ps 26:4,0,16,0,0,0,0,0,16
Ps 26:7,3,14,0,0,0,0,0,17
Ps 26:8,3,14,0,0,0,0,0,17
Ps 27,0,0,1,2,0,0,0,3
Ps 27:10,0,0,1,0,0,0,0,1
Ps 27:12,0,0,0,0,1,0,0,1
"Ps 27:12,35:11,35:12,35:16",0,0,0,0,0,1,0,1
Ps 27:13,1,0,0,0,0,0,0,1
Ps 27:13-14,1,16,0,0,0,0,0,17
Ps 27:14,1,13,0,0,0,0,0,14
Ps 27:2,0,13,0,0,0,0,0,13
"Ps 27:3,27:4",0,0,0,0,1,0,0,1
Ps 27:4,1,0,0,0,0,0,0,1
Ps 27:6,0,13,0,0,0,0,0,13
"Ps 27:6,27:7",0,0,0,0,0,1,0,1
Ps 27:6-8,1,14,0,0,0,0,0,15
"Ps 27:7,27:8",0,16,0,0,0,0,0,16
Ps 27:7-8,2,16,0,0,0,0,0,18
Ps 27:8-10,0,16,0,0,0,0,0,16
Ps 27:8-9,1,0,0,0,0,0,0,1
Ps 28:1-2,0,16,0,0,0,0,0,16
Ps 28:2,2,16,0,0,0,0,0,18
"Ps 28:3,28:4,35:4",0,0,0,0,0,1,0,1
Ps 28:3-4,0,0,1,0,0,0,0,1
Ps 28:6,1,0,0,0,0,0,0,1
Ps 28:6-7,1,16,0,0,0,0,0,17
Ps 28:8,1,16,0,0,0,0,0,17
Ps 28:8-9,1,16,0,0,0,0,0,17
Ps 28:9,2,32,0,0,0,0,0,34
"Ps 28:9,28:2",0,0,0,0,0,2,0,2
Ps 29,0,0,0,1,0,0,0,1
"Ps 29:1,29:2",0,0,0,0,0,2,0,2
Ps 29:1-2,1,0,0,0,0,0,0,1
Ps 29:10-11,1,29,0,0,0,0,0,30
Ps 29:3-4,1,16,1,0,0,0,0,18
"Ps 2:1-2,2:4-5",0,0,0,0,0,1,0,1
Ps 2:1-5,0,0,0,0,1,0,0,1
Ps 2:10,1,15,0,0,0,0,0,16
Ps 2:11,1,15,0,0,0,0,0,16
Ps 2:7-8,1,20,0,0,0,0,0,21
Ps 3,0,0,0,2,0,0,0,2
Ps 30,0,0,0,2,0,0,0,2
Ps 30:1-2,1,16,0,0,0,0,0,17
Ps 30:10,1,0,0,0,0,0,0,1
Ps 30:3-11,1,0,0,0,0,0,0,1
Ps 30:4,1,0,0,0,0,0,0,1
"Ps 30:4,30:10",0,16,0,0,0,0,0,16
Ps 30:5-7,1,16,0,0,0,0,0,17
Ps 31:1,1,16,0,0,0,0,0,17
Ps 31:1-2,0,0,1,0,0,0,0,1
Ps 31:10,0,15,0,0,0,0,0,15
Ps 31:16-17,1,16,0,0,0,0,0,17
"Ps 31:18,31:13",0,0,0,0,1,0,0,1
Ps 31:19,4,62,0,0,0,0,0,66
Ps 31:23,4,30,0,0,0,0,0,34
Ps 31:24,1,13,0,0,0,0,0,14
Ps 31:26,0,16,0,0,0,0,0,16
Ps 31:33,0,13,0,0,0,0,0,13
Ps 31:5,0,0,0,0,1,0,0,1
Ps 32:1,0,32,0,0,0,0,0,32
Ps 32:1-2,4,29,2,0,0,0,0,35
Ps 32:10,1,0,0,0,0,0,0,1
Ps 32:10-11,2,29,0,0,0,0,0,31
Ps 32:11,21,221,0,0,0,0,0,242
Ps 32:2,0,16,0,0,0,0,0,16
Ps 32:2-3,1,15,0,0,0,0,0,16
Ps 32:5,1,31,0,0,0,0,0,32
Ps 32:6,21,119,0,0,0,0,0,140
Ps 32:8,1,16,0,0,0,0,0,17
Ps 33:1,27,168,0,0,0,0,0,195
Ps 33:1-2,0,10,0,0,0,0,0,10
Ps 33:10,0,0,0,0,1,0,0,1
"Ps 33:10,33:11",0,0,0,0,2,0,0,2
Ps 33:10-11,0,0,0,0,0,1,0,1
Ps 33:12,16,168,0,0,0,0,0,184
Ps 33:18,1,14,0,0,0,0,0,15
Ps 33:20-21,3,46,0,0,0,0,0,49
Ps 33:22,1,14,0,0,0,0,0,15
Ps 33:3,1,0,0,0,0,0,0,1
"Ps 33:3,33:4",0,16,0,0,0,0,0,16
Ps 33:4,1,0,0,0,0,0,0,1
Ps 33:4-5,1,16,0,0,0,0,0,17
Ps 33:5,0,16,0,0,0,0,0,16
Ps 33:5-6,2,14,0,0,0,0,0,16
Ps 33:6,1,29,0,0,0,0,0,30
Ps 33:9,1,13,0,0,0,0,0,14
Ps 34,0,0,0,1,0,0,0,1
Ps 34:1-2,2,16,0,0,0,0,0,18
Ps 34:11,1,16,0,0,0,0,0,17
Ps 34:15,1,8,0,0,0,0,0,9
"Ps 34:17,34:18",0,78,0,0,0,0,0,78
Ps 34:17-18,9,0,0,0,0,0,0,9
Ps 34:19,10,153,0,0,0,0,0,163
Ps 34:19-20,41,337,0,0,0,0,0,378
Ps 34:20,0,86,0,0,0,0,0,86
Ps 34:4,1,16,0,0,0,0,0,17
"Ps 34:4,34:5",0,0,0,0,1,0,0,1
Ps 34:5,4,62,0,0,0,0,0,66
Ps 34:7,1,14,0,0,0,0,0,15
Ps 34:7-8,4,40,1,0,0,0,0,45
Ps 34:8,1,16,0,0,0,0,0,17
Ps 35:1,0,15,0,0,0,0,0,15
Ps 35:1-2,1,0,0,0,0,0,0,1
Ps 35:10,1,0,0,0,0,0,0,1
"Ps 35:10,35:27",0,8,0,0,0,0,0,8
"Ps 35:11,35:12,35:16",0,0,0,0,1,0,0,1
Ps 35:13,1,16,0,0,0,0,0,17
Ps 35:18,1,16,0,0,0,0,0,17
Ps 35:2,0,15,0,0,0,0,0,15
Ps 35:27,1,0,0,0,0,0,0,1
Ps 35:28,1,16,0,0,0,0,0,17
Ps 36:5,0,16,0,0,0,0,0,16
Ps 36:5-6,1,0,0,0,0,0,0,1
Ps 36:6,0,16,0,0,0,0,0,16
Ps 36:9-10,1,16,0,0,0,0,0,17
Ps 37:17,14,109,0,0,0,0,0,123
"Ps 37:17,37:18,37:29",0,14,0,0,0,0,0,14
Ps 37:17-18,1,14,0,0,0,0,0,15
Ps 37:18,14,109,0,0,0,0,0,123
"Ps 37:21,37:22,21:16,21:17,21:8,21:9",0,0,0,0,0,1,0,1
Ps 37:22-23,0,15,0,0,0,0,0,15
Ps 37:29,14,109,0,0,0,0,0,123
Ps 37:3-4,0,16,0,0,0,0,0,16
Ps 37:30-31,15,137,0,0,0,0,0,152
Ps 37:39-40,7,111,0,0,0,0,0,118
Ps 38:1-2,0,0,1,0,0,0,0,1
Ps 38:11,0,16,0,0,0,0,0,16
Ps 38:15,1,15,0,0,0,0,0,16
Ps 38:17,0,0,0,0,1,0,0,1
Ps 38:18,0,15,0,0,0,0,0,15
Ps 38:18-19,1,0,0,0,0,0,0,1
Ps 38:19,0,15,0,0,0,0,0,15
"Ps 38:21,38:22",0,0,0,0,1,0,0,1
Ps 38:21-22,1,0,1,0,0,0,0,2
Ps 38:9,1,15,0,0,0,0,0,16
Ps 39:12,2,30,0,0,0,0,0,32
Ps 39:12-13,0,0,1,0,0,0,0,1
"Ps 3:5,3:3",0,0,0,0,1,0,1,2
Ps 4,0,0,0,2,0,0,0,2
Ps 40:1-2,0,16,0,0,0,0,0,16
Ps 40:11,1,0,0,0,0,0,0,1
Ps 40:13,1,16,0,0,0,0,0,17
Ps 40:16,1,16,0,0,0,0,0,17
Ps 40:17,1,16,0,0,0,0,0,17
Ps 40:2,7,69,0,0,0,0,0,76
Ps 40:2-3,11,88,0,0,0,0,0,99
Ps 40:5,1,16,0,0,0,0,0,17
Ps 40:9,7,69,0,0,0,0,0,76
Ps 40:9-10,2,14,0,0,0,0,0,16
Ps 41,0,0,0,1,0,0,0,1
Ps 41:1,1,15,0,0,0,0,0,16
"Ps 41:1,41:2",0,16,0,0,0,0,0,16
Ps 41:1-2,1,0,0,0,0,0,0,1
"Ps 41:10,41:5",0,0,0,0,0,0,1,1
Ps 41:12,1,11,0,0,0,0,0,12
Ps 41:13,2,26,0,0,0,0,0,28
Ps 41:2,1,0,0,0,0,0,0,1
Ps 41:4,1,15,0,0,0,0,0,16
Ps 41:5-6,0,0,0,0,1,0,0,1
Ps 41:5-7,0,0,0,0,0,2,0,2
"Ps 41:6,41:1",0,0,0,0,1,0,0,1
Ps 42:1,3,30,0,0,0,0,0,33
"Ps 42:1,42:6",0,16,0,0,0,0,0,16
Ps 42:11,3,0,0,0,0,0,0,3
Ps 42:2,1,0,0,0,0,0,0,1
"Ps 42:2,42:11",0,20,0,0,0,0,0,20
Ps 42:5,0,32,0,0,0,0,0,32
Ps 42:6,2,0,0,0,0,0,0,2
"Ps 42:6,42:11",0,16,0,0,0,0,0,16
Ps 42:7,0,20,0,0,0,0,0,20
Ps 42:7-8,1,0,0,0,0,0,0,1
Ps 42:8,2,36,0,0,0,0,0,38
"Ps 42:8,42:11",0,16,0,0,0,0,0,16
Ps 43,0,0,0,2,0,0,0,2
Ps 43:3,1,16,0,0,0,0,0,17
Ps 43:5,2,0,0,0,0,0,0,2
Ps 44:23,1,16,0,0,0,0,0,17
Ps 44:26,1,16,0,0,0,0,0,17
Ps 45,0,0,0,1,0,0,0,1
Ps 45:1-2,6,45,0,0,0,0,0,51
Ps 45:10-11,2,44,0,0,0,0,0,46
Ps 45:12-13,5,57,0,0,0,0,0,62
Ps 45:13,0,0,1,0,0,0,0,1
Ps 45:14-15,24,225,0,0,0,0,0,249
Ps 45:17,1,0,0,0,0,0,0,1
Ps 45:2,1,20,0,0,0,0,0,21
Ps 45:3,11,57,0,0,0,0,0,68
Ps 45:3-4,7,71,0,0,0,0,0,78
Ps 45:6,12,57,0,0,0,0,0,69
"Ps 45:6,45:17",0,16,0,0,0,0,0,16
"Ps 45:6,45:8",0,0,0,0,1,0,0,1
Ps 45:7-8,0,0,1,0,0,0,0,1
Ps 45:9,0,0,1,0,0,0,0,1
Ps 46,0,0,0,1,0,0,0,1
Ps 46:1,7,0,0,0,0,0,0,7
"Ps 46:1,46:9",0,80,0,0,0,0,0,80
Ps 46:10,1,15,0,0,0,0,0,16
"Ps 46:10,46:11",0,2,0,0,0,0,0,2
Ps 46:10-11,1,0,0,0,0,0,0,1
Ps 46:7,7,0,0,0,0,0,0,7
Ps 47,0,0,0,1,0,0,0,1
Ps 47:1,1,16,0,0,0,0,0,17
Ps 47:1-2,1,14,0,0,0,0,0,15
Ps 47:3,0,16,0,0,0,0,0,16
Ps 47:3-4,1,0,0,0,0,0,0,1
Ps 47:4,0,16,0,0,0,0,0,16
"Ps 47:4,47:5",0,16,0,0,0,0,0,16
Ps 47:4-5,1,0,0,0,0,0,0,1
Ps 47:5,1,16,0,0,0,0,0,17
Ps 47:6,0,18,0,0,0,0,0,18
Ps 47:6-7,2,0,0,0,0,0,0,2
Ps 47:7,0,34,0,0,0,0,0,34
Ps 47:8,1,0,0,0,0,0,0,1
Ps 47:8-9,1,13,0,0,0,0,0,14
Ps 48:1,6,73,0,0,0,0,0,79
Ps 48:10-11,2,31,0,0,0,0,0,33
Ps 48:8,5,57,0,0,0,0,0,62
Ps 4:1,0,0,1,0,0,0,0,1
Ps 4:3,16,0,0,0,0,0,0,16
"Ps 4:3,4:6,4:7",0,175,0,0,0,0,0,175
Ps 4:6,16,0,0,0,0,0,0,16
Ps 4:6-8,16,166,0,0,0,0,0,182
Ps 4:7,16,0,0,0,0,0,0,16
Ps 4:7-8,1,29,0,0,0,0,0,30
Ps 5,0,0,0,1,0,0,0,1
Ps 50:14,3,45,0,0,0,0,0,48
"Ps 50:17,50:18",0,0,0,0,1,0,0,1
Ps 50:2,1,0,0,0,0,0,0,1
"Ps 50:2,50:23",0,20,0,0,0,0,0,20
Ps 50:23,4,45,0,0,0,0,0,49
Ps 51:1,1,16,0,0,0,0,0,17
Ps 51:1-2,0,0,1,0,0,0,0,1
Ps 51:10,1,16,0,0,0,0,0,17
Ps 51:12,1,0,0,0,0,0,0,1
"Ps 51:12,51:14",0,16,0,0,0,0,0,16
Ps 51:12-13,0,0,1,0,0,0,0,1
Ps 51:14,1,0,0,0,0,0,0,1
Ps 51:19,1,8,0,0,0,0,0,9
Ps 51:2,0,31,0,0,0,0,0,31
Ps 51:2-3,2,0,0,0,0,0,0,2
Ps 51:3,0,31,0,0,0,0,0,31
Ps 51:4,0,0,0,0,1,0,0,1
"Ps 51:4,33:10",0,0,0,0,0,1,0,1
"Ps 51:7,51:10",0,0,0,0,0,1,0,1
Ps 51:7-8,1,16,1,0,0,0,0,18
Ps 51:8,1,8,0,0,0,0,0,9
Ps 51:9,1,16,0,0,0,0,0,17
Ps 52:8,2,16,1,0,0,0,0,19
Ps 52:8-9,1,28,0,0,0,0,0,29
Ps 52:9,2,16,0,0,0,0,0,18
Ps 54,0,0,0,1,0,0,0,1
Ps 54:1,0,16,0,0,0,0,0,16
Ps 54:1-2,1,0,0,0,0,0,0,1
Ps 54:2,0,16,0,0,0,0,0,16
Ps 55:1,2,32,0,0,0,0,0,34
Ps 55:1-2,1,12,0,0,0,0,0,13
Ps 55:16,1,16,0,0,0,0,0,17
Ps 55:16-17,1,16,0,0,0,0,0,17
Ps 55:2,1,16,0,0,0,0,0,17
"Ps 55:21,55:1",0,0,0,0,1,2,0,3
"Ps 55:21,55:12",0,0,0,0,1,0,0,1
Ps 56:6,0,16,0,0,0,0,0,16
Ps 57,0,0,0,2,0,0,0,2
Ps 57:1,3,48,0,0,1,0,0,52
Ps 57:10,0,16,0,0,0,0,0,16
Ps 57:5,1,16,0,0,0,0,0,17
Ps 57:6,1,0,0,0,0,0,0,1
Ps 57:8,0,16,0,0,0,0,0,16
Ps 57:8-10,1,0,0,0,0,0,0,1
Ps 57:8-9,0,16,0,0,0,0,0,16
Ps 57:9,0,16,0,0,0,0,0,16
Ps 57:9-10,1,0,0,0,0,0,0,1
Ps 58:2,0,0,0,0,1,0,0,1
"Ps 59:1,69:20",0,0,0,0,0,1,0,1
Ps 59:10,1,0,0,0,0,0,0,1
Ps 59:16-17,0,0,0,0,0,1,0,1
Ps 59:17,1,0,0,0,0,0,0,1
"Ps 59:9-10,59:17",0,16,0,0,0,0,0,16
Ps 5:1,0,16,0,0,0,0,0,16
Ps 5:1-2,1,0,0,0,0,0,0,1
Ps 5:11,1,120,0,0,0,0,0,121
Ps 5:11-12,27,116,0,0,0,0,0,143
Ps 5:12,0,120,0,0,0,0,0,120
Ps 5:2,0,16,0,0,0,0,0,16
Ps 5:3,0,16,0,0,0,0,0,16
Ps 5:3-4,1,0,0,0,0,0,0,1
Ps 5:4,0,16,0,0,0,0,0,16
"Ps 5:6,5:11",0,13,0,0,0,0,0,13
Ps 5:7,1,0,0,0,0,0,0,1
Ps 6,0,0,0,3,0,0,0,3
Ps 60:4,0,31,0,0,0,0,0,31
Ps 60:4-5,3,46,0,0,0,0,0,49
Ps 60:7,0,31,0,0,0,0,0,31
Ps 61,0,0,0,1,0,0,0,1
Ps 610:5,0,16,0,0,0,0,0,16
Ps 61:1,1,16,0,0,0,0,0,17
Ps 61:1-3,11,88,0,0,0,0,0,99
Ps 61:2,1,0,0,0,0,0,0,1
Ps 61:3,1,0,0,0,0,0,0,1
Ps 61:5,3,0,0,0,0,0,0,3
Ps 61:5-8,1,0,0,0,0,0,0,1
Ps 61:8,1,0,0,0,0,0,0,1
Ps 62:2,0,16,0,0,0,0,0,16
Ps 62:3,0,16,0,0,0,0,0,16
Ps 62:5,0,16,0,0,0,0,0,16
"Ps 62:7,62:2",0,0,0,0,0,1,0,1
"Ps 62:7,62:6",0,0,0,0,2,1,0,3
Ps 63,0,0,0,2,0,0,0,2
Ps 63:1,2,32,0,0,0,0,0,34
Ps 63:1-2,2,16,0,0,0,0,0,18
Ps 63:2,0,16,0,0,0,0,0,16
Ps 63:3,1,16,0,0,0,0,0,17
Ps 63:4,1,16,0,0,0,0,0,17
Ps 63:6,1,16,0,0,0,0,0,17
"Ps 64:1,64:2",0,16,0,0,1,0,0,17
Ps 64:1-2,1,0,0,0,0,0,0,1
Ps 64:10,5,28,0,0,0,0,0,33
Ps 64:2-4,1,0,0,0,0,0,0,1
Ps 65:1,0,0,1,0,0,0,0,1
Ps 65:1-2,6,60,1,0,0,0,0,67
Ps 65:10-11,1,0,0,0,0,0,0,1
Ps 65:11,1,16,0,0,0,0,0,17
Ps 65:12,1,0,0,0,0,0,0,1
Ps 65:2,1,23,0,0,0,0,0,24
Ps 65:2-3,1,0,0,0,0,0,0,1
Ps 65:3,0,15,0,0,0,0,0,15
Ps 65:4,0,0,1,0,0,1,0,2
Ps 65:4-5,15,137,1,0,0,0,0,153
"Ps 65:5,65:4",0,0,0,0,2,0,0,2
Ps 65:6,0,0,1,0,0,0,0,1
Ps 65:9,1,0,0,0,0,0,0,1
Ps 65:9-10,0,16,0,0,0,0,0,16
Ps 66:1,2,18,0,0,0,0,0,20
"Ps 66:1,66:2",0,16,0,0,0,0,0,16
"Ps 66:1-2,66:4",0,16,0,0,0,0,0,16
Ps 66:12,1,16,0,0,0,0,0,17
Ps 66:12-14,16,175,0,0,0,0,0,191
Ps 66:13-15,2,32,0,0,0,0,0,34
Ps 66:2,2,2,0,0,0,0,0,4
Ps 66:4,1,2,1,0,0,0,0,4
Ps 66:5-6,1,0,0,0,0,0,0,1
Ps 66:6,0,16,0,0,0,0,0,16
Ps 66:8,1,16,0,0,0,0,0,17
Ps 67,0,0,0,3,0,0,0,3
Ps 67:1,1,0,0,0,0,0,0,1
Ps 67:1-2,3,23,0,0,0,0,0,26
Ps 67:3-4,1,0,0,0,0,0,0,1
Ps 67:5,0,16,0,0,0,0,0,16
Ps 67:5-7,1,0,0,0,0,0,0,1
Ps 67:6,1,16,0,0,0,0,0,17
Ps 67:6-7,0,16,0,0,0,0,0,16
Ps 67:7,1,0,0,0,0,0,0,1
Ps 68:11,12,14,0,0,0,0,0,26
"Ps 68:11,68:35",0,97,0,0,0,0,0,97
Ps 68:11-12,2,14,1,0,0,0,0,17
Ps 68:16,1,0,0,0,0,0,0,1
Ps 68:17,2,13,0,0,0,0,0,15
Ps 68:18-19,1,16,0,0,0,0,0,17
Ps 68:19,3,30,1,0,0,0,0,34
"Ps 68:19,68:35",0,0,0,0,1,0,0,1
Ps 68:21,0,0,0,0,1,0,0,1
Ps 68:24,3,37,0,0,0,0,0,40
Ps 68:25,0,16,0,0,0,0,0,16
Ps 68:25-26,24,201,0,0,0,0,0,225
Ps 68:26,4,53,0,0,0,0,0,57
Ps 68:27,0,16,0,0,0,0,0,16
Ps 68:3,42,418,1,0,0,0,0,461
Ps 68:32-33,1,0,0,0,0,0,0,1
Ps 68:32-34,0,16,0,0,0,0,0,16
Ps 68:35,46,275,2,0,0,0,0,323
Ps 68:65,0,84,0,0,0,0,0,84
"Ps 69:1,69:16",0,0,0,0,1,1,0,2
"Ps 69:1,69:9",0,0,0,0,1,0,0,1
"Ps 69:1-2,69:21",0,0,0,0,0,1,0,1
Ps 69:17,0,0,0,0,1,0,0,1
"Ps 69:2,69:3,69:21",0,0,0,0,1,0,0,1
Ps 69:25-26,0,24,0,0,0,0,0,24
Ps 69:30,2,16,0,0,0,0,0,18
Ps 69:32,2,16,0,0,0,0,0,18
Ps 69:33,2,16,0,0,0,0,0,18
Ps 6:1,1,0,0,0,0,0,0,1
Ps 6:1-2,1,0,1,0,0,0,0,2
Ps 6:2,0,15,0,0,1,0,0,16
"Ps 6:2,6:3,69:17",0,0,0,0,0,1,0,1
Ps 70,0,0,0,4,0,0,0,4
Ps 70:1,1,16,0,0,0,0,0,17
"Ps 70:1,70:2",0,16,0,0,0,0,0,16
Ps 70:1-2,1,0,0,0,0,0,0,1
Ps 70:5,8,76,0,0,0,0,0,84
Ps 71:18-19,0,0,0,0,0,1,0,1
Ps 71:5-7,1,16,0,0,0,0,0,17
Ps 71:7-8,1,16,0,0,0,0,0,17
Ps 72:1-19,0,0,0,0,1,0,0,1
Ps 72:1-2,1,13,0,0,0,0,0,14
Ps 72:10,1,20,0,0,0,0,0,21
Ps 72:11,1,13,1,0,0,0,0,15
Ps 72:15,1,20,0,0,0,0,0,21
Ps 72:17,1,13,0,0,0,0,0,14
Ps 72:18-19,0,0,0,0,1,0,0,1
Ps 72:19,1,13,0,0,0,0,0,14
Ps 72:6-7,2,44,0,0,0,0,0,46
Ps 73:23,37,373,0,0,0,0,0,410
"Ps 73:23,73:24,73:28",0,18,0,0,0,0,0,18
Ps 73:24,37,373,0,0,0,0,0,410
Ps 73:28,37,373,0,0,0,0,0,410
Ps 74:12,3,32,0,0,0,0,0,35
Ps 74:13,1,16,0,0,0,0,0,17
Ps 74:2,2,16,0,0,0,0,0,18
Ps 74:22,1,16,0,0,0,0,0,17
Ps 74:23,1,16,0,0,0,0,0,17
Ps 76:1,0,20,0,0,0,0,0,20
Ps 76:1-2,1,0,0,0,0,0,0,1
Ps 76:2,0,20,0,0,0,0,0,20
Ps 77:14-16,1,29,0,0,0,0,0,30
Ps 77:18-19,1,16,0,0,0,0,0,17
Ps 77:2,1,16,0,0,0,0,0,17
Ps 78:20,1,0,0,0,0,0,0,1
"Ps 78:20,78:23",0,16,0,0,0,0,0,16
Ps 78:23,1,0,0,0,0,0,0,1
Ps 78:38-39,0,0,1,0,0,0,0,1
Ps 78:5,7,80,0,0,0,0,0,87
Ps 78:65,1,16,0,0,0,0,0,17
Ps 78:69,1,16,0,0,0,0,0,17
Ps 78:70-72,1,0,0,0,0,0,0,1
Ps 79:13,2,0,0,0,0,0,0,2
Ps 79:8,0,16,0,0,0,0,0,16
Ps 79:8-9,2,16,0,0,0,0,0,18
Ps 79:9,1,16,0,0,0,0,0,17
Ps 7:1,1,16,0,0,0,0,0,17
Ps 7:1-2,0,0,0,0,1,1,0,2
Ps 7:10,0,16,0,0,0,0,0,16
"Ps 7:10,7:11",0,16,0,0,0,0,0,16
Ps 7:10-11,2,0,0,0,0,0,0,2
Ps 7:11,0,16,0,0,0,0,0,16
Ps 7:17,1,16,0,0,0,0,0,17
Ps 7:6,1,16,0,0,0,0,0,17
Ps 7:6-8,1,16,0,0,0,0,0,17
Ps 7:8,1,16,0,0,0,0,0,17
Ps 8,0,0,0,1,0,0,0,1
Ps 80:1,1,16,0,0,0,0,0,17
Ps 80:1-3,2,29,0,0,0,0,0,31
Ps 80:14-15,1,14,0,0,0,0,0,15
Ps 80:18,0,16,0,0,0,0,0,16
Ps 80:2,1,16,0,0,0,0,0,17
Ps 80:3,1,16,0,0,0,0,0,17
"Ps 80:3,80:1,80:2",0,0,0,0,1,0,0,1
Ps 80:7,0,16,0,0,0,0,0,16
Ps 81:1,1,16,1,0,0,0,0,18
Ps 81:2,0,0,1,0,0,0,0,1
Ps 81:3,0,0,1,0,0,0,0,1
Ps 81:6,0,16,0,0,0,0,0,16
Ps 81:8,0,16,0,0,0,0,0,16
Ps 82:6,2,14,0,0,0,0,0,16
Ps 82:8,2,14,0,0,1,0,0,17
"Ps 83:2,83:5",0,0,0,0,1,0,0,1
Ps 83:7,1,8,0,0,0,0,0,9
Ps 84,0,0,0,1,0,0,0,1
Ps 84:1-2,0,0,1,0,0,0,0,1
Ps 84:2-3,0,14,0,0,0,0,0,14
Ps 84:3-4,3,14,0,0,0,0,0,17
Ps 84:4,1,16,0,0,0,0,0,17
Ps 84:8,1,16,0,0,0,0,0,17
Ps 85,0,0,1,1,0,0,0,2
Ps 85:10-11,1,16,0,0,0,0,0,17
Ps 85:12-13,0,16,0,0,0,0,0,16
Ps 85:7,0,16,0,0,0,0,0,16
Ps 85:7-8,1,0,0,0,0,0,0,1
Ps 85:8,0,16,0,0,0,0,0,16
Ps 86,0,0,0,3,0,0,0,3
Ps 86:10,2,32,0,0,0,0,0,34
Ps 86:12,2,47,0,0,0,0,0,49
Ps 86:12-13,2,0,0,0,0,0,0,2
Ps 86:13,0,15,0,0,0,0,0,15
Ps 86:13-14,1,12,0,0,0,0,0,13
Ps 86:14,1,15,0,0,0,0,0,16
Ps 86:15-16,1,16,0,0,0,0,0,17
Ps 86:17,2,31,0,0,0,0,0,33
Ps 86:2-4,1,16,0,0,0,0,0,17
Ps 86:3-4,1,16,0,0,0,0,0,17
Ps 86:5,1,0,0,0,0,0,0,1
Ps 86:5-6,0,16,0,0,0,0,0,16
Ps 86:6,1,0,0,0,0,0,0,1
Ps 86:9-10,1,16,0,0,0,0,0,17
Ps 87,0,0,0,1,0,0,0,1
Ps 87:1,2,16,0,0,0,0,0,18
Ps 87:2,2,16,0,0,0,0,0,18
Ps 87:3,5,0,0,0,0,0,0,5
"Ps 87:3,87:5,87:7",0,57,1,0,0,0,0,58
Ps 87:5,8,32,0,0,0,0,0,40
Ps 87:7,5,0,0,0,0,0,0,5
Ps 88:1-2,1,30,0,0,0,0,0,31
Ps 88:11-12,0,16,0,0,0,0,0,16
Ps 88:18,1,0,0,0,0,0,0,1
Ps 88:2-4,1,32,0,0,0,0,0,33
Ps 88:4-5,0,0,0,0,0,0,1,1
Ps 88:6,0,0,0,0,1,0,0,1
"Ps 88:6,23:4",0,0,0,0,0,1,0,1
Ps 88:7,1,0,0,0,0,0,0,1
Ps 89:1,2,7,0,0,0,0,0,9
Ps 89:1-2,1,16,0,0,0,0,0,17
Ps 89:11,1,1,0,0,0,0,0,2
Ps 89:11-12,1,0,0,0,0,0,0,1
Ps 89:15,1,14,0,0,0,0,0,15
Ps 89:19,11,88,0,0,0,0,0,99
Ps 89:19-21,28,249,0,0,0,0,0,277
Ps 89:20-21,0,0,1,0,0,0,0,1
Ps 89:24,11,88,0,0,0,0,0,99
Ps 89:29,15,83,0,0,0,0,0,98
Ps 89:36,15,83,0,0,0,0,0,98
Ps 89:49,2,22,0,0,0,0,0,24
Ps 89:5,1,14,0,0,0,0,0,15
Ps 89:52,2,22,0,0,0,0,0,24
Ps 89:6,1,6,0,0,0,0,0,7
Ps 89:7,1,16,0,0,0,0,0,17
Ps 8:1,1,16,0,0,0,0,0,17
"Ps 8:2,8:1",0,0,0,0,0,1,0,1
"Ps 8:2,8:3",0,0,0,0,1,0,0,1
Ps 8:2-3,24,225,0,0,0,0,0,249
Ps 8:4,1,32,0,0,0,0,0,33
Ps 8:4-5,1,0,0,0,0,0,0,1
Ps 8:5,0,16,0,0,0,0,0,16
Ps 90:1-2,1,0,0,0,0,0,0,1
Ps 90:14,1,16,0,0,0,0,0,17
Ps 90:5,0,16,0,0,0,0,0,16
Ps 90:7,0,16,0,0,0,0,0,16
Ps 91,0,0,0,3,0,0,0,3
Ps 91:11,11,57,0,0,0,0,0,68
Ps 91:13,11,73,0,0,0,0,0,84
Ps 91:13-14,1,0,0,0,0,0,0,1
Ps 91:14,0,16,0,0,0,0,0,16
"Ps 91:2,91:3",0,0,0,0,2,0,0,2
Ps 92:10,8,103,0,0,0,0,0,111
Ps 92:12-13,8,103,0,0,0,0,0,111
Ps 92:14,8,103,0,0,0,0,0,111
Ps 92:15,8,103,0,0,0,0,0,111
"Ps 92:4,92:5",0,17,0,0,0,0,0,17
Ps 92:4-5,2,0,0,0,0,0,0,2
Ps 93,0,0,1,1,0,0,0,2
Ps 93:1-2,1,14,0,0,0,0,0,15
Ps 93:3,1,0,0,0,0,0,0,1
"Ps 93:3,93:4",0,9,0,0,0,0,0,9
Ps 93:3-4,5,0,0,0,0,0,0,5
"Ps 94:21,94:23",0,0,0,0,1,0,0,1
Ps 95:1,0,15,0,0,0,0,0,15
Ps 95:1-2,1,0,0,0,0,0,0,1
Ps 95:10-12,0,16,0,0,0,0,0,16
Ps 95:2,0,15,0,0,0,0,0,15
Ps 96,0,0,0,1,0,0,0,1
Ps 96:1,0,85,0,0,0,0,0,85
Ps 96:1-2,9,16,0,0,0,0,0,25
Ps 96:10,1,16,0,0,0,0,0,17
Ps 96:11-13,1,0,0,0,0,0,0,1
Ps 96:2,0,85,0,0,0,0,0,85
Ps 96:2-3,3,37,0,0,0,0,0,40
Ps 96:4,1,14,0,0,0,0,0,15
"Ps 96:5,96:6",0,16,0,0,0,0,0,16
Ps 96:5-6,1,0,0,0,0,0,0,1
Ps 96:6,1,14,0,0,0,0,0,15
Ps 96:7,1,20,0,0,0,0,0,21
Ps 96:7-8,1,0,0,0,0,0,0,1
Ps 96:7-9,6,0,0,0,0,0,0,6
Ps 96:9,1,20,0,0,0,0,0,21
Ps 97,0,0,0,2,0,0,0,2
Ps 97:1,0,16,1,0,0,0,0,17
Ps 97:1-2,2,8,0,0,0,0,0,10
Ps 97:11,0,78,0,0,0,0,0,78
Ps 97:11-12,33,244,1,0,0,0,0,278
Ps 97:12,0,78,0,0,0,0,0,78
Ps 97:2,0,16,0,0,0,0,0,16
Ps 97:4,1,16,0,0,0,0,0,17
Ps 97:6,1,16,0,0,0,0,0,17
Ps 97:7,0,16,0,0,0,0,0,16
Ps 97:7-8,4,28,1,0,0,0,0,33
Ps 97:7-9,3,26,0,0,0,0,0,29
Ps 97:8,0,16,0,0,0,0,0,16
"Ps 97:8,97:9",0,16,0,0,0,0,0,16
Ps 98,0,0,0,1,0,0,0,1
Ps 98:1,2,32,0,0,0,0,0,34
"Ps 98:1,98:2",0,16,0,0,0,0,0,16
Ps 98:2-3,1,14,0,0,0,0,0,15
Ps 98:3,1,0,0,0,0,0,0,1
"Ps 98:3,98:9",0,8,0,0,0,0,0,8
Ps 98:4,1,16,0,0,0,0,0,17
Ps 98:8,1,14,0,0,0,0,0,15
Ps 98:9,2,14,0,0,0,0,0,16
Ps 99,0,0,0,1,0,0,0,1
Ps 99:1-2,1,0,0,0,0,0,0,1
Ps 99:5,1,16,0,0,0,0,0,17
Ps 99:6-7,47,475,0,0,0,0,0,522
Ps 99:9,1,16,0,0,0,0,0,17
Ps 9:1,0,16,0,0,0,0,0,16
Ps 9:1-2,2,9,0,0,0,0,0,11
Ps 9:10,1,7,0,0,0,0,0,8
Ps 9:10-11,2,16,0,0,0,0,0,18
Ps 9:11,5,16,0,0,0,0,0,21
"Ps 9:11,9:14",0,45,0,0,0,0,0,45
Ps 9:11-12,2,16,0,0,0,0,0,18
Ps 9:12,0,16,0,0,0,0,0,16
Ps 9:13,1,28,0,0,0,0,0,29
Ps 9:13-14,1,0,0,0,0,0,0,1
Ps 9:14,42,224,0,0,0,0,0,266
Ps 9:19,1,16,0,0,0,0,0,17
Ps 9:2,0,16,0,0,0,0,0,16
Ps 9:6-7,0,9,0,0,0,0,0,9
Ps 9:7-8,1,16,0,0,0,0,0,17
Rom 10:4-13,1,16,0,0,0,0,0,17
Rom 10:4-18,18,172,0,0,0,0,0,190
Rom 11:13-36,1,16,0,0,0,0,0,17
Rom 12:1-21,1,16,0,0,0,0,0,17
Rom 12:6-21,1,16,0,0,0,0,0,17
Rom 13:1-14,1,16,0,0,0,0,0,17
Rom 14:1-18,1,16,0,0,0,0,0,17
Rom 14:10-15:2,0,15,0,0,0,0,0,15
Rom 14:10-23,1,0,0,0,0,0,0,1
Rom 14:19-15,1,0,0,0,0,0,0,1
Rom 14:19-15:7,0,31,0,0,0,0,0,31
Rom 14:19-23,1,0,0,0,0,0,0,1
Rom 15:1-2,1,0,0,0,0,0,0,1
Rom 15:1-7,1,0,1,0,0,0,0,2
Rom 15:13-29,1,7,0,0,0,0,0,8
Rom 15:4-19,1,14,0,0,0,0,0,15
Rom 16:17-20,1,13,0,0,0,0,0,14
Rom 16:17-27,1,16,0,0,0,0,0,17
Rom 1:1-17,6,61,0,0,0,0,0,67
Rom 1:1-4,1,16,0,0,0,0,0,17
Rom 1:11-13,1,16,0,0,0,0,0,17
Rom 1:16-17,1,16,0,0,0,0,0,17
Rom 1:18-25,1,16,0,0,0,0,0,17
Rom 1:19-21,1,16,0,0,0,0,0,17
Rom 1:26-2,1,0,0,0,0,0,0,1
Rom 1:7-10,1,16,0,0,0,0,0,17
Rom 28:39,0,27,0,0,0,0,0,27
Rom 2:12-24,1,16,0,0,0,0,0,17
Rom 2:14-16,1,16,0,0,0,0,0,17
Rom 2:17-20,1,16,0,0,0,0,0,17
Rom 2:25-29,1,16,0,0,0,0,0,17
Rom 2:4-7,1,16,0,0,0,0,0,17
Rom 2:8-13,1,16,0,0,0,0,0,17
Rom 3:1-17,1,0,0,0,0,0,0,1
Rom 3:1-18,0,16,0,0,0,0,0,16
Rom 3:1-31,2,28,0,0,0,0,0,30
Rom 3:1-4:3,0,16,0,0,0,0,0,16
Rom 3:19-21,1,16,0,0,0,0,0,17
Rom 3:21-26,1,16,0,0,0,0,0,17
Rom 3:27-31,1,16,0,0,0,0,0,17
Rom 4:1-3,1,0,0,0,0,0,0,1
Rom 4:1-8,1,15,0,0,0,0,0,16
Rom 4:13-25,5,0,0,0,0,0,0,5
Rom 4:13-5:5,0,53,0,0,0,0,0,53
Rom 4:14-25,1,0,0,0,0,0,0,1
Rom 4:14-5:5,0,12,0,0,0,0,0,12
Rom 4:4-24,1,16,0,0,0,0,0,17
Rom 4:4-8,1,16,0,0,0,0,0,17
Rom 4:4-9,1,16,0,0,0,0,0,17
Rom 4:6-11,1,16,0,0,0,0,0,17
Rom 4:9-12,1,16,0,0,0,0,0,17
Rom 5:1-15,0,0,1,0,0,0,0,1
Rom 5:1-5,6,0,0,0,0,0,0,6
Rom 5:20-6,1,0,0,0,0,0,0,1
Rom 5:20-6:4,0,16,0,0,0,0,0,16
Rom 5:6-15,0,0,1,0,0,0,0,1
Rom 5:6-21,1,16,0,0,0,0,0,17
Rom 6:17-22,1,16,0,0,0,0,0,17
Rom 6:3-16,1,29,0,0,0,0,0,30
Rom 6:5-11,1,16,0,0,0,0,0,17
Rom 7:1,1,0,0,0,0,0,0,1
Rom 7:1-8,0,16,0,0,0,0,0,16
Rom 7:10,1,0,0,0,0,0,0,1
Rom 7:14-27,0,14,0,0,0,0,0,14
Rom 7:2,1,0,0,0,0,0,0,1
Rom 7:3,1,0,0,0,0,0,0,1
Rom 7:4,1,0,0,0,0,0,0,1
Rom 7:5,1,0,0,0,0,0,0,1
Rom 7:6,1,0,0,0,0,0,0,1
Rom 7:7,1,0,0,0,0,0,0,1
Rom 7:8,1,0,0,0,0,0,0,1
Rom 8:12-17,1,16,0,0,0,0,0,17
Rom 8:12-26,1,16,0,0,0,0,0,17
Rom 8:14-21,0,0,2,0,0,0,0,2
Rom 8:14-27,15,161,0,0,0,0,0,176
Rom 8:18-30,13,120,0,0,0,0,0,133
Rom 8:2-5,1,16,0,0,0,0,0,17
Rom 8:22-27,1,16,0,0,0,0,0,17
Rom 8:28-39,10,67,0,0,0,0,0,77
Rom 8:9-11,1,16,0,0,0,0,0,17
Rom 9:14-29,0,16,0,0,0,0,0,16
Rom 9:15-29,1,0,0,0,0,0,0,1
Rom 9:6-33,1,16,0,0,0,0,0,17
Sir 10:1-25,1,0,0,0,0,0,0,1
Sir 10:1-33,1,0,0,0,0,0,0,1
Sir 11:1-10,1,0,0,0,0,0,0,1
Sir 1:1-14,0,0,0,0,0,2,0,2
Sir 1:18-27,0,0,0,0,0,1,0,1
Sir 22:7-18,0,0,0,0,0,1,0,1
Sir 23:7-14,0,0,0,0,0,2,0,2
Sir 24:1-11,0,0,0,0,0,1,0,1
Sir 2:1-23,1,0,0,0,0,0,0,1
Sir 3:1-4,1,0,0,0,0,0,0,1
Sir 4:20-5:2,0,0,0,0,1,0,0,1
Sir 5:1-15,1,0,0,0,0,0,0,1
Sir 8:1-22,1,0,0,0,0,0,0,1
Titus 2:11-15,3,0,1,0,0,0,0,4
Titus 2:11-3:7,0,30,1,0,0,0,0,31
Titus 3:1-7,3,0,1,0,0,0,0,4
Tob 10:1-12,1,0,0,0,0,0,0,1
Tob 11:1-19,1,0,0,0,0,0,0,1
Tob 12:1-22,1,0,0,0,0,0,0,1
Tob 13:1-18,1,0,0,0,0,0,0,1
Tob 14:1-15,1,0,0,0,0,0,0,1
Tob 1:1-22,1,0,0,0,0,0,0,1
Tob 2:1-14,1,0,0,0,0,0,0,1
Tob 3:1-6,1,0,0,0,0,0,0,1
Tob 3:16-17,1,0,0,0,0,0,0,1
Tob 3:7-15,1,0,0,0,0,0,0,1
Tob 4:1-21,1,0,0,0,0,0,0,1
Tob 5:1-22,1,0,0,0,0,0,0,1
Tob 6:1-8,1,0,0,0,0,0,0,1
Tob 6:9-17,1,0,0,0,0,0,0,1
Tob 7:1-18,1,0,0,0,0,0,0,1
Tob 8:1-21,1,0,0,0,0,0,0,1
Tob 9:1-6,1,0,0,0,0,0,0,1
Wis 12:13-13:1,0,0,0,0,1,0,0,1
Wis 1:1-9,0,0,0,0,1,0,0,1
Wis 1:20-2:15,0,0,0,0,1,0,0,1
Wis 22:7-18,0,0,0,0,1,0,0,1
Wis 23:7-14,0,0,0,0,1,0,0,1
Wis 24:1-11,0,0,0,0,1,0,0,1
Wis 2:12-22,0,0,0,0,1,0,0,1
Wis 2:20-30,0,0,0,0,2,0,0,2
Wis 3:12-24,0,0,0,0,1,0,0,1
Wis 7:24-30,0,0,0,0,1,0,0,1
Zech 10:1-2,0,0,0,0,1,0,0,1
Zech 11:11-14,0,0,0,0,2,0,0,2
Zech 11:14,0,0,0,0,0,1,0,1
Zech 12:11-14,0,0,0,0,1,0,0,1
"Zech 12:11-14:3,14:6-9",0,0,0,0,0,1,0,1
Zech 13:1-9,0,0,0,0,1,0,0,1
Zech 14:1-4,0,0,0,0,1,0,0,1
Zech 14:5-11,0,0,0,0,1,0,0,1
Zech 14:6-11,0,0,0,0,0,1,0,1
Zech 14:6-9,0,0,0,0,1,0,0,1
Zech 1:1-6,0,0,0,0,2,0,0,2
Zech 8:18-23,1,0,0,0,0,0,0,1
Zech 8:7-13,1,0,0,0,0,0,0,1
Zech 9:11-14,0,0,0,0,1,0,0,1
Zech 9:9-15,1,0,0,0,0,0,0,1
Zeph 1:14-2:2,0,0,0,0,0,1,0,1
Zeph 1:2-12,0,0,0,0,0,1,0,1
Zeph 3:11-20,0,0,0,0,0,1,0,1
Zeph 3:14-20,1,0,0,0,0,0,0,1
