service_family,service_variant,section,reading_type,raw_ref,source_title,source_url,source_page,notes,canonical_ref
wedding_crowning,holy_matrimony_main,main_readings,pauline,Ephesians 5:22-6:3,The Holy Matrimony Rite,https://saintbishoy.ca/wp-content/uploads/Rites_Wedding_Ceremony.pdf,https://saintbishoy.ca/service-books/,Main crowning rite Pauline reading.,Eph 5:22-6:3
wedding_crowning,holy_matrimony_main,main_readings,psalm,Psalm 19:5; Psalm 128:3,The Holy Matrimony Rite,https://saintbishoy.ca/wp-content/uploads/Rites_Wedding_Ceremony.pdf,https://saintbishoy.ca/service-books/,Printed as Psalm (18) 19:5 and Psalm (127) 128:3 in the rite book.,Ps 19:5; Psalm 128:3
wedding_crowning,holy_matrimony_main,main_readings,gospel,Matthew 19:1-6,The Holy Matrimony Rite,https://saintbishoy.ca/wp-content/uploads/Rites_Wedding_Ceremony.pdf,https://saintbishoy.ca/service-books/,Main crowning rite Gospel reading.,Matt 19:1-6
baptism,mother_absolution_male_child,part_1,pauline,Hebrews 1:8-12,Baptism and Chrismation Rite,https://saintbishoy.ca/wp-content/uploads/Rites_Baptism.pdf,https://saintbishoy.ca/service-books/,Absolution for the woman if she bore a male child.,Heb 1:8-12
baptism,mother_absolution_male_child,part_1,psalm,Psalm 32:1-2,Baptism and Chrismation Rite,https://saintbishoy.ca/wp-content/uploads/Rites_Baptism.pdf,https://saintbishoy.ca/service-books/,Printed as Psalm 31 in LXX numbering.,Ps 32:1-2
baptism,mother_absolution_male_child,part_1,gospel,Luke 2:21-35,Baptism and Chrismation Rite,https://saintbishoy.ca/wp-content/uploads/Rites_Baptism.pdf,https://saintbishoy.ca/service-books/,Absolution for the woman if she bore a male child.,Lk 2:21-35
baptism,mother_absolution_female_child,part_2,pauline,1 Corinthians 7:12-14,Baptism and Chrismation Rite,https://saintbishoy.ca/wp-content/uploads/Rites_Baptism.pdf,https://saintbishoy.ca/service-books/,Absolution for the woman if she bore a female child.,1Cor 7:12-14
baptism,mother_absolution_female_child,part_2,psalm,Psalm 45:9; Psalm 45:13,Baptism and Chrismation Rite,https://saintbishoy.ca/wp-content/uploads/Rites_Baptism.pdf,https://saintbishoy.ca/service-books/,"Printed as Psalm 44:12 in the Arabic line plus 45:9,13 in English/Coptic formatting; preserve the two verse references explicitly.",Ps 45:9; Psalm 45:13
baptism,mother_absolution_female_child,part_2,gospel,Luke 10:38-42,Baptism and Chrismation Rite,https://saintbishoy.ca/wp-content/uploads/Rites_Baptism.pdf,https://saintbishoy.ca/service-books/,Absolution for the woman if she bore a female child.,Lk 10:38-42
baptism,sanctification_of_baptismal_water,part_3,pauline,Titus 2:11-3:7,Baptism and Chrismation Rite,https://saintbishoy.ca/wp-content/uploads/Rites_Baptism.pdf,https://saintbishoy.ca/service-books/,Main baptismal-water sanctification readings.,Titus 2:11-3:7
baptism,sanctification_of_baptismal_water,part_3,catholic,1 John 5:5-20,Baptism and Chrismation Rite,https://saintbishoy.ca/wp-content/uploads/Rites_Baptism.pdf,https://saintbishoy.ca/service-books/,Main baptismal-water sanctification readings.,1Jn 5:5-20
baptism,sanctification_of_baptismal_water,part_3,acts,Acts 8:26-39,Baptism and Chrismation Rite,https://saintbishoy.ca/wp-content/uploads/Rites_Baptism.pdf,https://saintbishoy.ca/service-books/,Main baptismal-water sanctification readings.,Acts 8:26-39
baptism,sanctification_of_baptismal_water,part_3,psalm,Psalm 32:1-2,Baptism and Chrismation Rite,https://saintbishoy.ca/wp-content/uploads/Rites_Baptism.pdf,https://saintbishoy.ca/service-books/,Printed as Psalm 31 in LXX numbering.,Ps 32:1-2
baptism,sanctification_of_baptismal_water,part_3,gospel,John 3:1-21,Baptism and Chrismation Rite,https://saintbishoy.ca/wp-content/uploads/Rites_Baptism.pdf,https://saintbishoy.ca/service-books/,Main baptismal-water sanctification readings.,Jn 3:1-21
unction_of_the_sick,first_prayer,first_prayer,catholic,James 5:10-20,The Unction of the Sick,https://saintbishoy.ca/wp-content/uploads/Rites_Unction_of_Sick.pdf,https://saintbishoy.ca/service-books/,First prayer uses Catholic Epistle rather than Pauline.,James 5:10-20
unction_of_the_sick,first_prayer,first_prayer,psalm,Psalm 6:1-2,The Unction of the Sick,https://saintbishoy.ca/wp-content/uploads/Rites_Unction_of_Sick.pdf,https://saintbishoy.ca/service-books/,First prayer Psalm.,Ps 6:1-2
unction_of_the_sick,first_prayer,first_prayer,gospel,John 5:1-17,The Unction of the Sick,https://saintbishoy.ca/wp-content/uploads/Rites_Unction_of_Sick.pdf,https://saintbishoy.ca/service-books/,First prayer Gospel.,Jn 5:1-17
unction_of_the_sick,second_prayer,second_prayer,pauline,Romans 15:1-7,The Unction of the Sick,https://saintbishoy.ca/wp-content/uploads/Rites_Unction_of_Sick.pdf,https://saintbishoy.ca/service-books/,Second prayer Pauline.,Rom 15:1-7
unction_of_the_sick,second_prayer,second_prayer,psalm,Psalm 102:1-2,The Unction of the Sick,https://saintbishoy.ca/wp-content/uploads/Rites_Unction_of_Sick.pdf,https://saintbishoy.ca/service-books/,Printed as Psalms (101) 102:1-2.,Ps 102:1-2
unction_of_the_sick,second_prayer,second_prayer,gospel,Luke 19:1-10,The Unction of the Sick,https://saintbishoy.ca/wp-content/uploads/Rites_Unction_of_Sick.pdf,https://saintbishoy.ca/service-books/,Second prayer Gospel.,Lk 19:1-10
unction_of_the_sick,third_prayer,third_prayer,pauline,1 Corinthians 12:28-13:8,The Unction of the Sick,https://saintbishoy.ca/wp-content/uploads/Rites_Unction_of_Sick.pdf,https://saintbishoy.ca/service-books/,Third prayer Pauline.,1Cor 12:28-13:8
unction_of_the_sick,third_prayer,third_prayer,psalm,Psalm 38:1-2,The Unction of the Sick,https://saintbishoy.ca/wp-content/uploads/Rites_Unction_of_Sick.pdf,https://saintbishoy.ca/service-books/,Printed as Psalm (37) 38:1-2.,Ps 38:1-2
unction_of_the_sick,third_prayer,third_prayer,gospel,Matthew 10:1-8,The Unction of the Sick,https://saintbishoy.ca/wp-content/uploads/Rites_Unction_of_Sick.pdf,https://saintbishoy.ca/service-books/,Third prayer Gospel.,Matt 10:1-8
unction_of_the_sick,fourth_prayer,fourth_prayer,pauline,Romans 8:14-21,The Unction of the Sick,https://saintbishoy.ca/wp-content/uploads/Rites_Unction_of_Sick.pdf,https://saintbishoy.ca/service-books/,Fourth prayer Pauline.,Rom 8:14-21
unction_of_the_sick,fourth_prayer,fourth_prayer,psalm,Psalm 51:1-2,The Unction of the Sick,https://saintbishoy.ca/wp-content/uploads/Rites_Unction_of_Sick.pdf,https://saintbishoy.ca/service-books/,Printed as Psalm (50) 51:1-2.,Ps 51:1-2
unction_of_the_sick,fourth_prayer,fourth_prayer,gospel,Luke 10:1-9,The Unction of the Sick,https://saintbishoy.ca/wp-content/uploads/Rites_Unction_of_Sick.pdf,https://saintbishoy.ca/service-books/,Fourth prayer Gospel.,Lk 10:1-9
unction_of_the_sick,fifth_prayer,fifth_prayer,pauline,Galatians 2:16-20,The Unction of the Sick,https://saintbishoy.ca/wp-content/uploads/Rites_Unction_of_Sick.pdf,https://saintbishoy.ca/service-books/,Fifth prayer Pauline.,Gal 2:16-20
unction_of_the_sick,fifth_prayer,fifth_prayer,psalm,Psalm 142:7,The Unction of the Sick,https://saintbishoy.ca/wp-content/uploads/Rites_Unction_of_Sick.pdf,https://saintbishoy.ca/service-books/,Printed as Psalm (141) 142:7.,Ps 142:7
unction_of_the_sick,fifth_prayer,fifth_prayer,gospel,John 14:1-19,The Unction of the Sick,https://saintbishoy.ca/wp-content/uploads/Rites_Unction_of_Sick.pdf,https://saintbishoy.ca/service-books/,Fifth prayer Gospel.,Jn 14:1-19
unction_of_the_sick,sixth_prayer,sixth_prayer,pauline,Colossians 3:12-17,The Unction of the Sick,https://saintbishoy.ca/wp-content/uploads/Rites_Unction_of_Sick.pdf,https://saintbishoy.ca/service-books/,Sixth prayer Pauline.,Col 3:12-17
unction_of_the_sick,sixth_prayer,sixth_prayer,psalm,Psalm 4:1,The Unction of the Sick,https://saintbishoy.ca/wp-content/uploads/Rites_Unction_of_Sick.pdf,https://saintbishoy.ca/service-books/,Sixth prayer Psalm.,Ps 4:1
unction_of_the_sick,sixth_prayer,sixth_prayer,gospel,Luke 7:36-50,The Unction of the Sick,https://saintbishoy.ca/wp-content/uploads/Rites_Unction_of_Sick.pdf,https://saintbishoy.ca/service-books/,Sixth prayer Gospel.,Lk 7:36-50
unction_of_the_sick,seventh_prayer,seventh_prayer,pauline,Ephesians 6:10-18,The Unction of the Sick,https://saintbishoy.ca/wp-content/uploads/Rites_Unction_of_Sick.pdf,https://saintbishoy.ca/service-books/,Seventh prayer Pauline.,Eph 6:10-18
unction_of_the_sick,seventh_prayer,seventh_prayer,psalm,Psalm 25:18; Psalm 25:20,The Unction of the Sick,https://saintbishoy.ca/wp-content/uploads/Rites_Unction_of_Sick.pdf,https://saintbishoy.ca/service-books/,"Printed as Psalm (24) 25:18,20.",Ps 25:18; Psalm 25:20
unction_of_the_sick,seventh_prayer,seventh_prayer,gospel,Matthew 6:14-18,The Unction of the Sick,https://saintbishoy.ca/wp-content/uploads/Rites_Unction_of_Sick.pdf,https://saintbishoy.ca/service-books/,Seventh prayer Gospel.,Matt 6:14-18
funeral,men_main,part_1,pauline,1 Corinthians 15:1-23,The Funeral Prayers,https://saintbishoy.ca/wp-content/uploads/Readings_Funeral_Updated.pdf,https://saintbishoy.ca/service-books/,Main funeral service for men.,1Cor 15:1-23
funeral,men_main,part_1,psalm,Psalm 65:4,The Funeral Prayers,https://saintbishoy.ca/wp-content/uploads/Readings_Funeral_Updated.pdf,https://saintbishoy.ca/service-books/,Printed as Psalm (64) 65:4.,Ps 65:4
funeral,men_main,part_1,gospel,John 5:19-29,The Funeral Prayers,https://saintbishoy.ca/wp-content/uploads/Readings_Funeral_Updated.pdf,https://saintbishoy.ca/service-books/,Main funeral service for men.,Jn 5:19-29
palm_sunday,vespers,vespers,psalm,Psalm 118:26-27,"Rites and Readings of Palm Sunday, Procession and General Funeral",https://saintbishoy.ca/wp-content/uploads/Rites_Palm_Sunday_And_General_Funeral_Readings_Procession.pdf,https://saintbishoy.ca/service-books/,Vespers Psalm for Palm Sunday; printed as Psalm (117) 118:26-27.,Ps 118:26-27
palm_sunday,vespers,vespers,gospel,John 12:1-11,"Rites and Readings of Palm Sunday, Procession and General Funeral",https://saintbishoy.ca/wp-content/uploads/Rites_Palm_Sunday_And_General_Funeral_Readings_Procession.pdf,https://saintbishoy.ca/service-books/,Vespers Gospel for Palm Sunday.,Jn 12:1-11
palm_sunday,procession,procession_station_01_main_sanctuary,psalm,Psalm 104:4; Psalm 138:1,"Rites and Readings of Palm Sunday, Procession and General Funeral",https://saintbishoy.ca/wp-content/uploads/Rites_Palm_Sunday_And_General_Funeral_Readings_Procession.pdf,https://saintbishoy.ca/service-books/,Palm Sunday procession station 1: Main Sanctuary; Psalm before the station Gospel.,Ps 104:4; Psalm 138:1
palm_sunday,procession,procession_station_01_main_sanctuary,gospel,John 1:43-51,"Rites and Readings of Palm Sunday, Procession and General Funeral",https://saintbishoy.ca/wp-content/uploads/Rites_Palm_Sunday_And_General_Funeral_Readings_Procession.pdf,https://saintbishoy.ca/service-books/,Palm Sunday procession station 1: Main Sanctuary; station Gospel.,Jn 1:43-51
palm_sunday,procession,procession_station_02_holy_virgin_st_mary,psalm,"Psalm 87:3,5,7","Rites and Readings of Palm Sunday, Procession and General Funeral",https://saintbishoy.ca/wp-content/uploads/Rites_Palm_Sunday_And_General_Funeral_Readings_Procession.pdf,https://saintbishoy.ca/service-books/,Palm Sunday procession station 2: The Holy Virgin St. Mary; Psalm before the station Gospel.,"Ps 87:3,87:5,87:7"
palm_sunday,procession,procession_station_02_holy_virgin_st_mary,gospel,Luke 1:39-56,"Rites and Readings of Palm Sunday, Procession and General Funeral",https://saintbishoy.ca/wp-content/uploads/Rites_Palm_Sunday_And_General_Funeral_Readings_Procession.pdf,https://saintbishoy.ca/service-books/,Palm Sunday procession station 2: The Holy Virgin St. Mary; station Gospel.,Lk 1:39-56
palm_sunday,procession,procession_station_03_archangel_gabriel,psalm,Psalm 34:7-8,"Rites and Readings of Palm Sunday, Procession and General Funeral",https://saintbishoy.ca/wp-content/uploads/Rites_Palm_Sunday_And_General_Funeral_Readings_Procession.pdf,https://saintbishoy.ca/service-books/,Palm Sunday procession station 3: The Archangel Gabriel; Psalm before the station Gospel.,Ps 34:7-8
palm_sunday,procession,procession_station_03_archangel_gabriel,gospel,Luke 1:26-38,"Rites and Readings of Palm Sunday, Procession and General Funeral",https://saintbishoy.ca/wp-content/uploads/Rites_Palm_Sunday_And_General_Funeral_Readings_Procession.pdf,https://saintbishoy.ca/service-books/,Palm Sunday procession station 3: The Archangel Gabriel; station Gospel.,Lk 1:26-38
palm_sunday,procession,procession_station_04_archangel_michael,psalm,Psalm 103:20-21,"Rites and Readings of Palm Sunday, Procession and General Funeral",https://saintbishoy.ca/wp-content/uploads/Rites_Palm_Sunday_And_General_Funeral_Readings_Procession.pdf,https://saintbishoy.ca/service-books/,Palm Sunday procession station 4: The Archangel Michael; Psalm before the station Gospel.,Ps 103:20-21
palm_sunday,procession,procession_station_04_archangel_michael,gospel,Matthew 13:44-53,"Rites and Readings of Palm Sunday, Procession and General Funeral",https://saintbishoy.ca/wp-content/uploads/Rites_Palm_Sunday_And_General_Funeral_Readings_Procession.pdf,https://saintbishoy.ca/service-books/,Palm Sunday procession station 4: The Archangel Michael; station Gospel.,Matt 13:44-53
palm_sunday,procession,procession_station_05_st_mark_evangelist,psalm,Psalm 68:11-12,"Rites and Readings of Palm Sunday, Procession and General Funeral",https://saintbishoy.ca/wp-content/uploads/Rites_Palm_Sunday_And_General_Funeral_Readings_Procession.pdf,https://saintbishoy.ca/service-books/,Palm Sunday procession station 5: St. Mark the Evangelist; Psalm before the station Gospel.,Ps 68:11-12
palm_sunday,procession,procession_station_05_st_mark_evangelist,gospel,Luke 10:1-12,"Rites and Readings of Palm Sunday, Procession and General Funeral",https://saintbishoy.ca/wp-content/uploads/Rites_Palm_Sunday_And_General_Funeral_Readings_Procession.pdf,https://saintbishoy.ca/service-books/,Palm Sunday procession station 5: St. Mark the Evangelist; station Gospel.,Lk 10:1-12
palm_sunday,procession,procession_station_06_holy_apostles,psalm,Psalm 19:3-4,"Rites and Readings of Palm Sunday, Procession and General Funeral",https://saintbishoy.ca/wp-content/uploads/Rites_Palm_Sunday_And_General_Funeral_Readings_Procession.pdf,https://saintbishoy.ca/service-books/,Palm Sunday procession station 6: The Holy Apostles; Psalm before the station Gospel.,Ps 19:3-4
palm_sunday,procession,procession_station_06_holy_apostles,gospel,Matthew 10:1-8,"Rites and Readings of Palm Sunday, Procession and General Funeral",https://saintbishoy.ca/wp-content/uploads/Rites_Palm_Sunday_And_General_Funeral_Readings_Procession.pdf,https://saintbishoy.ca/service-books/,Palm Sunday procession station 6: The Holy Apostles; station Gospel.,Matt 10:1-8
palm_sunday,procession,procession_station_07_st_george,psalm,Psalm 97:11-12,"Rites and Readings of Palm Sunday, Procession and General Funeral",https://saintbishoy.ca/wp-content/uploads/Rites_Palm_Sunday_And_General_Funeral_Readings_Procession.pdf,https://saintbishoy.ca/service-books/,Palm Sunday procession station 7: St. George; Psalm before the station Gospel.,Ps 97:11-12
palm_sunday,procession,procession_station_07_st_george,gospel,Luke 21:12-19,"Rites and Readings of Palm Sunday, Procession and General Funeral",https://saintbishoy.ca/wp-content/uploads/Rites_Palm_Sunday_And_General_Funeral_Readings_Procession.pdf,https://saintbishoy.ca/service-books/,Palm Sunday procession station 7: St. George; station Gospel.,Lk 21:12-19
palm_sunday,procession,procession_station_08_st_antony,psalm,Psalm 68:35; Psalm 68:3,"Rites and Readings of Palm Sunday, Procession and General Funeral",https://saintbishoy.ca/wp-content/uploads/Rites_Palm_Sunday_And_General_Funeral_Readings_Procession.pdf,https://saintbishoy.ca/service-books/,Palm Sunday procession station 8: St. Antony; Psalm before the station Gospel.,Ps 68:35; Psalm 68:3
palm_sunday,procession,procession_station_08_st_antony,gospel,Matthew 16:24-28,"Rites and Readings of Palm Sunday, Procession and General Funeral",https://saintbishoy.ca/wp-content/uploads/Rites_Palm_Sunday_And_General_Funeral_Readings_Procession.pdf,https://saintbishoy.ca/service-books/,Palm Sunday procession station 8: St. Antony; station Gospel.,Matt 16:24-28
palm_sunday,procession,procession_station_09_northern_door,psalm,Psalm 84:1-2,"Rites and Readings of Palm Sunday, Procession and General Funeral",https://saintbishoy.ca/wp-content/uploads/Rites_Palm_Sunday_And_General_Funeral_Readings_Procession.pdf,https://saintbishoy.ca/service-books/,Palm Sunday procession station 9: Northern Door; Psalm before the station Gospel.,Ps 84:1-2
palm_sunday,procession,procession_station_09_northern_door,gospel,Luke 13:22-30,"Rites and Readings of Palm Sunday, Procession and General Funeral",https://saintbishoy.ca/wp-content/uploads/Rites_Palm_Sunday_And_General_Funeral_Readings_Procession.pdf,https://saintbishoy.ca/service-books/,Palm Sunday procession station 9: Northern Door; station Gospel.,Lk 13:22-30
palm_sunday,procession,procession_station_10_baptismal_font,psalm,Psalm 29:3-4,"Rites and Readings of Palm Sunday, Procession and General Funeral",https://saintbishoy.ca/wp-content/uploads/Rites_Palm_Sunday_And_General_Funeral_Readings_Procession.pdf,https://saintbishoy.ca/service-books/,Palm Sunday procession station 10: Baptismal Font; Psalm before the station Gospel.,Ps 29:3-4
palm_sunday,procession,procession_station_10_baptismal_font,gospel,Matthew 3:13-17,"Rites and Readings of Palm Sunday, Procession and General Funeral",https://saintbishoy.ca/wp-content/uploads/Rites_Palm_Sunday_And_General_Funeral_Readings_Procession.pdf,https://saintbishoy.ca/service-books/,Palm Sunday procession station 10: Baptismal Font; station Gospel.,Matt 3:13-17
palm_sunday,procession,procession_station_11_southern_door,psalm,Psalm 118:19-20,"Rites and Readings of Palm Sunday, Procession and General Funeral",https://saintbishoy.ca/wp-content/uploads/Rites_Palm_Sunday_And_General_Funeral_Readings_Procession.pdf,https://saintbishoy.ca/service-books/,Palm Sunday procession station 11: Southern Door; Psalm before the station Gospel.,Ps 118:19-20
palm_sunday,procession,procession_station_11_southern_door,gospel,Matthew 21:1-11,"Rites and Readings of Palm Sunday, Procession and General Funeral",https://saintbishoy.ca/wp-content/uploads/Rites_Palm_Sunday_And_General_Funeral_Readings_Procession.pdf,https://saintbishoy.ca/service-books/,Palm Sunday procession station 11: Southern Door; station Gospel.,Matt 21:1-11
palm_sunday,procession,procession_station_12_st_john_the_baptist,psalm,Psalm 52:8,"Rites and Readings of Palm Sunday, Procession and General Funeral",https://saintbishoy.ca/wp-content/uploads/Rites_Palm_Sunday_And_General_Funeral_Readings_Procession.pdf,https://saintbishoy.ca/service-books/,Palm Sunday procession station 12: St. John the Baptist; Psalm before the station Gospel.,Ps 52:8
palm_sunday,procession,procession_station_12_st_john_the_baptist,gospel,Luke 7:28-35,"Rites and Readings of Palm Sunday, Procession and General Funeral",https://saintbishoy.ca/wp-content/uploads/Rites_Palm_Sunday_And_General_Funeral_Readings_Procession.pdf,https://saintbishoy.ca/service-books/,Palm Sunday procession station 12: St. John the Baptist; station Gospel.,Lk 7:28-35
palm_sunday,matins,matins,psalm,Psalm 68:19; Psalm 68:35,"Rites and Readings of Palm Sunday, Procession and General Funeral",https://saintbishoy.ca/wp-content/uploads/Rites_Palm_Sunday_And_General_Funeral_Readings_Procession.pdf,https://saintbishoy.ca/service-books/,"Matins Psalm after Palm Sunday procession; printed as Psalm (67) 68:19,35.",Ps 68:19; Psalm 68:35
palm_sunday,matins,matins,gospel,Luke 19:1-10,"Rites and Readings of Palm Sunday, Procession and General Funeral",https://saintbishoy.ca/wp-content/uploads/Rites_Palm_Sunday_And_General_Funeral_Readings_Procession.pdf,https://saintbishoy.ca/service-books/,"Matins Gospel after Palm Sunday procession, Zacchaeus reading.",Lk 19:1-10
palm_sunday,liturgy,liturgy_readings,pauline,Hebrews 9:11-28,"Rites and Readings of Palm Sunday, Procession and General Funeral",https://saintbishoy.ca/wp-content/uploads/Rites_Palm_Sunday_And_General_Funeral_Readings_Procession.pdf,https://saintbishoy.ca/service-books/,Palm Sunday Divine Liturgy Pauline reading.,Heb 9:11-28
palm_sunday,liturgy,liturgy_readings,catholic,1 Peter 4:1-11,"Rites and Readings of Palm Sunday, Procession and General Funeral",https://saintbishoy.ca/wp-content/uploads/Rites_Palm_Sunday_And_General_Funeral_Readings_Procession.pdf,https://saintbishoy.ca/service-books/,Palm Sunday Divine Liturgy Catholic Epistle.,1Pet 4:1-11
palm_sunday,liturgy,liturgy_readings,acts,Acts 28:11-31,"Rites and Readings of Palm Sunday, Procession and General Funeral",https://saintbishoy.ca/wp-content/uploads/Rites_Palm_Sunday_And_General_Funeral_Readings_Procession.pdf,https://saintbishoy.ca/service-books/,Palm Sunday Divine Liturgy Praxis / Acts reading.,Acts 28:11-31
palm_sunday,liturgy,first_gospel,psalm,Psalm 81:3; Psalm 81:1; Psalm 81:2,"Rites and Readings of Palm Sunday, Procession and General Funeral",https://saintbishoy.ca/wp-content/uploads/Rites_Palm_Sunday_And_General_Funeral_Readings_Procession.pdf,https://saintbishoy.ca/service-books/,"First Psalm for Palm Sunday before the first Liturgy Gospel; printed as Psalm (80) 81:3,1,2.",Ps 81:3; Psalm 81:1; Psalm 81:2
palm_sunday,liturgy,first_gospel,gospel,Matthew 21:1-17,"Rites and Readings of Palm Sunday, Procession and General Funeral",https://saintbishoy.ca/wp-content/uploads/Rites_Palm_Sunday_And_General_Funeral_Readings_Procession.pdf,https://saintbishoy.ca/service-books/,First Gospel for Palm Sunday Divine Liturgy.,Matt 21:1-17
palm_sunday,liturgy,second_gospel,gospel,Mark 11:1-11,"Rites and Readings of Palm Sunday, Procession and General Funeral",https://saintbishoy.ca/wp-content/uploads/Rites_Palm_Sunday_And_General_Funeral_Readings_Procession.pdf,https://saintbishoy.ca/service-books/,Second Gospel for Palm Sunday Divine Liturgy.,Mark 11:1-11
palm_sunday,liturgy,third_gospel,gospel,Luke 19:29-48,"Rites and Readings of Palm Sunday, Procession and General Funeral",https://saintbishoy.ca/wp-content/uploads/Rites_Palm_Sunday_And_General_Funeral_Readings_Procession.pdf,https://saintbishoy.ca/service-books/,Third Gospel for Palm Sunday Divine Liturgy.,Lk 19:29-48
palm_sunday,liturgy,fourth_gospel,psalm,Psalm 65:1-2,"Rites and Readings of Palm Sunday, Procession and General Funeral",https://saintbishoy.ca/wp-content/uploads/Rites_Palm_Sunday_And_General_Funeral_Readings_Procession.pdf,https://saintbishoy.ca/service-books/,"Psalm before the fourth Gospel for Palm Sunday; printed as Psalm (64) 65:1,2.",Ps 65:1-2
palm_sunday,liturgy,fourth_gospel,gospel,John 12:12-19,"Rites and Readings of Palm Sunday, Procession and General Funeral",https://saintbishoy.ca/wp-content/uploads/Rites_Palm_Sunday_And_General_Funeral_Readings_Procession.pdf,https://saintbishoy.ca/service-books/,Fourth Gospel for Palm Sunday Divine Liturgy.,Jn 12:12-19
general_funeral,palm_sunday_general_funeral,prophecy,old_testament,Ezekiel 37:1-14,"Rites and Readings of Palm Sunday, Procession and General Funeral",https://saintbishoy.ca/wp-content/uploads/Rites_Palm_Sunday_And_General_Funeral_Readings_Procession.pdf,https://saintbishoy.ca/service-books/,General Funeral prayed after Palm Sunday liturgy before Holy Pascha; prophecy reading in the Palm Sunday book.,Ezek 37:1-14
general_funeral,palm_sunday_general_funeral,main_readings,pauline,1 Corinthians 15:1-27,"Rites and Readings of Palm Sunday, Procession and General Funeral",https://saintbishoy.ca/wp-content/uploads/Rites_Palm_Sunday_And_General_Funeral_Readings_Procession.pdf,https://saintbishoy.ca/service-books/,Palm Sunday General Funeral Pauline from the Palm Sunday book; extends beyond the separate men_main funeral book reading.,1Cor 15:1-27
general_funeral,palm_sunday_general_funeral,main_readings,psalm,Psalm 65:4-5,"Rites and Readings of Palm Sunday, Procession and General Funeral",https://saintbishoy.ca/wp-content/uploads/Rites_Palm_Sunday_And_General_Funeral_Readings_Procession.pdf,https://saintbishoy.ca/service-books/,Printed as Psalm (64) 65:4-5 in the Palm Sunday General Funeral section.,Ps 65:4-5
general_funeral,palm_sunday_general_funeral,main_readings,gospel,John 5:19-29,"Rites and Readings of Palm Sunday, Procession and General Funeral",https://saintbishoy.ca/wp-content/uploads/Rites_Palm_Sunday_And_General_Funeral_Readings_Procession.pdf,https://saintbishoy.ca/service-books/,Palm Sunday General Funeral Gospel from the Palm Sunday book.,Jn 5:19-29
funeral,men_passion_week,at_burial_site_override,old_testament,Genesis 50:4-25,The Funeral Prayers,https://saintbishoy.ca/wp-content/uploads/Readings_Funeral_Updated.pdf,https://saintbishoy.ca/service-books/,"Passion Week burial-site override. The rite explicitly says the Trisagion, Gospel litany, Psalm, and Gospel are then read as before.",Gen 50:4-25
funeral,women_main,part_2,pauline,1 Corinthians 15:39-49,The Funeral Prayers,https://saintbishoy.ca/wp-content/uploads/Readings_Funeral_Updated.pdf,https://saintbishoy.ca/service-books/,Main funeral service for women.,1Cor 15:39-49
funeral,women_main,part_2,psalm,Psalm 116:7-8,The Funeral Prayers,https://saintbishoy.ca/wp-content/uploads/Readings_Funeral_Updated.pdf,https://saintbishoy.ca/service-books/,Printed as Psalm (114) 116:7-8.,Ps 116:7-8
funeral,women_main,part_2,gospel,Matthew 26:6-13,The Funeral Prayers,https://saintbishoy.ca/wp-content/uploads/Readings_Funeral_Updated.pdf,https://saintbishoy.ca/service-books/,Main funeral service for women.,Matt 26:6-13
funeral,women_passion_week,at_burial_site_override,old_testament,Genesis 23:1-20,The Funeral Prayers,https://saintbishoy.ca/wp-content/uploads/Readings_Funeral_Updated.pdf,https://saintbishoy.ca/service-books/,Passion Week burial-site override for women; followed by Genesis 24:1-67 and then the Psalm/Gospel as before.,Gen 23:1-20
funeral,women_passion_week,at_burial_site_override,old_testament,Genesis 24:1-67,The Funeral Prayers,https://saintbishoy.ca/wp-content/uploads/Readings_Funeral_Updated.pdf,https://saintbishoy.ca/service-books/,Second Passion Week burial-site reading for women.,Gen 24:1-67
funeral,women_delivery_main,part_3,old_testament,Isaiah 26:9-20,The Funeral Prayers,https://saintbishoy.ca/wp-content/uploads/Readings_Funeral_Updated.pdf,https://saintbishoy.ca/service-books/,Funeral for women who depart during delivery.,Isa 26:9-20
funeral,women_delivery_main,part_3,pauline,Romans 5:1-15,The Funeral Prayers,https://saintbishoy.ca/wp-content/uploads/Readings_Funeral_Updated.pdf,https://saintbishoy.ca/service-books/,Funeral for women who depart during delivery.,Rom 5:1-15
funeral,women_delivery_main,part_3,psalm,Psalm 78:38-39,The Funeral Prayers,https://saintbishoy.ca/wp-content/uploads/Readings_Funeral_Updated.pdf,https://saintbishoy.ca/service-books/,Printed as Psalm (77) 78:38-39.,Ps 78:38-39
funeral,women_delivery_main,part_3,gospel,John 16:20-23,The Funeral Prayers,https://saintbishoy.ca/wp-content/uploads/Readings_Funeral_Updated.pdf,https://saintbishoy.ca/service-books/,Funeral for women who depart during delivery.,Jn 16:20-23
funeral,women_delivery_passion_week,at_burial_site_override,old_testament,Genesis 23:1-20,The Funeral Prayers,https://saintbishoy.ca/wp-content/uploads/Readings_Funeral_Updated.pdf,https://saintbishoy.ca/service-books/,Passion Week burial-site override for women who depart during delivery; followed by Genesis 24:1-67 and then the Psalm/Gospel as before.,Gen 23:1-20
funeral,women_delivery_passion_week,at_burial_site_override,old_testament,Genesis 24:1-67,The Funeral Prayers,https://saintbishoy.ca/wp-content/uploads/Readings_Funeral_Updated.pdf,https://saintbishoy.ca/service-books/,Second Passion Week burial-site reading for women who depart during delivery.,Gen 24:1-67
funeral,male_children_main,part_4,pauline,1 Thessalonians 4:13-18,The Funeral Prayers,https://saintbishoy.ca/wp-content/uploads/Readings_Funeral_Updated.pdf,https://saintbishoy.ca/service-books/,Funeral service for male children.,1Thess 4:13-18
funeral,male_children_main,part_4,psalm,Psalm 27:10; Psalm 116:6,The Funeral Prayers,https://saintbishoy.ca/wp-content/uploads/Readings_Funeral_Updated.pdf,https://saintbishoy.ca/service-books/,Printed as Psalms (26) 27:10 and (114) 116:6.,Ps 27:10; Psalm 116:6
funeral,male_children_main,part_4,gospel,Luke 7:11-16,The Funeral Prayers,https://saintbishoy.ca/wp-content/uploads/Readings_Funeral_Updated.pdf,https://saintbishoy.ca/service-books/,Funeral service for male children.,Lk 7:11-16
funeral,male_children_at_burial_site,at_burial_site,old_testament,1 Kings 17:17-24,The Funeral Prayers,https://saintbishoy.ca/wp-content/uploads/Readings_Funeral_Updated.pdf,https://saintbishoy.ca/service-books/,At the burial site for male children.,1Kgs 17:17-24
funeral,female_children_main,part_5,pauline,1 Corinthians 15:50-58,The Funeral Prayers,https://saintbishoy.ca/wp-content/uploads/Readings_Funeral_Updated.pdf,https://saintbishoy.ca/service-books/,Funeral service for female children.,1Cor 15:50-58
funeral,female_children_main,part_5,psalm,Psalm 39:12-13,The Funeral Prayers,https://saintbishoy.ca/wp-content/uploads/Readings_Funeral_Updated.pdf,https://saintbishoy.ca/service-books/,Printed as Psalm (38) 39:12-13.,Ps 39:12-13
funeral,female_children_main,part_5,gospel,Matthew 9:18-26,The Funeral Prayers,https://saintbishoy.ca/wp-content/uploads/Readings_Funeral_Updated.pdf,https://saintbishoy.ca/service-books/,Funeral service for female children.,Matt 9:18-26
funeral,female_children_passion_week,at_burial_site_override,old_testament,Judges 11:30-40,The Funeral Prayers,https://saintbishoy.ca/wp-content/uploads/Readings_Funeral_Updated.pdf,https://saintbishoy.ca/service-books/,Passion Week burial-site override for female children.,Judg 11:30-40
funeral,third_day_and_memorials,part_6,pauline,Romans 5:6-15,The Funeral Prayers,https://saintbishoy.ca/wp-content/uploads/Readings_Funeral_Updated.pdf,https://saintbishoy.ca/service-books/,Third-day and other memorial prayers.,Rom 5:6-15
funeral,third_day_and_memorials,part_6,psalm,Psalm 38:21-22,The Funeral Prayers,https://saintbishoy.ca/wp-content/uploads/Readings_Funeral_Updated.pdf,https://saintbishoy.ca/service-books/,Printed as Psalm (37) 38:21-22.,Ps 38:21-22
funeral,third_day_and_memorials,part_6,gospel,John 11:38-45,The Funeral Prayers,https://saintbishoy.ca/wp-content/uploads/Readings_Funeral_Updated.pdf,https://saintbishoy.ca/service-books/,Third-day and other memorial prayers.,Jn 11:38-45
pentecost_prostration,first_prostration,main_readings,old_testament,Deuteronomy 5:23-33; Deuteronomy 6:1-3,Rites of the Prayers of Prostration,https://saintbishoy.ca/wp-content/uploads/Rites_Prostrations.pdf,https://saintbishoy.ca/service-books/,First Pentecost prostration prophecy; summary page identifies the exact section.,Deut 5:23-33; Deuteronomy 6:1-3
pentecost_prostration,first_prostration,main_readings,pauline,1 Corinthians 12:28-31; 1 Corinthians 13:1-12,Rites of the Prayers of Prostration,https://saintbishoy.ca/wp-content/uploads/Rites_Prostrations.pdf,https://saintbishoy.ca/service-books/,First Pentecost prostration Pauline from the rite summary.,1Cor 12:28-31; 1 Corinthians 13:1-12
pentecost_prostration,first_prostration,main_readings,psalm,Psalm 97:7-8; Psalm 97:1,Rites of the Prayers of Prostration,https://saintbishoy.ca/wp-content/uploads/Rites_Prostrations.pdf,https://saintbishoy.ca/service-books/,"Printed as Psalm 97:7,8,1 in the rite book.",Ps 97:7-8; Psalm 97:1
pentecost_prostration,first_prostration,main_readings,gospel,John 17:1-26,Rites of the Prayers of Prostration,https://saintbishoy.ca/wp-content/uploads/Rites_Prostrations.pdf,https://saintbishoy.ca/service-books/,First Pentecost prostration Gospel.,Jn 17:1-26
pentecost_prostration,second_prostration,main_readings,old_testament,Deuteronomy 6:17-25,Rites of the Prayers of Prostration,https://saintbishoy.ca/wp-content/uploads/Rites_Prostrations.pdf,https://saintbishoy.ca/service-books/,Second Pentecost prostration prophecy from the rite summary.,Deut 6:17-25
pentecost_prostration,second_prostration,main_readings,pauline,1 Corinthians 13:13-14:17,Rites of the Prayers of Prostration,https://saintbishoy.ca/wp-content/uploads/Rites_Prostrations.pdf,https://saintbishoy.ca/service-books/,Second Pentecost prostration Pauline; exact line confirmed in the rite book.,1Cor 13:13-14:17
pentecost_prostration,second_prostration,main_readings,psalm,Psalm 115:12-13,Rites of the Prayers of Prostration,https://saintbishoy.ca/wp-content/uploads/Rites_Prostrations.pdf,https://saintbishoy.ca/service-books/,Second Pentecost prostration Psalm.,Ps 115:12-13
pentecost_prostration,second_prostration,main_readings,gospel,Luke 24:36-53,Rites of the Prayers of Prostration,https://saintbishoy.ca/wp-content/uploads/Rites_Prostrations.pdf,https://saintbishoy.ca/service-books/,Second Pentecost prostration Gospel.,Lk 24:36-53
pentecost_prostration,third_prostration,main_readings,old_testament,Deuteronomy 16:1-18,Rites of the Prayers of Prostration,https://saintbishoy.ca/wp-content/uploads/Rites_Prostrations.pdf,https://saintbishoy.ca/service-books/,Third Pentecost prostration prophecy; exact section confirmed in the rite book.,Deut 16:1-18
pentecost_prostration,third_prostration,main_readings,pauline,1 Corinthians 14:18-40,Rites of the Prayers of Prostration,https://saintbishoy.ca/wp-content/uploads/Rites_Prostrations.pdf,https://saintbishoy.ca/service-books/,Third Pentecost prostration Pauline from the rite summary.,1Cor 14:18-40
pentecost_prostration,third_prostration,main_readings,psalm,Psalm 66:4; Psalm 72:11,Rites of the Prayers of Prostration,https://saintbishoy.ca/wp-content/uploads/Rites_Prostrations.pdf,https://saintbishoy.ca/service-books/,Third Pentecost prostration Psalm; exact line confirmed in the rite book.,Ps 66:4; Psalm 72:11
pentecost_prostration,third_prostration,main_readings,gospel,John 4:1-24,Rites of the Prayers of Prostration,https://saintbishoy.ca/wp-content/uploads/Rites_Prostrations.pdf,https://saintbishoy.ca/service-books/,Third Pentecost prostration Gospel; exact line confirmed in the rite book.,Jn 4:1-24
cornerstone_prayer,main,foundation_cornerstone,old_testament,Genesis 28:10-31,Rites of Consecrations,https://copticbook.wordpress.com/wp-content/uploads/2023/06/consecrations-ar-en-cop.pdf,https://saintbishoy.ca/service-books/,Foundation cornerstone prophecy for a new church.,Gen 28:10-31
cornerstone_prayer,main,foundation_cornerstone,pauline,Hebrews 9:1-10,Rites of Consecrations,https://copticbook.wordpress.com/wp-content/uploads/2023/06/consecrations-ar-en-cop.pdf,https://saintbishoy.ca/service-books/,Foundation cornerstone Pauline.,Heb 9:1-10
cornerstone_prayer,main,foundation_cornerstone,psalm,Psalm 127:1; Psalm 122:1-2,Rites of Consecrations,https://copticbook.wordpress.com/wp-content/uploads/2023/06/consecrations-ar-en-cop.pdf,https://saintbishoy.ca/service-books/,Foundation cornerstone Psalm set printed before the Gospel reading.,Ps 127:1; Psalm 122:1-2
cornerstone_prayer,main,foundation_cornerstone,gospel,Luke 9:28-35,Rites of Consecrations,https://copticbook.wordpress.com/wp-content/uploads/2023/06/consecrations-ar-en-cop.pdf,https://saintbishoy.ca/service-books/,Foundation cornerstone Gospel.,Lk 9:28-35
myron_consecration,consecration_day,vespers,psalm,Psalm 23:5-6,Meron and Galileon Rite (Arabic),https://copticbook.wordpress.com/wp-content/uploads/2023/06/meron-and-galileon-ar.pdf,OCR + visual extraction from pages 34-37,Printed as Psalm 22:5-6 in source numbering; quote matches Psalm 23:5-6 in modern numbering.,Ps 23:5-6
myron_consecration,consecration_day,vespers,gospel,Luke 23:50-56; Luke 24:1-12,Meron and Galileon Rite (Arabic),https://copticbook.wordpress.com/wp-content/uploads/2023/06/meron-and-galileon-ar.pdf,OCR + visual extraction from pages 34-37,Vespers Gospel on the Day of Consecration.,Lk 23:50-56; Luke 24:1-12
myron_consecration,consecration_day,matins,psalm,Psalm 51:12-13,Meron and Galileon Rite (Arabic),https://copticbook.wordpress.com/wp-content/uploads/2023/06/meron-and-galileon-ar.pdf,OCR + visual extraction from pages 34-37,Printed as Psalm 50:12-13 in source numbering; quote matches Psalm 51:12-13 in modern numbering.,Ps 51:12-13
myron_consecration,consecration_day,matins,gospel,Mark 16,Meron and Galileon Rite (Arabic),https://copticbook.wordpress.com/wp-content/uploads/2023/06/meron-and-galileon-ar.pdf,OCR + visual extraction from pages 34-37,Matins Gospel printed as Mark chapter 16 whole.,Mark 16
myron_consecration,consecration_day,liturgy,pauline,Hebrews 9:11-28; Hebrews 10:1-24,Meron and Galileon Rite (Arabic),https://copticbook.wordpress.com/wp-content/uploads/2023/06/meron-and-galileon-ar.pdf,OCR + visual extraction from pages 34-37,Pauline for the Day of Consecration.,Heb 9:11-28; Hebrews 10:1-24
myron_consecration,consecration_day,liturgy,catholic,1 John 4:7-21; 1 John 5:1-21,Meron and Galileon Rite (Arabic),https://copticbook.wordpress.com/wp-content/uploads/2023/06/meron-and-galileon-ar.pdf,OCR + visual extraction from pages 34-37,Catholic Epistle for the Day of Consecration; visual extraction indicates 1 John 5:1-21 despite OCR noise.,1Jn 4:7-21; 1 John 5:1-21
myron_consecration,consecration_day,liturgy,acts,Acts 13:13-49,Meron and Galileon Rite (Arabic),https://copticbook.wordpress.com/wp-content/uploads/2023/06/meron-and-galileon-ar.pdf,OCR + visual extraction from pages 34-37,Acts / Praxis for the Day of Consecration.,Acts 13:13-49
myron_consecration,consecration_day,liturgy,psalm,Psalm 45:7-8,Meron and Galileon Rite (Arabic),https://copticbook.wordpress.com/wp-content/uploads/2023/06/meron-and-galileon-ar.pdf,OCR + visual extraction from pages 34-37,Printed as Psalm 44:10-11 in source numbering; quote matches Psalm 45:7-8 in modern numbering.,Ps 45:7-8
myron_consecration,consecration_day,liturgy,psalm,Psalm 89:20-21,Meron and Galileon Rite (Arabic),https://copticbook.wordpress.com/wp-content/uploads/2023/06/meron-and-galileon-ar.pdf,OCR + visual extraction from pages 34-37,Printed as Psalm 88:14-15 in source numbering; quote matches Psalm 89:20-21 in modern numbering.,Ps 89:20-21
myron_consecration,consecration_day,liturgy,gospel,John 19:38-42; John 20:1-18,Meron and Galileon Rite (Arabic),https://copticbook.wordpress.com/wp-content/uploads/2023/06/meron-and-galileon-ar.pdf,OCR + visual extraction from pages 34-37,Liturgy Gospel for the Day of Consecration.,Jn 19:38-42; John 20:1-18
myron_consecration,first_week_day_1,matins,psalm,Psalm 51:7-8,Meron and Galileon Rite (Arabic),https://copticbook.wordpress.com/wp-content/uploads/2023/06/meron-and-galileon-ar.pdf,OCR + visual extraction from pages 35-37,Printed as Psalm 50:7-8 in source numbering; quote matches Psalm 51:7-8.,Ps 51:7-8
myron_consecration,first_week_day_1,matins,gospel,John 1:18-42,Meron and Galileon Rite (Arabic),https://copticbook.wordpress.com/wp-content/uploads/2023/06/meron-and-galileon-ar.pdf,OCR + visual extraction from pages 35-37,Morning Gospel for first week day 1.,Jn 1:18-42
myron_consecration,first_week_day_1,liturgy,pauline,Hebrews 7:26-28; Hebrews 8; Hebrews 9:1-10,Meron and Galileon Rite (Arabic),https://copticbook.wordpress.com/wp-content/uploads/2023/06/meron-and-galileon-ar.pdf,OCR + visual extraction from pages 35-37,First week day 1 Pauline.,Heb 7:26-28; Hebrews 8; Hebrews 9:1-10
myron_consecration,first_week_day_1,liturgy,catholic,1 Peter 3:8-22; 1 Peter 4:1-11,Meron and Galileon Rite (Arabic),https://copticbook.wordpress.com/wp-content/uploads/2023/06/meron-and-galileon-ar.pdf,OCR + visual extraction from pages 35-37,First week day 1 Catholic Epistle.,1Pet 3:8-22; 1 Peter 4:1-11
myron_consecration,first_week_day_1,liturgy,acts,Acts 18:24-28; Acts 19:1-20,Meron and Galileon Rite (Arabic),https://copticbook.wordpress.com/wp-content/uploads/2023/06/meron-and-galileon-ar.pdf,OCR + visual extraction from pages 35-37,First week day 1 Acts / Praxis.,Acts 18:24-28; Acts 19:1-20
myron_consecration,first_week_day_1,liturgy,psalm,Psalm 132:1,Meron and Galileon Rite (Arabic),https://copticbook.wordpress.com/wp-content/uploads/2023/06/meron-and-galileon-ar.pdf,OCR + visual extraction from pages 35-37,First week day 1 liturgy psalm; source numbering preserved as printed.,Ps 132:1
myron_consecration,first_week_day_1,liturgy,gospel,Matthew 26:6-13,Meron and Galileon Rite (Arabic),https://copticbook.wordpress.com/wp-content/uploads/2023/06/meron-and-galileon-ar.pdf,OCR + visual extraction from pages 35-37,First week day 1 liturgy Gospel.,Matt 26:6-13
myron_consecration,first_week_day_2,matins,psalm,Psalm 28:3-4,Meron and Galileon Rite (Arabic),https://copticbook.wordpress.com/wp-content/uploads/2023/06/meron-and-galileon-ar.pdf,OCR + visual extraction from pages 35-37,First week day 2 morning psalm; source numbering preserved as printed.,Ps 28:3-4
myron_consecration,first_week_day_2,matins,gospel,John 3:22-36; John 4:1-2,Meron and Galileon Rite (Arabic),https://copticbook.wordpress.com/wp-content/uploads/2023/06/meron-and-galileon-ar.pdf,OCR + visual extraction from pages 35-37,First week day 2 morning Gospel.,Jn 3:22-36; John 4:1-2
myron_consecration,first_week_day_2,liturgy,pauline,Hebrews 1:1-14; Hebrews 2:1-4,Meron and Galileon Rite (Arabic),https://copticbook.wordpress.com/wp-content/uploads/2023/06/meron-and-galileon-ar.pdf,OCR + visual extraction from pages 35-37,First week day 2 Pauline.,Heb 1:1-14; Hebrews 2:1-4
myron_consecration,first_week_day_2,liturgy,catholic,1 Peter 1:10-25; 1 Peter 2:1-10,Meron and Galileon Rite (Arabic),https://copticbook.wordpress.com/wp-content/uploads/2023/06/meron-and-galileon-ar.pdf,OCR + visual extraction from pages 35-37,First week day 2 Catholic Epistle.,1Pet 1:10-25; 1 Peter 2:1-10
myron_consecration,first_week_day_2,liturgy,acts,Acts 2:22-47; Acts 3:1-10,Meron and Galileon Rite (Arabic),https://copticbook.wordpress.com/wp-content/uploads/2023/06/meron-and-galileon-ar.pdf,OCR + visual extraction from pages 35-37,First week day 2 Acts / Praxis.,Acts 2:22-47; Acts 3:1-10
myron_consecration,first_week_day_2,liturgy,psalm,Psalm 129:2-5,Meron and Galileon Rite (Arabic),https://copticbook.wordpress.com/wp-content/uploads/2023/06/meron-and-galileon-ar.pdf,OCR + visual extraction from pages 35-37,First week day 2 liturgy psalm; source numbering preserved as printed.,Ps 129:2-5
myron_consecration,first_week_day_2,liturgy,gospel,Mark 14:3-9,Meron and Galileon Rite (Arabic),https://copticbook.wordpress.com/wp-content/uploads/2023/06/meron-and-galileon-ar.pdf,OCR + visual extraction from pages 35-37,First week day 2 liturgy Gospel.,Mark 14:3-9
myron_consecration,first_week_day_3,matins,psalm,Psalm 31:1-2,Meron and Galileon Rite (Arabic),https://copticbook.wordpress.com/wp-content/uploads/2023/06/meron-and-galileon-ar.pdf,OCR + visual extraction from pages 35-37,First week day 3 morning psalm; source numbering preserved as printed.,Ps 31:1-2
myron_consecration,first_week_day_3,matins,gospel,John 3:1-21,Meron and Galileon Rite (Arabic),https://copticbook.wordpress.com/wp-content/uploads/2023/06/meron-and-galileon-ar.pdf,OCR + visual extraction from pages 35-37,First week day 3 morning Gospel.,Jn 3:1-21
myron_consecration,first_week_day_3,liturgy,pauline,Titus 2:11-15; Titus 3:1-7,Meron and Galileon Rite (Arabic),https://copticbook.wordpress.com/wp-content/uploads/2023/06/meron-and-galileon-ar.pdf,OCR + visual extraction from pages 35-37,First week day 3 Pauline.,Titus 2:11-15; Titus 3:1-7
myron_consecration,first_week_day_3,liturgy,catholic,1 John 5:5-13,Meron and Galileon Rite (Arabic),https://copticbook.wordpress.com/wp-content/uploads/2023/06/meron-and-galileon-ar.pdf,OCR + visual extraction from pages 35-37,First week day 3 Catholic Epistle.,1Jn 5:5-13
myron_consecration,first_week_day_3,liturgy,acts,Acts 8:26-39,Meron and Galileon Rite (Arabic),https://copticbook.wordpress.com/wp-content/uploads/2023/06/meron-and-galileon-ar.pdf,OCR + visual extraction from pages 35-37,First week day 3 Acts / Praxis.,Acts 8:26-39
myron_consecration,first_week_day_3,liturgy,psalm,Psalm 65:1; Psalm 65:6,Meron and Galileon Rite (Arabic),https://copticbook.wordpress.com/wp-content/uploads/2023/06/meron-and-galileon-ar.pdf,OCR + visual extraction from pages 35-37,First week day 3 liturgy psalm.,Ps 65:1; Psalm 65:6
myron_consecration,first_week_day_3,liturgy,gospel,Matthew 28:16-20,Meron and Galileon Rite (Arabic),https://copticbook.wordpress.com/wp-content/uploads/2023/06/meron-and-galileon-ar.pdf,OCR + visual extraction from pages 35-37,First week day 3 liturgy Gospel.,Matt 28:16-20
home_blessing,main,main_readings,pauline,Romans 8:14-21,Rites of Blessing Houses,https://saintbishoy.ca/wp-content/uploads/Rites_Blessing_Houses.pdf,https://saintbishoy.ca/service-books/,Main Pauline for house blessing.,Rom 8:14-21
home_blessing,main,main_readings,psalm,Psalm 102:1-2,Rites of Blessing Houses,https://saintbishoy.ca/wp-content/uploads/Rites_Blessing_Houses.pdf,https://saintbishoy.ca/service-books/,Printed as Psalm 102:1-2.,Ps 102:1-2
home_blessing,main,main_readings,gospel,Luke 19:1-10,Rites of Blessing Houses,https://saintbishoy.ca/wp-content/uploads/Rites_Blessing_Houses.pdf,https://saintbishoy.ca/service-books/,Main Gospel for house blessing.,Lk 19:1-10
liturgy_of_the_waters,epiphany_laqan,main_readings,pauline,1 Corinthians 10:1-13,Rites of Laqan for the Feast of Theophany (Epiphany),https://saintbishoy.ca/wp-content/uploads/Rites_Laqan_Epiphany.pdf,https://saintbishoy.ca/service-books/,Main Pauline for the Epiphany Laqan / waters rite.,1Cor 10:1-13
liturgy_of_the_waters,epiphany_laqan,main_readings,psalm,Psalm 114:3; Psalm 114:5,Rites of Laqan for the Feast of Theophany (Epiphany),https://saintbishoy.ca/wp-content/uploads/Rites_Laqan_Epiphany.pdf,https://saintbishoy.ca/service-books/,"Printed as Psalm 114 (113):3,5.",Ps 114:3; Psalm 114:5
liturgy_of_the_waters,epiphany_laqan,main_readings,gospel,Matthew 3:1-17,Rites of Laqan for the Feast of Theophany (Epiphany),https://saintbishoy.ca/wp-content/uploads/Rites_Laqan_Epiphany.pdf,https://saintbishoy.ca/service-books/,Main Gospel for the Epiphany Laqan / waters rite.,Matt 3:1-17
church_consecration,main,part_1,pauline,Hebrews 9:1-10,"Rites of Consecration of Churches, Altars and Vessels",https://saintbishoy.ca/wp-content/uploads/Rites_Book-2_Consecration.pdf,https://saintbishoy.ca/service-books/,Main Pauline in church consecration section.,Heb 9:1-10
church_consecration,main,part_1,psalm,Psalm 127:1; Psalm 122:1-2,"Rites of Consecration of Churches, Altars and Vessels",https://saintbishoy.ca/wp-content/uploads/Rites_Book-2_Consecration.pdf,https://saintbishoy.ca/service-books/,"Printed as Psalm (126) 127:1 and Psalm (121) 122:1,2.",Ps 127:1; Psalm 122:1-2
church_consecration,main,part_1,gospel,Luke 9:28-35,"Rites of Consecration of Churches, Altars and Vessels",https://saintbishoy.ca/wp-content/uploads/Rites_Book-2_Consecration.pdf,https://saintbishoy.ca/service-books/,Main Gospel in church consecration section.,Lk 9:28-35
altar_consecration,main,part_3,pauline,Hebrews 13:10-16,"Rites of Consecration of Churches, Altars and Vessels",https://saintbishoy.ca/wp-content/uploads/Rites_Book-2_Consecration.pdf,https://saintbishoy.ca/service-books/,Main Pauline in altar consecration section.,Heb 13:10-16
altar_consecration,main,part_3,psalm,Psalm 23; Psalm 24; Psalm 26; Psalm 27; Psalm 85; Psalm 93,"Rites of Consecration of Churches, Altars and Vessels",https://saintbishoy.ca/wp-content/uploads/Rites_Book-2_Consecration.pdf,https://saintbishoy.ca/service-books/,The altar consecration section explicitly gives a psalm set across the two incense offerings before the Pauline and Gospel.,Ps 23; Psalm 24; Psalm 26; Psalm 27; Psalm 85; Psalm 93
altar_consecration,main,part_3,gospel,Luke 19:1-10,"Rites of Consecration of Churches, Altars and Vessels",https://saintbishoy.ca/wp-content/uploads/Rites_Book-2_Consecration.pdf,https://saintbishoy.ca/service-books/,Main Gospel in altar consecration section.,Lk 19:1-10
