service_family,service_variant,section,reading_type,raw_ref,canonical_ref,matched_ref,source_title,source_url,source_page,notes,source_kind
wedding_crowning,holy_matrimony_main,main_readings,pauline,Ephesians 5:22-6:3,Eph 5:22-6:3,Eph 5:22-6:3,The Holy Matrimony Rite,https://saintbishoy.ca/wp-content/uploads/Rites_Wedding_Ceremony.pdf,https://saintbishoy.ca/service-books/,Main crowning rite Pauline reading.,special_service
wedding_crowning,holy_matrimony_main,main_readings,psalm,Psalm 19:5; Psalm 128:3,Ps 19:5; Psalm 128:3,Ps 19:5,The Holy Matrimony Rite,https://saintbishoy.ca/wp-content/uploads/Rites_Wedding_Ceremony.pdf,https://saintbishoy.ca/service-books/,Printed as Psalm (18) 19:5 and Psalm (127) 128:3 in the rite book.,special_service
wedding_crowning,holy_matrimony_main,main_readings,psalm,Psalm 19:5; Psalm 128:3,Ps 19:5; Psalm 128:3,Ps 128:3,The Holy Matrimony Rite,https://saintbishoy.ca/wp-content/uploads/Rites_Wedding_Ceremony.pdf,https://saintbishoy.ca/service-books/,Printed as Psalm (18) 19:5 and Psalm (127) 128:3 in the rite book.,special_service
wedding_crowning,holy_matrimony_main,main_readings,gospel,Matthew 19:1-6,Matt 19:1-6,Matt 19:1-6,The Holy Matrimony Rite,https://saintbishoy.ca/wp-content/uploads/Rites_Wedding_Ceremony.pdf,https://saintbishoy.ca/service-books/,Main crowning rite Gospel reading.,special_service
baptism,mother_absolution_male_child,part_1,pauline,Hebrews 1:8-12,Heb 1:8-12,Heb 1:8-12,Baptism and Chrismation Rite,https://saintbishoy.ca/wp-content/uploads/Rites_Baptism.pdf,https://saintbishoy.ca/service-books/,Absolution for the woman if she bore a male child.,special_service
baptism,mother_absolution_male_child,part_1,psalm,Psalm 32:1-2,Ps 32:1-2,Ps 32:1-2,Baptism and Chrismation Rite,https://saintbishoy.ca/wp-content/uploads/Rites_Baptism.pdf,https://saintbishoy.ca/service-books/,Printed as Psalm 31 in LXX numbering.,special_service
baptism,mother_absolution_male_child,part_1,gospel,Luke 2:21-35,Lk 2:21-35,Lk 2:21-35,Baptism and Chrismation Rite,https://saintbishoy.ca/wp-content/uploads/Rites_Baptism.pdf,https://saintbishoy.ca/service-books/,Absolution for the woman if she bore a male child.,special_service
baptism,mother_absolution_female_child,part_2,pauline,1 Corinthians 7:12-14,1Cor 7:12-14,1Cor 7:12-14,Baptism and Chrismation Rite,https://saintbishoy.ca/wp-content/uploads/Rites_Baptism.pdf,https://saintbishoy.ca/service-books/,Absolution for the woman if she bore a female child.,special_service
baptism,mother_absolution_female_child,part_2,psalm,Psalm 45:9; Psalm 45:13,Ps 45:9; Psalm 45:13,Ps 45:9,Baptism and Chrismation Rite,https://saintbishoy.ca/wp-content/uploads/Rites_Baptism.pdf,https://saintbishoy.ca/service-books/,"Printed as Psalm 44:12 in the Arabic line plus 45:9,13 in English/Coptic formatting; preserve the two verse references explicitly.",special_service
baptism,mother_absolution_female_child,part_2,psalm,Psalm 45:9; Psalm 45:13,Ps 45:9; Psalm 45:13,Ps 45:13,Baptism and Chrismation Rite,https://saintbishoy.ca/wp-content/uploads/Rites_Baptism.pdf,https://saintbishoy.ca/service-books/,"Printed as Psalm 44:12 in the Arabic line plus 45:9,13 in English/Coptic formatting; preserve the two verse references explicitly.",special_service
baptism,mother_absolution_female_child,part_2,gospel,Luke 10:38-42,Lk 10:38-42,Lk 10:38-42,Baptism and Chrismation Rite,https://saintbishoy.ca/wp-content/uploads/Rites_Baptism.pdf,https://saintbishoy.ca/service-books/,Absolution for the woman if she bore a female child.,special_service
baptism,sanctification_of_baptismal_water,part_3,pauline,Titus 2:11-3:7,Titus 2:11-3:7,Titus 2:11-3:7,Baptism and Chrismation Rite,https://saintbishoy.ca/wp-content/uploads/Rites_Baptism.pdf,https://saintbishoy.ca/service-books/,Main baptismal-water sanctification readings.,special_service
baptism,sanctification_of_baptismal_water,part_3,catholic,1 John 5:5-20,1Jn 5:5-20,1Jn 5:5-20,Baptism and Chrismation Rite,https://saintbishoy.ca/wp-content/uploads/Rites_Baptism.pdf,https://saintbishoy.ca/service-books/,Main baptismal-water sanctification readings.,special_service
baptism,sanctification_of_baptismal_water,part_3,acts,Acts 8:26-39,Acts 8:26-39,Acts 8:26-39,Baptism and Chrismation Rite,https://saintbishoy.ca/wp-content/uploads/Rites_Baptism.pdf,https://saintbishoy.ca/service-books/,Main baptismal-water sanctification readings.,special_service
baptism,sanctification_of_baptismal_water,part_3,psalm,Psalm 32:1-2,Ps 32:1-2,Ps 32:1-2,Baptism and Chrismation Rite,https://saintbishoy.ca/wp-content/uploads/Rites_Baptism.pdf,https://saintbishoy.ca/service-books/,Printed as Psalm 31 in LXX numbering.,special_service
baptism,sanctification_of_baptismal_water,part_3,gospel,John 3:1-21,Jn 3:1-21,Jn 3:1-21,Baptism and Chrismation Rite,https://saintbishoy.ca/wp-content/uploads/Rites_Baptism.pdf,https://saintbishoy.ca/service-books/,Main baptismal-water sanctification readings.,special_service
unction_of_the_sick,first_prayer,first_prayer,catholic,James 5:10-20,James 5:10-20,James 5:10-20,The Unction of the Sick,https://saintbishoy.ca/wp-content/uploads/Rites_Unction_of_Sick.pdf,https://saintbishoy.ca/service-books/,First prayer uses Catholic Epistle rather than Pauline.,special_service
unction_of_the_sick,first_prayer,first_prayer,psalm,Psalm 6:1-2,Ps 6:1-2,Ps 6:1-2,The Unction of the Sick,https://saintbishoy.ca/wp-content/uploads/Rites_Unction_of_Sick.pdf,https://saintbishoy.ca/service-books/,First prayer Psalm.,special_service
unction_of_the_sick,first_prayer,first_prayer,gospel,John 5:1-17,Jn 5:1-17,Jn 5:1-17,The Unction of the Sick,https://saintbishoy.ca/wp-content/uploads/Rites_Unction_of_Sick.pdf,https://saintbishoy.ca/service-books/,First prayer Gospel.,special_service
unction_of_the_sick,second_prayer,second_prayer,pauline,Romans 15:1-7,Rom 15:1-7,Rom 15:1-7,The Unction of the Sick,https://saintbishoy.ca/wp-content/uploads/Rites_Unction_of_Sick.pdf,https://saintbishoy.ca/service-books/,Second prayer Pauline.,special_service
unction_of_the_sick,second_prayer,second_prayer,psalm,Psalm 102:1-2,Ps 102:1-2,Ps 102:1-2,The Unction of the Sick,https://saintbishoy.ca/wp-content/uploads/Rites_Unction_of_Sick.pdf,https://saintbishoy.ca/service-books/,Printed as Psalms (101) 102:1-2.,special_service
unction_of_the_sick,second_prayer,second_prayer,gospel,Luke 19:1-10,Lk 19:1-10,Lk 19:1-10,The Unction of the Sick,https://saintbishoy.ca/wp-content/uploads/Rites_Unction_of_Sick.pdf,https://saintbishoy.ca/service-books/,Second prayer Gospel.,special_service
unction_of_the_sick,third_prayer,third_prayer,pauline,1 Corinthians 12:28-13:8,1Cor 12:28-13:8,1Cor 12:28-13:8,The Unction of the Sick,https://saintbishoy.ca/wp-content/uploads/Rites_Unction_of_Sick.pdf,https://saintbishoy.ca/service-books/,Third prayer Pauline.,special_service
unction_of_the_sick,third_prayer,third_prayer,psalm,Psalm 38:1-2,Ps 38:1-2,Ps 38:1-2,The Unction of the Sick,https://saintbishoy.ca/wp-content/uploads/Rites_Unction_of_Sick.pdf,https://saintbishoy.ca/service-books/,Printed as Psalm (37) 38:1-2.,special_service
unction_of_the_sick,third_prayer,third_prayer,gospel,Matthew 10:1-8,Matt 10:1-8,Matt 10:1-8,The Unction of the Sick,https://saintbishoy.ca/wp-content/uploads/Rites_Unction_of_Sick.pdf,https://saintbishoy.ca/service-books/,Third prayer Gospel.,special_service
unction_of_the_sick,fourth_prayer,fourth_prayer,pauline,Romans 8:14-21,Rom 8:14-21,Rom 8:14-21,The Unction of the Sick,https://saintbishoy.ca/wp-content/uploads/Rites_Unction_of_Sick.pdf,https://saintbishoy.ca/service-books/,Fourth prayer Pauline.,special_service
unction_of_the_sick,fourth_prayer,fourth_prayer,psalm,Psalm 51:1-2,Ps 51:1-2,Ps 51:1-2,The Unction of the Sick,https://saintbishoy.ca/wp-content/uploads/Rites_Unction_of_Sick.pdf,https://saintbishoy.ca/service-books/,Printed as Psalm (50) 51:1-2.,special_service
unction_of_the_sick,fourth_prayer,fourth_prayer,gospel,Luke 10:1-9,Lk 10:1-9,Lk 10:1-9,The Unction of the Sick,https://saintbishoy.ca/wp-content/uploads/Rites_Unction_of_Sick.pdf,https://saintbishoy.ca/service-books/,Fourth prayer Gospel.,special_service
unction_of_the_sick,fifth_prayer,fifth_prayer,pauline,Galatians 2:16-20,Gal 2:16-20,Gal 2:16-20,The Unction of the Sick,https://saintbishoy.ca/wp-content/uploads/Rites_Unction_of_Sick.pdf,https://saintbishoy.ca/service-books/,Fifth prayer Pauline.,special_service
unction_of_the_sick,fifth_prayer,fifth_prayer,psalm,Psalm 142:7,Ps 142:7,Ps 142:7,The Unction of the Sick,https://saintbishoy.ca/wp-content/uploads/Rites_Unction_of_Sick.pdf,https://saintbishoy.ca/service-books/,Printed as Psalm (141) 142:7.,special_service
unction_of_the_sick,fifth_prayer,fifth_prayer,gospel,John 14:1-19,Jn 14:1-19,Jn 14:1-19,The Unction of the Sick,https://saintbishoy.ca/wp-content/uploads/Rites_Unction_of_Sick.pdf,https://saintbishoy.ca/service-books/,Fifth prayer Gospel.,special_service
unction_of_the_sick,sixth_prayer,sixth_prayer,pauline,Colossians 3:12-17,Col 3:12-17,Col 3:12-17,The Unction of the Sick,https://saintbishoy.ca/wp-content/uploads/Rites_Unction_of_Sick.pdf,https://saintbishoy.ca/service-books/,Sixth prayer Pauline.,special_service
unction_of_the_sick,sixth_prayer,sixth_prayer,psalm,Psalm 4:1,Ps 4:1,Ps 4:1,The Unction of the Sick,https://saintbishoy.ca/wp-content/uploads/Rites_Unction_of_Sick.pdf,https://saintbishoy.ca/service-books/,Sixth prayer Psalm.,special_service
unction_of_the_sick,sixth_prayer,sixth_prayer,gospel,Luke 7:36-50,Lk 7:36-50,Lk 7:36-50,The Unction of the Sick,https://saintbishoy.ca/wp-content/uploads/Rites_Unction_of_Sick.pdf,https://saintbishoy.ca/service-books/,Sixth prayer Gospel.,special_service
unction_of_the_sick,seventh_prayer,seventh_prayer,pauline,Ephesians 6:10-18,Eph 6:10-18,Eph 6:10-18,The Unction of the Sick,https://saintbishoy.ca/wp-content/uploads/Rites_Unction_of_Sick.pdf,https://saintbishoy.ca/service-books/,Seventh prayer Pauline.,special_service
unction_of_the_sick,seventh_prayer,seventh_prayer,psalm,Psalm 25:18; Psalm 25:20,Ps 25:18; Psalm 25:20,Ps 25:18,The Unction of the Sick,https://saintbishoy.ca/wp-content/uploads/Rites_Unction_of_Sick.pdf,https://saintbishoy.ca/service-books/,"Printed as Psalm (24) 25:18,20.",special_service
unction_of_the_sick,seventh_prayer,seventh_prayer,psalm,Psalm 25:18; Psalm 25:20,Ps 25:18; Psalm 25:20,Ps 25:20,The Unction of the Sick,https://saintbishoy.ca/wp-content/uploads/Rites_Unction_of_Sick.pdf,https://saintbishoy.ca/service-books/,"Printed as Psalm (24) 25:18,20.",special_service
unction_of_the_sick,seventh_prayer,seventh_prayer,gospel,Matthew 6:14-18,Matt 6:14-18,Matt 6:14-18,The Unction of the Sick,https://saintbishoy.ca/wp-content/uploads/Rites_Unction_of_Sick.pdf,https://saintbishoy.ca/service-books/,Seventh prayer Gospel.,special_service
funeral,men_main,part_1,pauline,1 Corinthians 15:1-23,1Cor 15:1-23,1Cor 15:1-23,The Funeral Prayers,https://saintbishoy.ca/wp-content/uploads/Readings_Funeral_Updated.pdf,https://saintbishoy.ca/service-books/,Main funeral service for men.,special_service
funeral,men_main,part_1,psalm,Psalm 65:4,Ps 65:4,Ps 65:4,The Funeral Prayers,https://saintbishoy.ca/wp-content/uploads/Readings_Funeral_Updated.pdf,https://saintbishoy.ca/service-books/,Printed as Psalm (64) 65:4.,special_service
funeral,men_main,part_1,gospel,John 5:19-29,Jn 5:19-29,Jn 5:19-29,The Funeral Prayers,https://saintbishoy.ca/wp-content/uploads/Readings_Funeral_Updated.pdf,https://saintbishoy.ca/service-books/,Main funeral service for men.,special_service
palm_sunday,vespers,vespers,psalm,Psalm 118:26-27,Ps 118:26-27,Ps 118:26-27,"Rites and Readings of Palm Sunday, Procession and General Funeral",https://saintbishoy.ca/wp-content/uploads/Rites_Palm_Sunday_And_General_Funeral_Readings_Procession.pdf,https://saintbishoy.ca/service-books/,Vespers Psalm for Palm Sunday; printed as Psalm (117) 118:26-27.,special_service
palm_sunday,vespers,vespers,gospel,John 12:1-11,Jn 12:1-11,Jn 12:1-11,"Rites and Readings of Palm Sunday, Procession and General Funeral",https://saintbishoy.ca/wp-content/uploads/Rites_Palm_Sunday_And_General_Funeral_Readings_Procession.pdf,https://saintbishoy.ca/service-books/,Vespers Gospel for Palm Sunday.,special_service
palm_sunday,procession,procession_station_01_main_sanctuary,psalm,Psalm 104:4; Psalm 138:1,Ps 104:4; Psalm 138:1,Ps 104:4,"Rites and Readings of Palm Sunday, Procession and General Funeral",https://saintbishoy.ca/wp-content/uploads/Rites_Palm_Sunday_And_General_Funeral_Readings_Procession.pdf,https://saintbishoy.ca/service-books/,Palm Sunday procession station 1: Main Sanctuary; Psalm before the station Gospel.,special_service
palm_sunday,procession,procession_station_01_main_sanctuary,psalm,Psalm 104:4; Psalm 138:1,Ps 104:4; Psalm 138:1,Ps 138:1,"Rites and Readings of Palm Sunday, Procession and General Funeral",https://saintbishoy.ca/wp-content/uploads/Rites_Palm_Sunday_And_General_Funeral_Readings_Procession.pdf,https://saintbishoy.ca/service-books/,Palm Sunday procession station 1: Main Sanctuary; Psalm before the station Gospel.,special_service
palm_sunday,procession,procession_station_01_main_sanctuary,gospel,John 1:43-51,Jn 1:43-51,Jn 1:43-51,"Rites and Readings of Palm Sunday, Procession and General Funeral",https://saintbishoy.ca/wp-content/uploads/Rites_Palm_Sunday_And_General_Funeral_Readings_Procession.pdf,https://saintbishoy.ca/service-books/,Palm Sunday procession station 1: Main Sanctuary; station Gospel.,special_service
palm_sunday,procession,procession_station_02_holy_virgin_st_mary,psalm,"Psalm 87:3,5,7","Ps 87:3,87:5,87:7","Ps 87:3,87:5,87:7","Rites and Readings of Palm Sunday, Procession and General Funeral",https://saintbishoy.ca/wp-content/uploads/Rites_Palm_Sunday_And_General_Funeral_Readings_Procession.pdf,https://saintbishoy.ca/service-books/,Palm Sunday procession station 2: The Holy Virgin St. Mary; Psalm before the station Gospel.,special_service
palm_sunday,procession,procession_station_02_holy_virgin_st_mary,gospel,Luke 1:39-56,Lk 1:39-56,Lk 1:39-56,"Rites and Readings of Palm Sunday, Procession and General Funeral",https://saintbishoy.ca/wp-content/uploads/Rites_Palm_Sunday_And_General_Funeral_Readings_Procession.pdf,https://saintbishoy.ca/service-books/,Palm Sunday procession station 2: The Holy Virgin St. Mary; station Gospel.,special_service
palm_sunday,procession,procession_station_03_archangel_gabriel,psalm,Psalm 34:7-8,Ps 34:7-8,Ps 34:7-8,"Rites and Readings of Palm Sunday, Procession and General Funeral",https://saintbishoy.ca/wp-content/uploads/Rites_Palm_Sunday_And_General_Funeral_Readings_Procession.pdf,https://saintbishoy.ca/service-books/,Palm Sunday procession station 3: The Archangel Gabriel; Psalm before the station Gospel.,special_service
palm_sunday,procession,procession_station_03_archangel_gabriel,gospel,Luke 1:26-38,Lk 1:26-38,Lk 1:26-38,"Rites and Readings of Palm Sunday, Procession and General Funeral",https://saintbishoy.ca/wp-content/uploads/Rites_Palm_Sunday_And_General_Funeral_Readings_Procession.pdf,https://saintbishoy.ca/service-books/,Palm Sunday procession station 3: The Archangel Gabriel; station Gospel.,special_service
palm_sunday,procession,procession_station_04_archangel_michael,psalm,Psalm 103:20-21,Ps 103:20-21,Ps 103:20-21,"Rites and Readings of Palm Sunday, Procession and General Funeral",https://saintbishoy.ca/wp-content/uploads/Rites_Palm_Sunday_And_General_Funeral_Readings_Procession.pdf,https://saintbishoy.ca/service-books/,Palm Sunday procession station 4: The Archangel Michael; Psalm before the station Gospel.,special_service
palm_sunday,procession,procession_station_04_archangel_michael,gospel,Matthew 13:44-53,Matt 13:44-53,Matt 13:44-53,"Rites and Readings of Palm Sunday, Procession and General Funeral",https://saintbishoy.ca/wp-content/uploads/Rites_Palm_Sunday_And_General_Funeral_Readings_Procession.pdf,https://saintbishoy.ca/service-books/,Palm Sunday procession station 4: The Archangel Michael; station Gospel.,special_service
palm_sunday,procession,procession_station_05_st_mark_evangelist,psalm,Psalm 68:11-12,Ps 68:11-12,Ps 68:11-12,"Rites and Readings of Palm Sunday, Procession and General Funeral",https://saintbishoy.ca/wp-content/uploads/Rites_Palm_Sunday_And_General_Funeral_Readings_Procession.pdf,https://saintbishoy.ca/service-books/,Palm Sunday procession station 5: St. Mark the Evangelist; Psalm before the station Gospel.,special_service
palm_sunday,procession,procession_station_05_st_mark_evangelist,gospel,Luke 10:1-12,Lk 10:1-12,Lk 10:1-12,"Rites and Readings of Palm Sunday, Procession and General Funeral",https://saintbishoy.ca/wp-content/uploads/Rites_Palm_Sunday_And_General_Funeral_Readings_Procession.pdf,https://saintbishoy.ca/service-books/,Palm Sunday procession station 5: St. Mark the Evangelist; station Gospel.,special_service
palm_sunday,procession,procession_station_06_holy_apostles,psalm,Psalm 19:3-4,Ps 19:3-4,Ps 19:3-4,"Rites and Readings of Palm Sunday, Procession and General Funeral",https://saintbishoy.ca/wp-content/uploads/Rites_Palm_Sunday_And_General_Funeral_Readings_Procession.pdf,https://saintbishoy.ca/service-books/,Palm Sunday procession station 6: The Holy Apostles; Psalm before the station Gospel.,special_service
palm_sunday,procession,procession_station_06_holy_apostles,gospel,Matthew 10:1-8,Matt 10:1-8,Matt 10:1-8,"Rites and Readings of Palm Sunday, Procession and General Funeral",https://saintbishoy.ca/wp-content/uploads/Rites_Palm_Sunday_And_General_Funeral_Readings_Procession.pdf,https://saintbishoy.ca/service-books/,Palm Sunday procession station 6: The Holy Apostles; station Gospel.,special_service
palm_sunday,procession,procession_station_07_st_george,psalm,Psalm 97:11-12,Ps 97:11-12,Ps 97:11-12,"Rites and Readings of Palm Sunday, Procession and General Funeral",https://saintbishoy.ca/wp-content/uploads/Rites_Palm_Sunday_And_General_Funeral_Readings_Procession.pdf,https://saintbishoy.ca/service-books/,Palm Sunday procession station 7: St. George; Psalm before the station Gospel.,special_service
palm_sunday,procession,procession_station_07_st_george,gospel,Luke 21:12-19,Lk 21:12-19,Lk 21:12-19,"Rites and Readings of Palm Sunday, Procession and General Funeral",https://saintbishoy.ca/wp-content/uploads/Rites_Palm_Sunday_And_General_Funeral_Readings_Procession.pdf,https://saintbishoy.ca/service-books/,Palm Sunday procession station 7: St. George; station Gospel.,special_service
palm_sunday,procession,procession_station_08_st_antony,psalm,Psalm 68:35; Psalm 68:3,Ps 68:35; Psalm 68:3,Ps 68:35,"Rites and Readings of Palm Sunday, Procession and General Funeral",https://saintbishoy.ca/wp-content/uploads/Rites_Palm_Sunday_And_General_Funeral_Readings_Procession.pdf,https://saintbishoy.ca/service-books/,Palm Sunday procession station 8: St. Antony; Psalm before the station Gospel.,special_service
palm_sunday,procession,procession_station_08_st_antony,psalm,Psalm 68:35; Psalm 68:3,Ps 68:35; Psalm 68:3,Ps 68:3,"Rites and Readings of Palm Sunday, Procession and General Funeral",https://saintbishoy.ca/wp-content/uploads/Rites_Palm_Sunday_And_General_Funeral_Readings_Procession.pdf,https://saintbishoy.ca/service-books/,Palm Sunday procession station 8: St. Antony; Psalm before the station Gospel.,special_service
palm_sunday,procession,procession_station_08_st_antony,gospel,Matthew 16:24-28,Matt 16:24-28,Matt 16:24-28,"Rites and Readings of Palm Sunday, Procession and General Funeral",https://saintbishoy.ca/wp-content/uploads/Rites_Palm_Sunday_And_General_Funeral_Readings_Procession.pdf,https://saintbishoy.ca/service-books/,Palm Sunday procession station 8: St. Antony; station Gospel.,special_service
palm_sunday,procession,procession_station_09_northern_door,psalm,Psalm 84:1-2,Ps 84:1-2,Ps 84:1-2,"Rites and Readings of Palm Sunday, Procession and General Funeral",https://saintbishoy.ca/wp-content/uploads/Rites_Palm_Sunday_And_General_Funeral_Readings_Procession.pdf,https://saintbishoy.ca/service-books/,Palm Sunday procession station 9: Northern Door; Psalm before the station Gospel.,special_service
palm_sunday,procession,procession_station_09_northern_door,gospel,Luke 13:22-30,Lk 13:22-30,Lk 13:22-30,"Rites and Readings of Palm Sunday, Procession and General Funeral",https://saintbishoy.ca/wp-content/uploads/Rites_Palm_Sunday_And_General_Funeral_Readings_Procession.pdf,https://saintbishoy.ca/service-books/,Palm Sunday procession station 9: Northern Door; station Gospel.,special_service
palm_sunday,procession,procession_station_10_baptismal_font,psalm,Psalm 29:3-4,Ps 29:3-4,Ps 29:3-4,"Rites and Readings of Palm Sunday, Procession and General Funeral",https://saintbishoy.ca/wp-content/uploads/Rites_Palm_Sunday_And_General_Funeral_Readings_Procession.pdf,https://saintbishoy.ca/service-books/,Palm Sunday procession station 10: Baptismal Font; Psalm before the station Gospel.,special_service
palm_sunday,procession,procession_station_10_baptismal_font,gospel,Matthew 3:13-17,Matt 3:13-17,Matt 3:13-17,"Rites and Readings of Palm Sunday, Procession and General Funeral",https://saintbishoy.ca/wp-content/uploads/Rites_Palm_Sunday_And_General_Funeral_Readings_Procession.pdf,https://saintbishoy.ca/service-books/,Palm Sunday procession station 10: Baptismal Font; station Gospel.,special_service
palm_sunday,procession,procession_station_11_southern_door,psalm,Psalm 118:19-20,Ps 118:19-20,Ps 118:19-20,"Rites and Readings of Palm Sunday, Procession and General Funeral",https://saintbishoy.ca/wp-content/uploads/Rites_Palm_Sunday_And_General_Funeral_Readings_Procession.pdf,https://saintbishoy.ca/service-books/,Palm Sunday procession station 11: Southern Door; Psalm before the station Gospel.,special_service
palm_sunday,procession,procession_station_11_southern_door,gospel,Matthew 21:1-11,Matt 21:1-11,Matt 21:1-11,"Rites and Readings of Palm Sunday, Procession and General Funeral",https://saintbishoy.ca/wp-content/uploads/Rites_Palm_Sunday_And_General_Funeral_Readings_Procession.pdf,https://saintbishoy.ca/service-books/,Palm Sunday procession station 11: Southern Door; station Gospel.,special_service
palm_sunday,procession,procession_station_12_st_john_the_baptist,psalm,Psalm 52:8,Ps 52:8,Ps 52:8,"Rites and Readings of Palm Sunday, Procession and General Funeral",https://saintbishoy.ca/wp-content/uploads/Rites_Palm_Sunday_And_General_Funeral_Readings_Procession.pdf,https://saintbishoy.ca/service-books/,Palm Sunday procession station 12: St. John the Baptist; Psalm before the station Gospel.,special_service
palm_sunday,procession,procession_station_12_st_john_the_baptist,gospel,Luke 7:28-35,Lk 7:28-35,Lk 7:28-35,"Rites and Readings of Palm Sunday, Procession and General Funeral",https://saintbishoy.ca/wp-content/uploads/Rites_Palm_Sunday_And_General_Funeral_Readings_Procession.pdf,https://saintbishoy.ca/service-books/,Palm Sunday procession station 12: St. John the Baptist; station Gospel.,special_service
palm_sunday,matins,matins,psalm,Psalm 68:19; Psalm 68:35,Ps 68:19; Psalm 68:35,Ps 68:19,"Rites and Readings of Palm Sunday, Procession and General Funeral",https://saintbishoy.ca/wp-content/uploads/Rites_Palm_Sunday_And_General_Funeral_Readings_Procession.pdf,https://saintbishoy.ca/service-books/,"Matins Psalm after Palm Sunday procession; printed as Psalm (67) 68:19,35.",special_service
palm_sunday,matins,matins,psalm,Psalm 68:19; Psalm 68:35,Ps 68:19; Psalm 68:35,Ps 68:35,"Rites and Readings of Palm Sunday, Procession and General Funeral",https://saintbishoy.ca/wp-content/uploads/Rites_Palm_Sunday_And_General_Funeral_Readings_Procession.pdf,https://saintbishoy.ca/service-books/,"Matins Psalm after Palm Sunday procession; printed as Psalm (67) 68:19,35.",special_service
palm_sunday,matins,matins,gospel,Luke 19:1-10,Lk 19:1-10,Lk 19:1-10,"Rites and Readings of Palm Sunday, Procession and General Funeral",https://saintbishoy.ca/wp-content/uploads/Rites_Palm_Sunday_And_General_Funeral_Readings_Procession.pdf,https://saintbishoy.ca/service-books/,"Matins Gospel after Palm Sunday procession, Zacchaeus reading.",special_service
palm_sunday,liturgy,liturgy_readings,pauline,Hebrews 9:11-28,Heb 9:11-28,Heb 9:11-28,"Rites and Readings of Palm Sunday, Procession and General Funeral",https://saintbishoy.ca/wp-content/uploads/Rites_Palm_Sunday_And_General_Funeral_Readings_Procession.pdf,https://saintbishoy.ca/service-books/,Palm Sunday Divine Liturgy Pauline reading.,special_service
palm_sunday,liturgy,liturgy_readings,catholic,1 Peter 4:1-11,1Pet 4:1-11,1Pet 4:1-11,"Rites and Readings of Palm Sunday, Procession and General Funeral",https://saintbishoy.ca/wp-content/uploads/Rites_Palm_Sunday_And_General_Funeral_Readings_Procession.pdf,https://saintbishoy.ca/service-books/,Palm Sunday Divine Liturgy Catholic Epistle.,special_service
palm_sunday,liturgy,liturgy_readings,acts,Acts 28:11-31,Acts 28:11-31,Acts 28:11-31,"Rites and Readings of Palm Sunday, Procession and General Funeral",https://saintbishoy.ca/wp-content/uploads/Rites_Palm_Sunday_And_General_Funeral_Readings_Procession.pdf,https://saintbishoy.ca/service-books/,Palm Sunday Divine Liturgy Praxis / Acts reading.,special_service
palm_sunday,liturgy,first_gospel,psalm,Psalm 81:3; Psalm 81:1; Psalm 81:2,Ps 81:3; Psalm 81:1; Psalm 81:2,Ps 81:3,"Rites and Readings of Palm Sunday, Procession and General Funeral",https://saintbishoy.ca/wp-content/uploads/Rites_Palm_Sunday_And_General_Funeral_Readings_Procession.pdf,https://saintbishoy.ca/service-books/,"First Psalm for Palm Sunday before the first Liturgy Gospel; printed as Psalm (80) 81:3,1,2.",special_service
palm_sunday,liturgy,first_gospel,psalm,Psalm 81:3; Psalm 81:1; Psalm 81:2,Ps 81:3; Psalm 81:1; Psalm 81:2,Ps 81:1,"Rites and Readings of Palm Sunday, Procession and General Funeral",https://saintbishoy.ca/wp-content/uploads/Rites_Palm_Sunday_And_General_Funeral_Readings_Procession.pdf,https://saintbishoy.ca/service-books/,"First Psalm for Palm Sunday before the first Liturgy Gospel; printed as Psalm (80) 81:3,1,2.",special_service
palm_sunday,liturgy,first_gospel,psalm,Psalm 81:3; Psalm 81:1; Psalm 81:2,Ps 81:3; Psalm 81:1; Psalm 81:2,Ps 81:2,"Rites and Readings of Palm Sunday, Procession and General Funeral",https://saintbishoy.ca/wp-content/uploads/Rites_Palm_Sunday_And_General_Funeral_Readings_Procession.pdf,https://saintbishoy.ca/service-books/,"First Psalm for Palm Sunday before the first Liturgy Gospel; printed as Psalm (80) 81:3,1,2.",special_service
palm_sunday,liturgy,first_gospel,gospel,Matthew 21:1-17,Matt 21:1-17,Matt 21:1-17,"Rites and Readings of Palm Sunday, Procession and General Funeral",https://saintbishoy.ca/wp-content/uploads/Rites_Palm_Sunday_And_General_Funeral_Readings_Procession.pdf,https://saintbishoy.ca/service-books/,First Gospel for Palm Sunday Divine Liturgy.,special_service
palm_sunday,liturgy,second_gospel,gospel,Mark 11:1-11,Mark 11:1-11,Mark 11:1-11,"Rites and Readings of Palm Sunday, Procession and General Funeral",https://saintbishoy.ca/wp-content/uploads/Rites_Palm_Sunday_And_General_Funeral_Readings_Procession.pdf,https://saintbishoy.ca/service-books/,Second Gospel for Palm Sunday Divine Liturgy.,special_service
palm_sunday,liturgy,third_gospel,gospel,Luke 19:29-48,Lk 19:29-48,Lk 19:29-48,"Rites and Readings of Palm Sunday, Procession and General Funeral",https://saintbishoy.ca/wp-content/uploads/Rites_Palm_Sunday_And_General_Funeral_Readings_Procession.pdf,https://saintbishoy.ca/service-books/,Third Gospel for Palm Sunday Divine Liturgy.,special_service
palm_sunday,liturgy,fourth_gospel,psalm,Psalm 65:1-2,Ps 65:1-2,Ps 65:1-2,"Rites and Readings of Palm Sunday, Procession and General Funeral",https://saintbishoy.ca/wp-content/uploads/Rites_Palm_Sunday_And_General_Funeral_Readings_Procession.pdf,https://saintbishoy.ca/service-books/,"Psalm before the fourth Gospel for Palm Sunday; printed as Psalm (64) 65:1,2.",special_service
palm_sunday,liturgy,fourth_gospel,gospel,John 12:12-19,Jn 12:12-19,Jn 12:12-19,"Rites and Readings of Palm Sunday, Procession and General Funeral",https://saintbishoy.ca/wp-content/uploads/Rites_Palm_Sunday_And_General_Funeral_Readings_Procession.pdf,https://saintbishoy.ca/service-books/,Fourth Gospel for Palm Sunday Divine Liturgy.,special_service
general_funeral,palm_sunday_general_funeral,prophecy,old_testament,Ezekiel 37:1-14,Ezek 37:1-14,Ezek 37:1-14,"Rites and Readings of Palm Sunday, Procession and General Funeral",https://saintbishoy.ca/wp-content/uploads/Rites_Palm_Sunday_And_General_Funeral_Readings_Procession.pdf,https://saintbishoy.ca/service-books/,General Funeral prayed after Palm Sunday liturgy before Holy Pascha; prophecy reading in the Palm Sunday book.,special_service
general_funeral,palm_sunday_general_funeral,main_readings,pauline,1 Corinthians 15:1-27,1Cor 15:1-27,1Cor 15:1-27,"Rites and Readings of Palm Sunday, Procession and General Funeral",https://saintbishoy.ca/wp-content/uploads/Rites_Palm_Sunday_And_General_Funeral_Readings_Procession.pdf,https://saintbishoy.ca/service-books/,Palm Sunday General Funeral Pauline from the Palm Sunday book; extends beyond the separate men_main funeral book reading.,special_service
general_funeral,palm_sunday_general_funeral,main_readings,psalm,Psalm 65:4-5,Ps 65:4-5,Ps 65:4-5,"Rites and Readings of Palm Sunday, Procession and General Funeral",https://saintbishoy.ca/wp-content/uploads/Rites_Palm_Sunday_And_General_Funeral_Readings_Procession.pdf,https://saintbishoy.ca/service-books/,Printed as Psalm (64) 65:4-5 in the Palm Sunday General Funeral section.,special_service
general_funeral,palm_sunday_general_funeral,main_readings,gospel,John 5:19-29,Jn 5:19-29,Jn 5:19-29,"Rites and Readings of Palm Sunday, Procession and General Funeral",https://saintbishoy.ca/wp-content/uploads/Rites_Palm_Sunday_And_General_Funeral_Readings_Procession.pdf,https://saintbishoy.ca/service-books/,Palm Sunday General Funeral Gospel from the Palm Sunday book.,special_service
funeral,men_passion_week,at_burial_site_override,old_testament,Genesis 50:4-25,Gen 50:4-25,Gen 50:4-25,The Funeral Prayers,https://saintbishoy.ca/wp-content/uploads/Readings_Funeral_Updated.pdf,https://saintbishoy.ca/service-books/,"Passion Week burial-site override. The rite explicitly says the Trisagion, Gospel litany, Psalm, and Gospel are then read as before.",special_service
funeral,women_main,part_2,pauline,1 Corinthians 15:39-49,1Cor 15:39-49,1Cor 15:39-49,The Funeral Prayers,https://saintbishoy.ca/wp-content/uploads/Readings_Funeral_Updated.pdf,https://saintbishoy.ca/service-books/,Main funeral service for women.,special_service
funeral,women_main,part_2,psalm,Psalm 116:7-8,Ps 116:7-8,Ps 116:7-8,The Funeral Prayers,https://saintbishoy.ca/wp-content/uploads/Readings_Funeral_Updated.pdf,https://saintbishoy.ca/service-books/,Printed as Psalm (114) 116:7-8.,special_service
funeral,women_main,part_2,gospel,Matthew 26:6-13,Matt 26:6-13,Matt 26:6-13,The Funeral Prayers,https://saintbishoy.ca/wp-content/uploads/Readings_Funeral_Updated.pdf,https://saintbishoy.ca/service-books/,Main funeral service for women.,special_service
funeral,women_passion_week,at_burial_site_override,old_testament,Genesis 23:1-20,Gen 23:1-20,Gen 23:1-20,The Funeral Prayers,https://saintbishoy.ca/wp-content/uploads/Readings_Funeral_Updated.pdf,https://saintbishoy.ca/service-books/,Passion Week burial-site override for women; followed by Genesis 24:1-67 and then the Psalm/Gospel as before.,special_service
funeral,women_passion_week,at_burial_site_override,old_testament,Genesis 24:1-67,Gen 24:1-67,Gen 24:1-67,The Funeral Prayers,https://saintbishoy.ca/wp-content/uploads/Readings_Funeral_Updated.pdf,https://saintbishoy.ca/service-books/,Second Passion Week burial-site reading for women.,special_service
funeral,women_delivery_main,part_3,old_testament,Isaiah 26:9-20,Isa 26:9-20,Isa 26:9-20,The Funeral Prayers,https://saintbishoy.ca/wp-content/uploads/Readings_Funeral_Updated.pdf,https://saintbishoy.ca/service-books/,Funeral for women who depart during delivery.,special_service
funeral,women_delivery_main,part_3,pauline,Romans 5:1-15,Rom 5:1-15,Rom 5:1-15,The Funeral Prayers,https://saintbishoy.ca/wp-content/uploads/Readings_Funeral_Updated.pdf,https://saintbishoy.ca/service-books/,Funeral for women who depart during delivery.,special_service
funeral,women_delivery_main,part_3,psalm,Psalm 78:38-39,Ps 78:38-39,Ps 78:38-39,The Funeral Prayers,https://saintbishoy.ca/wp-content/uploads/Readings_Funeral_Updated.pdf,https://saintbishoy.ca/service-books/,Printed as Psalm (77) 78:38-39.,special_service
funeral,women_delivery_main,part_3,gospel,John 16:20-23,Jn 16:20-23,Jn 16:20-23,The Funeral Prayers,https://saintbishoy.ca/wp-content/uploads/Readings_Funeral_Updated.pdf,https://saintbishoy.ca/service-books/,Funeral for women who depart during delivery.,special_service
funeral,women_delivery_passion_week,at_burial_site_override,old_testament,Genesis 23:1-20,Gen 23:1-20,Gen 23:1-20,The Funeral Prayers,https://saintbishoy.ca/wp-content/uploads/Readings_Funeral_Updated.pdf,https://saintbishoy.ca/service-books/,Passion Week burial-site override for women who depart during delivery; followed by Genesis 24:1-67 and then the Psalm/Gospel as before.,special_service
funeral,women_delivery_passion_week,at_burial_site_override,old_testament,Genesis 24:1-67,Gen 24:1-67,Gen 24:1-67,The Funeral Prayers,https://saintbishoy.ca/wp-content/uploads/Readings_Funeral_Updated.pdf,https://saintbishoy.ca/service-books/,Second Passion Week burial-site reading for women who depart during delivery.,special_service
funeral,male_children_main,part_4,pauline,1 Thessalonians 4:13-18,1Thess 4:13-18,1Thess 4:13-18,The Funeral Prayers,https://saintbishoy.ca/wp-content/uploads/Readings_Funeral_Updated.pdf,https://saintbishoy.ca/service-books/,Funeral service for male children.,special_service
funeral,male_children_main,part_4,psalm,Psalm 27:10; Psalm 116:6,Ps 27:10; Psalm 116:6,Ps 27:10,The Funeral Prayers,https://saintbishoy.ca/wp-content/uploads/Readings_Funeral_Updated.pdf,https://saintbishoy.ca/service-books/,Printed as Psalms (26) 27:10 and (114) 116:6.,special_service
funeral,male_children_main,part_4,psalm,Psalm 27:10; Psalm 116:6,Ps 27:10; Psalm 116:6,Ps 116:6,The Funeral Prayers,https://saintbishoy.ca/wp-content/uploads/Readings_Funeral_Updated.pdf,https://saintbishoy.ca/service-books/,Printed as Psalms (26) 27:10 and (114) 116:6.,special_service
funeral,male_children_main,part_4,gospel,Luke 7:11-16,Lk 7:11-16,Lk 7:11-16,The Funeral Prayers,https://saintbishoy.ca/wp-content/uploads/Readings_Funeral_Updated.pdf,https://saintbishoy.ca/service-books/,Funeral service for male children.,special_service
funeral,male_children_at_burial_site,at_burial_site,old_testament,1 Kings 17:17-24,1Kgs 17:17-24,1Kgs 17:17-24,The Funeral Prayers,https://saintbishoy.ca/wp-content/uploads/Readings_Funeral_Updated.pdf,https://saintbishoy.ca/service-books/,At the burial site for male children.,special_service
funeral,female_children_main,part_5,pauline,1 Corinthians 15:50-58,1Cor 15:50-58,1Cor 15:50-58,The Funeral Prayers,https://saintbishoy.ca/wp-content/uploads/Readings_Funeral_Updated.pdf,https://saintbishoy.ca/service-books/,Funeral service for female children.,special_service
funeral,female_children_main,part_5,psalm,Psalm 39:12-13,Ps 39:12-13,Ps 39:12-13,The Funeral Prayers,https://saintbishoy.ca/wp-content/uploads/Readings_Funeral_Updated.pdf,https://saintbishoy.ca/service-books/,Printed as Psalm (38) 39:12-13.,special_service
funeral,female_children_main,part_5,gospel,Matthew 9:18-26,Matt 9:18-26,Matt 9:18-26,The Funeral Prayers,https://saintbishoy.ca/wp-content/uploads/Readings_Funeral_Updated.pdf,https://saintbishoy.ca/service-books/,Funeral service for female children.,special_service
funeral,female_children_passion_week,at_burial_site_override,old_testament,Judges 11:30-40,Judg 11:30-40,Judg 11:30-40,The Funeral Prayers,https://saintbishoy.ca/wp-content/uploads/Readings_Funeral_Updated.pdf,https://saintbishoy.ca/service-books/,Passion Week burial-site override for female children.,special_service
funeral,third_day_and_memorials,part_6,pauline,Romans 5:6-15,Rom 5:6-15,Rom 5:6-15,The Funeral Prayers,https://saintbishoy.ca/wp-content/uploads/Readings_Funeral_Updated.pdf,https://saintbishoy.ca/service-books/,Third-day and other memorial prayers.,special_service
funeral,third_day_and_memorials,part_6,psalm,Psalm 38:21-22,Ps 38:21-22,Ps 38:21-22,The Funeral Prayers,https://saintbishoy.ca/wp-content/uploads/Readings_Funeral_Updated.pdf,https://saintbishoy.ca/service-books/,Printed as Psalm (37) 38:21-22.,special_service
funeral,third_day_and_memorials,part_6,gospel,John 11:38-45,Jn 11:38-45,Jn 11:38-45,The Funeral Prayers,https://saintbishoy.ca/wp-content/uploads/Readings_Funeral_Updated.pdf,https://saintbishoy.ca/service-books/,Third-day and other memorial prayers.,special_service
pentecost_prostration,first_prostration,main_readings,old_testament,Deuteronomy 5:23-33; Deuteronomy 6:1-3,Deut 5:23-33; Deuteronomy 6:1-3,Deut 5:23-33,Rites of the Prayers of Prostration,https://saintbishoy.ca/wp-content/uploads/Rites_Prostrations.pdf,https://saintbishoy.ca/service-books/,First Pentecost prostration prophecy; summary page identifies the exact section.,special_service
pentecost_prostration,first_prostration,main_readings,old_testament,Deuteronomy 5:23-33; Deuteronomy 6:1-3,Deut 5:23-33; Deuteronomy 6:1-3,Deut 6:1-3,Rites of the Prayers of Prostration,https://saintbishoy.ca/wp-content/uploads/Rites_Prostrations.pdf,https://saintbishoy.ca/service-books/,First Pentecost prostration prophecy; summary page identifies the exact section.,special_service
pentecost_prostration,first_prostration,main_readings,pauline,1 Corinthians 12:28-31; 1 Corinthians 13:1-12,1Cor 12:28-31; 1 Corinthians 13:1-12,1Cor 12:28-31,Rites of the Prayers of Prostration,https://saintbishoy.ca/wp-content/uploads/Rites_Prostrations.pdf,https://saintbishoy.ca/service-books/,First Pentecost prostration Pauline from the rite summary.,special_service
pentecost_prostration,first_prostration,main_readings,pauline,1 Corinthians 12:28-31; 1 Corinthians 13:1-12,1Cor 12:28-31; 1 Corinthians 13:1-12,1Cor 13:1-12,Rites of the Prayers of Prostration,https://saintbishoy.ca/wp-content/uploads/Rites_Prostrations.pdf,https://saintbishoy.ca/service-books/,First Pentecost prostration Pauline from the rite summary.,special_service
pentecost_prostration,first_prostration,main_readings,psalm,Psalm 97:7-8; Psalm 97:1,Ps 97:7-8; Psalm 97:1,Ps 97:7-8,Rites of the Prayers of Prostration,https://saintbishoy.ca/wp-content/uploads/Rites_Prostrations.pdf,https://saintbishoy.ca/service-books/,"Printed as Psalm 97:7,8,1 in the rite book.",special_service
pentecost_prostration,first_prostration,main_readings,psalm,Psalm 97:7-8; Psalm 97:1,Ps 97:7-8; Psalm 97:1,Ps 97:1,Rites of the Prayers of Prostration,https://saintbishoy.ca/wp-content/uploads/Rites_Prostrations.pdf,https://saintbishoy.ca/service-books/,"Printed as Psalm 97:7,8,1 in the rite book.",special_service
pentecost_prostration,first_prostration,main_readings,gospel,John 17:1-26,Jn 17:1-26,Jn 17:1-26,Rites of the Prayers of Prostration,https://saintbishoy.ca/wp-content/uploads/Rites_Prostrations.pdf,https://saintbishoy.ca/service-books/,First Pentecost prostration Gospel.,special_service
pentecost_prostration,second_prostration,main_readings,old_testament,Deuteronomy 6:17-25,Deut 6:17-25,Deut 6:17-25,Rites of the Prayers of Prostration,https://saintbishoy.ca/wp-content/uploads/Rites_Prostrations.pdf,https://saintbishoy.ca/service-books/,Second Pentecost prostration prophecy from the rite summary.,special_service
pentecost_prostration,second_prostration,main_readings,pauline,1 Corinthians 13:13-14:17,1Cor 13:13-14:17,1Cor 13:13-14:17,Rites of the Prayers of Prostration,https://saintbishoy.ca/wp-content/uploads/Rites_Prostrations.pdf,https://saintbishoy.ca/service-books/,Second Pentecost prostration Pauline; exact line confirmed in the rite book.,special_service
pentecost_prostration,second_prostration,main_readings,psalm,Psalm 115:12-13,Ps 115:12-13,Ps 115:12-13,Rites of the Prayers of Prostration,https://saintbishoy.ca/wp-content/uploads/Rites_Prostrations.pdf,https://saintbishoy.ca/service-books/,Second Pentecost prostration Psalm.,special_service
pentecost_prostration,second_prostration,main_readings,gospel,Luke 24:36-53,Lk 24:36-53,Lk 24:36-53,Rites of the Prayers of Prostration,https://saintbishoy.ca/wp-content/uploads/Rites_Prostrations.pdf,https://saintbishoy.ca/service-books/,Second Pentecost prostration Gospel.,special_service
pentecost_prostration,third_prostration,main_readings,old_testament,Deuteronomy 16:1-18,Deut 16:1-18,Deut 16:1-18,Rites of the Prayers of Prostration,https://saintbishoy.ca/wp-content/uploads/Rites_Prostrations.pdf,https://saintbishoy.ca/service-books/,Third Pentecost prostration prophecy; exact section confirmed in the rite book.,special_service
pentecost_prostration,third_prostration,main_readings,pauline,1 Corinthians 14:18-40,1Cor 14:18-40,1Cor 14:18-40,Rites of the Prayers of Prostration,https://saintbishoy.ca/wp-content/uploads/Rites_Prostrations.pdf,https://saintbishoy.ca/service-books/,Third Pentecost prostration Pauline from the rite summary.,special_service
pentecost_prostration,third_prostration,main_readings,psalm,Psalm 66:4; Psalm 72:11,Ps 66:4; Psalm 72:11,Ps 66:4,Rites of the Prayers of Prostration,https://saintbishoy.ca/wp-content/uploads/Rites_Prostrations.pdf,https://saintbishoy.ca/service-books/,Third Pentecost prostration Psalm; exact line confirmed in the rite book.,special_service
pentecost_prostration,third_prostration,main_readings,psalm,Psalm 66:4; Psalm 72:11,Ps 66:4; Psalm 72:11,Ps 72:11,Rites of the Prayers of Prostration,https://saintbishoy.ca/wp-content/uploads/Rites_Prostrations.pdf,https://saintbishoy.ca/service-books/,Third Pentecost prostration Psalm; exact line confirmed in the rite book.,special_service
pentecost_prostration,third_prostration,main_readings,gospel,John 4:1-24,Jn 4:1-24,Jn 4:1-24,Rites of the Prayers of Prostration,https://saintbishoy.ca/wp-content/uploads/Rites_Prostrations.pdf,https://saintbishoy.ca/service-books/,Third Pentecost prostration Gospel; exact line confirmed in the rite book.,special_service
cornerstone_prayer,main,foundation_cornerstone,old_testament,Genesis 28:10-31,Gen 28:10-31,Gen 28:10-31,Rites of Consecrations,https://copticbook.wordpress.com/wp-content/uploads/2023/06/consecrations-ar-en-cop.pdf,https://saintbishoy.ca/service-books/,Foundation cornerstone prophecy for a new church.,special_service
cornerstone_prayer,main,foundation_cornerstone,pauline,Hebrews 9:1-10,Heb 9:1-10,Heb 9:1-10,Rites of Consecrations,https://copticbook.wordpress.com/wp-content/uploads/2023/06/consecrations-ar-en-cop.pdf,https://saintbishoy.ca/service-books/,Foundation cornerstone Pauline.,special_service
cornerstone_prayer,main,foundation_cornerstone,psalm,Psalm 127:1; Psalm 122:1-2,Ps 127:1; Psalm 122:1-2,Ps 127:1,Rites of Consecrations,https://copticbook.wordpress.com/wp-content/uploads/2023/06/consecrations-ar-en-cop.pdf,https://saintbishoy.ca/service-books/,Foundation cornerstone Psalm set printed before the Gospel reading.,special_service
cornerstone_prayer,main,foundation_cornerstone,psalm,Psalm 127:1; Psalm 122:1-2,Ps 127:1; Psalm 122:1-2,Ps 122:1-2,Rites of Consecrations,https://copticbook.wordpress.com/wp-content/uploads/2023/06/consecrations-ar-en-cop.pdf,https://saintbishoy.ca/service-books/,Foundation cornerstone Psalm set printed before the Gospel reading.,special_service
cornerstone_prayer,main,foundation_cornerstone,gospel,Luke 9:28-35,Lk 9:28-35,Lk 9:28-35,Rites of Consecrations,https://copticbook.wordpress.com/wp-content/uploads/2023/06/consecrations-ar-en-cop.pdf,https://saintbishoy.ca/service-books/,Foundation cornerstone Gospel.,special_service
myron_consecration,consecration_day,vespers,psalm,Psalm 23:5-6,Ps 23:5-6,Ps 23:5-6,Meron and Galileon Rite (Arabic),https://copticbook.wordpress.com/wp-content/uploads/2023/06/meron-and-galileon-ar.pdf,OCR + visual extraction from pages 34-37,Printed as Psalm 22:5-6 in source numbering; quote matches Psalm 23:5-6 in modern numbering.,special_service
myron_consecration,consecration_day,vespers,gospel,Luke 23:50-56; Luke 24:1-12,Lk 23:50-56; Luke 24:1-12,Lk 23:50-56,Meron and Galileon Rite (Arabic),https://copticbook.wordpress.com/wp-content/uploads/2023/06/meron-and-galileon-ar.pdf,OCR + visual extraction from pages 34-37,Vespers Gospel on the Day of Consecration.,special_service
myron_consecration,consecration_day,vespers,gospel,Luke 23:50-56; Luke 24:1-12,Lk 23:50-56; Luke 24:1-12,Lk 24:1-12,Meron and Galileon Rite (Arabic),https://copticbook.wordpress.com/wp-content/uploads/2023/06/meron-and-galileon-ar.pdf,OCR + visual extraction from pages 34-37,Vespers Gospel on the Day of Consecration.,special_service
myron_consecration,consecration_day,matins,psalm,Psalm 51:12-13,Ps 51:12-13,Ps 51:12-13,Meron and Galileon Rite (Arabic),https://copticbook.wordpress.com/wp-content/uploads/2023/06/meron-and-galileon-ar.pdf,OCR + visual extraction from pages 34-37,Printed as Psalm 50:12-13 in source numbering; quote matches Psalm 51:12-13 in modern numbering.,special_service
myron_consecration,consecration_day,matins,gospel,Mark 16,Mark 16,Mark 16,Meron and Galileon Rite (Arabic),https://copticbook.wordpress.com/wp-content/uploads/2023/06/meron-and-galileon-ar.pdf,OCR + visual extraction from pages 34-37,Matins Gospel printed as Mark chapter 16 whole.,special_service
myron_consecration,consecration_day,liturgy,pauline,Hebrews 9:11-28; Hebrews 10:1-24,Heb 9:11-28; Hebrews 10:1-24,Heb 9:11-28,Meron and Galileon Rite (Arabic),https://copticbook.wordpress.com/wp-content/uploads/2023/06/meron-and-galileon-ar.pdf,OCR + visual extraction from pages 34-37,Pauline for the Day of Consecration.,special_service
myron_consecration,consecration_day,liturgy,pauline,Hebrews 9:11-28; Hebrews 10:1-24,Heb 9:11-28; Hebrews 10:1-24,Heb 10:1-24,Meron and Galileon Rite (Arabic),https://copticbook.wordpress.com/wp-content/uploads/2023/06/meron-and-galileon-ar.pdf,OCR + visual extraction from pages 34-37,Pauline for the Day of Consecration.,special_service
myron_consecration,consecration_day,liturgy,catholic,1 John 4:7-21; 1 John 5:1-21,1Jn 4:7-21; 1 John 5:1-21,1Jn 4:7-21,Meron and Galileon Rite (Arabic),https://copticbook.wordpress.com/wp-content/uploads/2023/06/meron-and-galileon-ar.pdf,OCR + visual extraction from pages 34-37,Catholic Epistle for the Day of Consecration; visual extraction indicates 1 John 5:1-21 despite OCR noise.,special_service
myron_consecration,consecration_day,liturgy,catholic,1 John 4:7-21; 1 John 5:1-21,1Jn 4:7-21; 1 John 5:1-21,1Jn 5:1-21,Meron and Galileon Rite (Arabic),https://copticbook.wordpress.com/wp-content/uploads/2023/06/meron-and-galileon-ar.pdf,OCR + visual extraction from pages 34-37,Catholic Epistle for the Day of Consecration; visual extraction indicates 1 John 5:1-21 despite OCR noise.,special_service
myron_consecration,consecration_day,liturgy,acts,Acts 13:13-49,Acts 13:13-49,Acts 13:13-49,Meron and Galileon Rite (Arabic),https://copticbook.wordpress.com/wp-content/uploads/2023/06/meron-and-galileon-ar.pdf,OCR + visual extraction from pages 34-37,Acts / Praxis for the Day of Consecration.,special_service
myron_consecration,consecration_day,liturgy,psalm,Psalm 45:7-8,Ps 45:7-8,Ps 45:7-8,Meron and Galileon Rite (Arabic),https://copticbook.wordpress.com/wp-content/uploads/2023/06/meron-and-galileon-ar.pdf,OCR + visual extraction from pages 34-37,Printed as Psalm 44:10-11 in source numbering; quote matches Psalm 45:7-8 in modern numbering.,special_service
myron_consecration,consecration_day,liturgy,psalm,Psalm 89:20-21,Ps 89:20-21,Ps 89:20-21,Meron and Galileon Rite (Arabic),https://copticbook.wordpress.com/wp-content/uploads/2023/06/meron-and-galileon-ar.pdf,OCR + visual extraction from pages 34-37,Printed as Psalm 88:14-15 in source numbering; quote matches Psalm 89:20-21 in modern numbering.,special_service
myron_consecration,consecration_day,liturgy,gospel,John 19:38-42; John 20:1-18,Jn 19:38-42; John 20:1-18,Jn 19:38-42,Meron and Galileon Rite (Arabic),https://copticbook.wordpress.com/wp-content/uploads/2023/06/meron-and-galileon-ar.pdf,OCR + visual extraction from pages 34-37,Liturgy Gospel for the Day of Consecration.,special_service
myron_consecration,consecration_day,liturgy,gospel,John 19:38-42; John 20:1-18,Jn 19:38-42; John 20:1-18,Jn 20:1-18,Meron and Galileon Rite (Arabic),https://copticbook.wordpress.com/wp-content/uploads/2023/06/meron-and-galileon-ar.pdf,OCR + visual extraction from pages 34-37,Liturgy Gospel for the Day of Consecration.,special_service
myron_consecration,first_week_day_1,matins,psalm,Psalm 51:7-8,Ps 51:7-8,Ps 51:7-8,Meron and Galileon Rite (Arabic),https://copticbook.wordpress.com/wp-content/uploads/2023/06/meron-and-galileon-ar.pdf,OCR + visual extraction from pages 35-37,Printed as Psalm 50:7-8 in source numbering; quote matches Psalm 51:7-8.,special_service
myron_consecration,first_week_day_1,matins,gospel,John 1:18-42,Jn 1:18-42,Jn 1:18-42,Meron and Galileon Rite (Arabic),https://copticbook.wordpress.com/wp-content/uploads/2023/06/meron-and-galileon-ar.pdf,OCR + visual extraction from pages 35-37,Morning Gospel for first week day 1.,special_service
myron_consecration,first_week_day_1,liturgy,pauline,Hebrews 7:26-28; Hebrews 8; Hebrews 9:1-10,Heb 7:26-28; Hebrews 8; Hebrews 9:1-10,Heb 7:26-28,Meron and Galileon Rite (Arabic),https://copticbook.wordpress.com/wp-content/uploads/2023/06/meron-and-galileon-ar.pdf,OCR + visual extraction from pages 35-37,First week day 1 Pauline.,special_service
myron_consecration,first_week_day_1,liturgy,pauline,Hebrews 7:26-28; Hebrews 8; Hebrews 9:1-10,Heb 7:26-28; Hebrews 8; Hebrews 9:1-10,Heb 8,Meron and Galileon Rite (Arabic),https://copticbook.wordpress.com/wp-content/uploads/2023/06/meron-and-galileon-ar.pdf,OCR + visual extraction from pages 35-37,First week day 1 Pauline.,special_service
myron_consecration,first_week_day_1,liturgy,pauline,Hebrews 7:26-28; Hebrews 8; Hebrews 9:1-10,Heb 7:26-28; Hebrews 8; Hebrews 9:1-10,Heb 9:1-10,Meron and Galileon Rite (Arabic),https://copticbook.wordpress.com/wp-content/uploads/2023/06/meron-and-galileon-ar.pdf,OCR + visual extraction from pages 35-37,First week day 1 Pauline.,special_service
myron_consecration,first_week_day_1,liturgy,catholic,1 Peter 3:8-22; 1 Peter 4:1-11,1Pet 3:8-22; 1 Peter 4:1-11,1Pet 3:8-22,Meron and Galileon Rite (Arabic),https://copticbook.wordpress.com/wp-content/uploads/2023/06/meron-and-galileon-ar.pdf,OCR + visual extraction from pages 35-37,First week day 1 Catholic Epistle.,special_service
myron_consecration,first_week_day_1,liturgy,catholic,1 Peter 3:8-22; 1 Peter 4:1-11,1Pet 3:8-22; 1 Peter 4:1-11,1Pet 4:1-11,Meron and Galileon Rite (Arabic),https://copticbook.wordpress.com/wp-content/uploads/2023/06/meron-and-galileon-ar.pdf,OCR + visual extraction from pages 35-37,First week day 1 Catholic Epistle.,special_service
myron_consecration,first_week_day_1,liturgy,acts,Acts 18:24-28; Acts 19:1-20,Acts 18:24-28; Acts 19:1-20,Acts 18:24-28,Meron and Galileon Rite (Arabic),https://copticbook.wordpress.com/wp-content/uploads/2023/06/meron-and-galileon-ar.pdf,OCR + visual extraction from pages 35-37,First week day 1 Acts / Praxis.,special_service
myron_consecration,first_week_day_1,liturgy,acts,Acts 18:24-28; Acts 19:1-20,Acts 18:24-28; Acts 19:1-20,Acts 19:1-20,Meron and Galileon Rite (Arabic),https://copticbook.wordpress.com/wp-content/uploads/2023/06/meron-and-galileon-ar.pdf,OCR + visual extraction from pages 35-37,First week day 1 Acts / Praxis.,special_service
myron_consecration,first_week_day_1,liturgy,psalm,Psalm 132:1,Ps 132:1,Ps 132:1,Meron and Galileon Rite (Arabic),https://copticbook.wordpress.com/wp-content/uploads/2023/06/meron-and-galileon-ar.pdf,OCR + visual extraction from pages 35-37,First week day 1 liturgy psalm; source numbering preserved as printed.,special_service
myron_consecration,first_week_day_1,liturgy,gospel,Matthew 26:6-13,Matt 26:6-13,Matt 26:6-13,Meron and Galileon Rite (Arabic),https://copticbook.wordpress.com/wp-content/uploads/2023/06/meron-and-galileon-ar.pdf,OCR + visual extraction from pages 35-37,First week day 1 liturgy Gospel.,special_service
myron_consecration,first_week_day_2,matins,psalm,Psalm 28:3-4,Ps 28:3-4,Ps 28:3-4,Meron and Galileon Rite (Arabic),https://copticbook.wordpress.com/wp-content/uploads/2023/06/meron-and-galileon-ar.pdf,OCR + visual extraction from pages 35-37,First week day 2 morning psalm; source numbering preserved as printed.,special_service
myron_consecration,first_week_day_2,matins,gospel,John 3:22-36; John 4:1-2,Jn 3:22-36; John 4:1-2,Jn 3:22-36,Meron and Galileon Rite (Arabic),https://copticbook.wordpress.com/wp-content/uploads/2023/06/meron-and-galileon-ar.pdf,OCR + visual extraction from pages 35-37,First week day 2 morning Gospel.,special_service
myron_consecration,first_week_day_2,matins,gospel,John 3:22-36; John 4:1-2,Jn 3:22-36; John 4:1-2,Jn 4:1-2,Meron and Galileon Rite (Arabic),https://copticbook.wordpress.com/wp-content/uploads/2023/06/meron-and-galileon-ar.pdf,OCR + visual extraction from pages 35-37,First week day 2 morning Gospel.,special_service
myron_consecration,first_week_day_2,liturgy,pauline,Hebrews 1:1-14; Hebrews 2:1-4,Heb 1:1-14; Hebrews 2:1-4,Heb 1:1-14,Meron and Galileon Rite (Arabic),https://copticbook.wordpress.com/wp-content/uploads/2023/06/meron-and-galileon-ar.pdf,OCR + visual extraction from pages 35-37,First week day 2 Pauline.,special_service
myron_consecration,first_week_day_2,liturgy,pauline,Hebrews 1:1-14; Hebrews 2:1-4,Heb 1:1-14; Hebrews 2:1-4,Heb 2:1-4,Meron and Galileon Rite (Arabic),https://copticbook.wordpress.com/wp-content/uploads/2023/06/meron-and-galileon-ar.pdf,OCR + visual extraction from pages 35-37,First week day 2 Pauline.,special_service
myron_consecration,first_week_day_2,liturgy,catholic,1 Peter 1:10-25; 1 Peter 2:1-10,1Pet 1:10-25; 1 Peter 2:1-10,1Pet 1:10-25,Meron and Galileon Rite (Arabic),https://copticbook.wordpress.com/wp-content/uploads/2023/06/meron-and-galileon-ar.pdf,OCR + visual extraction from pages 35-37,First week day 2 Catholic Epistle.,special_service
myron_consecration,first_week_day_2,liturgy,catholic,1 Peter 1:10-25; 1 Peter 2:1-10,1Pet 1:10-25; 1 Peter 2:1-10,1Pet 2:1-10,Meron and Galileon Rite (Arabic),https://copticbook.wordpress.com/wp-content/uploads/2023/06/meron-and-galileon-ar.pdf,OCR + visual extraction from pages 35-37,First week day 2 Catholic Epistle.,special_service
myron_consecration,first_week_day_2,liturgy,acts,Acts 2:22-47; Acts 3:1-10,Acts 2:22-47; Acts 3:1-10,Acts 2:22-47,Meron and Galileon Rite (Arabic),https://copticbook.wordpress.com/wp-content/uploads/2023/06/meron-and-galileon-ar.pdf,OCR + visual extraction from pages 35-37,First week day 2 Acts / Praxis.,special_service
myron_consecration,first_week_day_2,liturgy,acts,Acts 2:22-47; Acts 3:1-10,Acts 2:22-47; Acts 3:1-10,Acts 3:1-10,Meron and Galileon Rite (Arabic),https://copticbook.wordpress.com/wp-content/uploads/2023/06/meron-and-galileon-ar.pdf,OCR + visual extraction from pages 35-37,First week day 2 Acts / Praxis.,special_service
myron_consecration,first_week_day_2,liturgy,psalm,Psalm 129:2-5,Ps 129:2-5,Ps 129:2-5,Meron and Galileon Rite (Arabic),https://copticbook.wordpress.com/wp-content/uploads/2023/06/meron-and-galileon-ar.pdf,OCR + visual extraction from pages 35-37,First week day 2 liturgy psalm; source numbering preserved as printed.,special_service
myron_consecration,first_week_day_2,liturgy,gospel,Mark 14:3-9,Mark 14:3-9,Mark 14:3-9,Meron and Galileon Rite (Arabic),https://copticbook.wordpress.com/wp-content/uploads/2023/06/meron-and-galileon-ar.pdf,OCR + visual extraction from pages 35-37,First week day 2 liturgy Gospel.,special_service
myron_consecration,first_week_day_3,matins,psalm,Psalm 31:1-2,Ps 31:1-2,Ps 31:1-2,Meron and Galileon Rite (Arabic),https://copticbook.wordpress.com/wp-content/uploads/2023/06/meron-and-galileon-ar.pdf,OCR + visual extraction from pages 35-37,First week day 3 morning psalm; source numbering preserved as printed.,special_service
myron_consecration,first_week_day_3,matins,gospel,John 3:1-21,Jn 3:1-21,Jn 3:1-21,Meron and Galileon Rite (Arabic),https://copticbook.wordpress.com/wp-content/uploads/2023/06/meron-and-galileon-ar.pdf,OCR + visual extraction from pages 35-37,First week day 3 morning Gospel.,special_service
myron_consecration,first_week_day_3,liturgy,pauline,Titus 2:11-15; Titus 3:1-7,Titus 2:11-15; Titus 3:1-7,Titus 2:11-15,Meron and Galileon Rite (Arabic),https://copticbook.wordpress.com/wp-content/uploads/2023/06/meron-and-galileon-ar.pdf,OCR + visual extraction from pages 35-37,First week day 3 Pauline.,special_service
myron_consecration,first_week_day_3,liturgy,pauline,Titus 2:11-15; Titus 3:1-7,Titus 2:11-15; Titus 3:1-7,Titus 3:1-7,Meron and Galileon Rite (Arabic),https://copticbook.wordpress.com/wp-content/uploads/2023/06/meron-and-galileon-ar.pdf,OCR + visual extraction from pages 35-37,First week day 3 Pauline.,special_service
myron_consecration,first_week_day_3,liturgy,catholic,1 John 5:5-13,1Jn 5:5-13,1Jn 5:5-13,Meron and Galileon Rite (Arabic),https://copticbook.wordpress.com/wp-content/uploads/2023/06/meron-and-galileon-ar.pdf,OCR + visual extraction from pages 35-37,First week day 3 Catholic Epistle.,special_service
myron_consecration,first_week_day_3,liturgy,acts,Acts 8:26-39,Acts 8:26-39,Acts 8:26-39,Meron and Galileon Rite (Arabic),https://copticbook.wordpress.com/wp-content/uploads/2023/06/meron-and-galileon-ar.pdf,OCR + visual extraction from pages 35-37,First week day 3 Acts / Praxis.,special_service
myron_consecration,first_week_day_3,liturgy,psalm,Psalm 65:1; Psalm 65:6,Ps 65:1; Psalm 65:6,Ps 65:1,Meron and Galileon Rite (Arabic),https://copticbook.wordpress.com/wp-content/uploads/2023/06/meron-and-galileon-ar.pdf,OCR + visual extraction from pages 35-37,First week day 3 liturgy psalm.,special_service
myron_consecration,first_week_day_3,liturgy,psalm,Psalm 65:1; Psalm 65:6,Ps 65:1; Psalm 65:6,Ps 65:6,Meron and Galileon Rite (Arabic),https://copticbook.wordpress.com/wp-content/uploads/2023/06/meron-and-galileon-ar.pdf,OCR + visual extraction from pages 35-37,First week day 3 liturgy psalm.,special_service
myron_consecration,first_week_day_3,liturgy,gospel,Matthew 28:16-20,Matt 28:16-20,Matt 28:16-20,Meron and Galileon Rite (Arabic),https://copticbook.wordpress.com/wp-content/uploads/2023/06/meron-and-galileon-ar.pdf,OCR + visual extraction from pages 35-37,First week day 3 liturgy Gospel.,special_service
home_blessing,main,main_readings,pauline,Romans 8:14-21,Rom 8:14-21,Rom 8:14-21,Rites of Blessing Houses,https://saintbishoy.ca/wp-content/uploads/Rites_Blessing_Houses.pdf,https://saintbishoy.ca/service-books/,Main Pauline for house blessing.,special_service
home_blessing,main,main_readings,psalm,Psalm 102:1-2,Ps 102:1-2,Ps 102:1-2,Rites of Blessing Houses,https://saintbishoy.ca/wp-content/uploads/Rites_Blessing_Houses.pdf,https://saintbishoy.ca/service-books/,Printed as Psalm 102:1-2.,special_service
home_blessing,main,main_readings,gospel,Luke 19:1-10,Lk 19:1-10,Lk 19:1-10,Rites of Blessing Houses,https://saintbishoy.ca/wp-content/uploads/Rites_Blessing_Houses.pdf,https://saintbishoy.ca/service-books/,Main Gospel for house blessing.,special_service
liturgy_of_the_waters,epiphany_laqan,prophecies,old_testament,Habakkuk 3:2-19,Hab 3:2-19,Hab 3:2-19,Coptic Reader: Theophany - Liturgy of the Waters,https://copticreader.org/,sources/coptic-reader/theophany-liturgy-of-the-waters-2026-07-12/readings-09-15.jpg,Prophecy shown in the Theophany Laqan service; screenshot supplied by George on 2026-07-12.,special_service
liturgy_of_the_waters,epiphany_laqan,prophecies,old_testament,Isaiah 35:1-2,Isa 35:1-2,Isa 35:1-2,Coptic Reader: Theophany - Liturgy of the Waters,https://copticreader.org/,sources/coptic-reader/theophany-liturgy-of-the-waters-2026-07-12/readings-09-15.jpg,Prophecy shown in the Theophany Laqan service; screenshot supplied by George on 2026-07-12.,special_service
liturgy_of_the_waters,epiphany_laqan,prophecies,old_testament,Isaiah 40:1-5,Isa 40:1-5,Isa 40:1-5,Coptic Reader: Theophany - Liturgy of the Waters,https://copticreader.org/,sources/coptic-reader/theophany-liturgy-of-the-waters-2026-07-12/readings-09-15.jpg,Prophecy shown in the Theophany Laqan service; screenshot supplied by George on 2026-07-12.,special_service
liturgy_of_the_waters,epiphany_laqan,prophecies,old_testament,Isaiah 9:1-2,Isa 9:1-2,Isa 9:1-2,Coptic Reader: Theophany - Liturgy of the Waters,https://copticreader.org/,sources/coptic-reader/theophany-liturgy-of-the-waters-2026-07-12/readings-09-15.jpg,Prophecy shown in the Theophany Laqan service; screenshot supplied by George on 2026-07-12.,special_service
liturgy_of_the_waters,epiphany_laqan,prophecies,old_testament,Baruch 3:36-4:4,Bar 3:36-4:4,Bar 3:36-4:4,Coptic Reader: Theophany - Liturgy of the Waters,https://copticreader.org/,sources/coptic-reader/theophany-liturgy-of-the-waters-2026-07-12/readings-09-15.jpg,Prophecy shown in the Theophany Laqan service; screenshot supplied by George on 2026-07-12.,special_service
liturgy_of_the_waters,epiphany_laqan,prophecies,old_testament,Ezekiel 36:24-29,Ezek 36:24-29,Ezek 36:24-29,Coptic Reader: Theophany - Liturgy of the Waters,https://copticreader.org/,sources/coptic-reader/theophany-liturgy-of-the-waters-2026-07-12/readings-09-15.jpg,Prophecy shown in the Theophany Laqan service; screenshot supplied by George on 2026-07-12.,special_service
liturgy_of_the_waters,epiphany_laqan,prophecies,old_testament,Ezekiel 47:1-9,Ezek 47:1-9,Ezek 47:1-9,Coptic Reader: Theophany - Liturgy of the Waters,https://copticreader.org/,sources/coptic-reader/theophany-liturgy-of-the-waters-2026-07-12/readings-09-15.jpg,Prophecy shown in the Theophany Laqan service; screenshot supplied by George on 2026-07-12.,special_service
liturgy_of_the_waters,epiphany_laqan,main_readings,pauline,1 Corinthians 10:1-13,1Cor 10:1-13,1Cor 10:1-13,Rites of Laqan for the Feast of Theophany (Epiphany),https://saintbishoy.ca/wp-content/uploads/Rites_Laqan_Epiphany.pdf,https://saintbishoy.ca/service-books/,Main Pauline for the Epiphany Laqan / waters rite.,special_service
liturgy_of_the_waters,epiphany_laqan,main_readings,psalm,Psalm 114:3; Psalm 114:5,Ps 114:3; Psalm 114:5,Ps 114:3,Rites of Laqan for the Feast of Theophany (Epiphany),https://saintbishoy.ca/wp-content/uploads/Rites_Laqan_Epiphany.pdf,https://saintbishoy.ca/service-books/,"Printed as Psalm 114 (113):3,5.",special_service
liturgy_of_the_waters,epiphany_laqan,main_readings,psalm,Psalm 114:3; Psalm 114:5,Ps 114:3; Psalm 114:5,Ps 114:5,Rites of Laqan for the Feast of Theophany (Epiphany),https://saintbishoy.ca/wp-content/uploads/Rites_Laqan_Epiphany.pdf,https://saintbishoy.ca/service-books/,"Printed as Psalm 114 (113):3,5.",special_service
liturgy_of_the_waters,epiphany_laqan,main_readings,gospel,Matthew 3:1-17,Matt 3:1-17,Matt 3:1-17,Rites of Laqan for the Feast of Theophany (Epiphany),https://saintbishoy.ca/wp-content/uploads/Rites_Laqan_Epiphany.pdf,https://saintbishoy.ca/service-books/,Main Gospel for the Epiphany Laqan / waters rite.,special_service
liturgy_of_the_waters,apostles_feast_laqan,prophecies,old_testament,Exodus 15:22-16:1,Exod 15:22-16:1,Exod 15:22-16:1,Coptic Reader: Apostles Feast - Liturgy of the Waters,https://copticreader.org/,sources/coptic-reader/apostles-feast-liturgy-of-the-waters-2026-07-12/readings-09-15.jpg,Prophecy shown in the Apostles Feast Laqan service; screenshot supplied by George on 2026-07-12.,special_service
liturgy_of_the_waters,apostles_feast_laqan,prophecies,old_testament,Exodus 30:17-30,Exod 30:17-30,Exod 30:17-30,Coptic Reader: Apostles Feast - Liturgy of the Waters,https://copticreader.org/,sources/coptic-reader/apostles-feast-liturgy-of-the-waters-2026-07-12/readings-09-15.jpg,Prophecy shown in the Apostles Feast Laqan service; screenshot supplied by George on 2026-07-12.,special_service
liturgy_of_the_waters,apostles_feast_laqan,prophecies,old_testament,Isaiah 1:16-26,Isa 1:16-26,Isa 1:16-26,Coptic Reader: Apostles Feast - Liturgy of the Waters,https://copticreader.org/,sources/coptic-reader/apostles-feast-liturgy-of-the-waters-2026-07-12/readings-09-15.jpg,Prophecy shown in the Apostles Feast Laqan service; screenshot supplied by George on 2026-07-12.,special_service
liturgy_of_the_waters,apostles_feast_laqan,prophecies,old_testament,Isaiah 35:1-10,Isa 35:1-10,Isa 35:1-10,Coptic Reader: Apostles Feast - Liturgy of the Waters,https://copticreader.org/,sources/coptic-reader/apostles-feast-liturgy-of-the-waters-2026-07-12/readings-09-15.jpg,Prophecy shown in the Apostles Feast Laqan service; screenshot supplied by George on 2026-07-12.,special_service
liturgy_of_the_waters,apostles_feast_laqan,prophecies,old_testament,Isaiah 43:16-44:6,Isa 43:16-44:6,Isa 43:16-44:6,Coptic Reader: Apostles Feast - Liturgy of the Waters,https://copticreader.org/,sources/coptic-reader/apostles-feast-liturgy-of-the-waters-2026-07-12/readings-09-15.jpg,Prophecy shown in the Apostles Feast Laqan service; screenshot supplied by George on 2026-07-12.,special_service
liturgy_of_the_waters,apostles_feast_laqan,prophecies,old_testament,Zechariah 8:7-19,Zech 8:7-19,Zech 8:7-19,Coptic Reader: Apostles Feast - Liturgy of the Waters,https://copticreader.org/,sources/coptic-reader/apostles-feast-liturgy-of-the-waters-2026-07-12/readings-09-15.jpg,Prophecy shown in the Apostles Feast Laqan service; screenshot supplied by George on 2026-07-12.,special_service
liturgy_of_the_waters,apostles_feast_laqan,prophecies,old_testament,Zechariah 14:8-11,Zech 14:8-11,Zech 14:8-11,Coptic Reader: Apostles Feast - Liturgy of the Waters,https://copticreader.org/,sources/coptic-reader/apostles-feast-liturgy-of-the-waters-2026-07-12/readings-09-15.jpg,Prophecy shown in the Apostles Feast Laqan service; screenshot supplied by George on 2026-07-12.,special_service
liturgy_of_the_waters,apostles_feast_laqan,main_readings,pauline,Hebrews 10:22-38,Heb 10:22-38,Heb 10:22-38,Coptic Reader: Apostles Feast - Liturgy of the Waters,https://copticreader.org/,sources/coptic-reader/apostles-feast-liturgy-of-the-waters-2026-07-12/readings-21-32.jpg,Pauline reading shown in the Apostles Feast Laqan service; screenshot supplied by George on 2026-07-12.,special_service
liturgy_of_the_waters,apostles_feast_laqan,main_readings,psalm,Psalm 51:7; Psalm 51:10,Ps 51:7; Psalm 51:10,Ps 51:7,Coptic Reader: Apostles Feast - Liturgy of the Waters,https://copticreader.org/,sources/coptic-reader/apostles-feast-liturgy-of-the-waters-2026-07-12/readings-27-35.jpg,"Displayed by Coptic Reader as Psalms 51:7, 10; source numbering preserved.",special_service
liturgy_of_the_waters,apostles_feast_laqan,main_readings,psalm,Psalm 51:7; Psalm 51:10,Ps 51:7; Psalm 51:10,Ps 51:10,Coptic Reader: Apostles Feast - Liturgy of the Waters,https://copticreader.org/,sources/coptic-reader/apostles-feast-liturgy-of-the-waters-2026-07-12/readings-27-35.jpg,"Displayed by Coptic Reader as Psalms 51:7, 10; source numbering preserved.",special_service
liturgy_of_the_waters,apostles_feast_laqan,main_readings,gospel,John 5:1-18,Jn 5:1-18,Jn 5:1-18,Coptic Reader: Apostles Feast - Liturgy of the Waters,https://copticreader.org/,sources/coptic-reader/apostles-feast-liturgy-of-the-waters-2026-07-12/readings-27-35.jpg,Gospel reading shown in the Apostles Feast Laqan service; screenshot supplied by George on 2026-07-12.,special_service
church_consecration,main,part_1,pauline,Hebrews 9:1-10,Heb 9:1-10,Heb 9:1-10,"Rites of Consecration of Churches, Altars and Vessels",https://saintbishoy.ca/wp-content/uploads/Rites_Book-2_Consecration.pdf,https://saintbishoy.ca/service-books/,Main Pauline in church consecration section.,special_service
church_consecration,main,part_1,psalm,Psalm 127:1; Psalm 122:1-2,Ps 127:1; Psalm 122:1-2,Ps 127:1,"Rites of Consecration of Churches, Altars and Vessels",https://saintbishoy.ca/wp-content/uploads/Rites_Book-2_Consecration.pdf,https://saintbishoy.ca/service-books/,"Printed as Psalm (126) 127:1 and Psalm (121) 122:1,2.",special_service
church_consecration,main,part_1,psalm,Psalm 127:1; Psalm 122:1-2,Ps 127:1; Psalm 122:1-2,Ps 122:1-2,"Rites of Consecration of Churches, Altars and Vessels",https://saintbishoy.ca/wp-content/uploads/Rites_Book-2_Consecration.pdf,https://saintbishoy.ca/service-books/,"Printed as Psalm (126) 127:1 and Psalm (121) 122:1,2.",special_service
church_consecration,main,part_1,gospel,Luke 9:28-35,Lk 9:28-35,Lk 9:28-35,"Rites of Consecration of Churches, Altars and Vessels",https://saintbishoy.ca/wp-content/uploads/Rites_Book-2_Consecration.pdf,https://saintbishoy.ca/service-books/,Main Gospel in church consecration section.,special_service
altar_consecration,main,part_3,pauline,Hebrews 13:10-16,Heb 13:10-16,Heb 13:10-16,"Rites of Consecration of Churches, Altars and Vessels",https://saintbishoy.ca/wp-content/uploads/Rites_Book-2_Consecration.pdf,https://saintbishoy.ca/service-books/,Main Pauline in altar consecration section.,special_service
altar_consecration,main,part_3,psalm,Psalm 23; Psalm 24; Psalm 26; Psalm 27; Psalm 85; Psalm 93,Ps 23; Psalm 24; Psalm 26; Psalm 27; Psalm 85; Psalm 93,Ps 23,"Rites of Consecration of Churches, Altars and Vessels",https://saintbishoy.ca/wp-content/uploads/Rites_Book-2_Consecration.pdf,https://saintbishoy.ca/service-books/,The altar consecration section explicitly gives a psalm set across the two incense offerings before the Pauline and Gospel.,special_service
altar_consecration,main,part_3,psalm,Psalm 23; Psalm 24; Psalm 26; Psalm 27; Psalm 85; Psalm 93,Ps 23; Psalm 24; Psalm 26; Psalm 27; Psalm 85; Psalm 93,Ps 24,"Rites of Consecration of Churches, Altars and Vessels",https://saintbishoy.ca/wp-content/uploads/Rites_Book-2_Consecration.pdf,https://saintbishoy.ca/service-books/,The altar consecration section explicitly gives a psalm set across the two incense offerings before the Pauline and Gospel.,special_service
altar_consecration,main,part_3,psalm,Psalm 23; Psalm 24; Psalm 26; Psalm 27; Psalm 85; Psalm 93,Ps 23; Psalm 24; Psalm 26; Psalm 27; Psalm 85; Psalm 93,Ps 26,"Rites of Consecration of Churches, Altars and Vessels",https://saintbishoy.ca/wp-content/uploads/Rites_Book-2_Consecration.pdf,https://saintbishoy.ca/service-books/,The altar consecration section explicitly gives a psalm set across the two incense offerings before the Pauline and Gospel.,special_service
altar_consecration,main,part_3,psalm,Psalm 23; Psalm 24; Psalm 26; Psalm 27; Psalm 85; Psalm 93,Ps 23; Psalm 24; Psalm 26; Psalm 27; Psalm 85; Psalm 93,Ps 27,"Rites of Consecration of Churches, Altars and Vessels",https://saintbishoy.ca/wp-content/uploads/Rites_Book-2_Consecration.pdf,https://saintbishoy.ca/service-books/,The altar consecration section explicitly gives a psalm set across the two incense offerings before the Pauline and Gospel.,special_service
altar_consecration,main,part_3,psalm,Psalm 23; Psalm 24; Psalm 26; Psalm 27; Psalm 85; Psalm 93,Ps 23; Psalm 24; Psalm 26; Psalm 27; Psalm 85; Psalm 93,Ps 85,"Rites of Consecration of Churches, Altars and Vessels",https://saintbishoy.ca/wp-content/uploads/Rites_Book-2_Consecration.pdf,https://saintbishoy.ca/service-books/,The altar consecration section explicitly gives a psalm set across the two incense offerings before the Pauline and Gospel.,special_service
altar_consecration,main,part_3,psalm,Psalm 23; Psalm 24; Psalm 26; Psalm 27; Psalm 85; Psalm 93,Ps 23; Psalm 24; Psalm 26; Psalm 27; Psalm 85; Psalm 93,Ps 93,"Rites of Consecration of Churches, Altars and Vessels",https://saintbishoy.ca/wp-content/uploads/Rites_Book-2_Consecration.pdf,https://saintbishoy.ca/service-books/,The altar consecration section explicitly gives a psalm set across the two incense offerings before the Pauline and Gospel.,special_service
altar_consecration,main,part_3,gospel,Luke 19:1-10,Lk 19:1-10,Lk 19:1-10,"Rites of Consecration of Churches, Altars and Vessels",https://saintbishoy.ca/wp-content/uploads/Rites_Book-2_Consecration.pdf,https://saintbishoy.ca/service-books/,Main Gospel in altar consecration section.,special_service
