collection_key,sequence,coptic_month,coptic_day,coptic_day_key,calendar_key,toc_label,reading_section_start_page,source_key,source_title,source_edition,source_url,source_locator,membership_status,membership_verdict,membership_basis,verification_status
foundational-01-tut-01,1,Tut,1,Tut 1,Tut 1,1 Tut,37,st_mary_ottawa_days,"St. Mary Ottawa / UKMID, Katameros of the Days, Readings for Week Days and Feasts","first edition, Christmas 1714 A.M., 1998 A.D.",https://ukmidcopts.org/pdf/Katameros_Days.pdf,"TOC dated reading section, PDF pages 23 to 26; section begins on printed page 37",confirmed_same_practical_second_volume_collection,CONFIRMED_SAME_SET,"Inferred from source identity, volume two placement, annual mapping function, commemoration categories, and count. The consulted Youssef page gives the concept, count, Arabic name, Synaxarium function, and second-volume placement, not the date-by-date roster.",read_from_ottawa_toc_inferred_same_set_from_step1_audit
foundational-02-tut-02,2,Tut,2,Tut 2,Tut 2,2 Tut,47,st_mary_ottawa_days,"St. Mary Ottawa / UKMID, Katameros of the Days, Readings for Week Days and Feasts","first edition, Christmas 1714 A.M., 1998 A.D.",https://ukmidcopts.org/pdf/Katameros_Days.pdf,"TOC dated reading section, PDF pages 23 to 26; section begins on printed page 47",confirmed_same_practical_second_volume_collection,CONFIRMED_SAME_SET,"Inferred from source identity, volume two placement, annual mapping function, commemoration categories, and count. The consulted Youssef page gives the concept, count, Arabic name, Synaxarium function, and second-volume placement, not the date-by-date roster.",read_from_ottawa_toc_inferred_same_set_from_step1_audit
foundational-03-tut-08,3,Tut,8,Tut 8,Tut 8,8 Tut,55,st_mary_ottawa_days,"St. Mary Ottawa / UKMID, Katameros of the Days, Readings for Week Days and Feasts","first edition, Christmas 1714 A.M., 1998 A.D.",https://ukmidcopts.org/pdf/Katameros_Days.pdf,"TOC dated reading section, PDF pages 23 to 26; section begins on printed page 55",confirmed_same_practical_second_volume_collection,CONFIRMED_SAME_SET,"Inferred from source identity, volume two placement, annual mapping function, commemoration categories, and count. The consulted Youssef page gives the concept, count, Arabic name, Synaxarium function, and second-volume placement, not the date-by-date roster.",read_from_ottawa_toc_inferred_same_set_from_step1_audit
foundational-04-tut-16,4,Tut,16,Tut 16,Tut 16,16 Tut,64,st_mary_ottawa_days,"St. Mary Ottawa / UKMID, Katameros of the Days, Readings for Week Days and Feasts","first edition, Christmas 1714 A.M., 1998 A.D.",https://ukmidcopts.org/pdf/Katameros_Days.pdf,"TOC dated reading section, PDF pages 23 to 26; section begins on printed page 64",confirmed_same_practical_second_volume_collection,CONFIRMED_SAME_SET,"Inferred from source identity, volume two placement, annual mapping function, commemoration categories, and count. The consulted Youssef page gives the concept, count, Arabic name, Synaxarium function, and second-volume placement, not the date-by-date roster.",read_from_ottawa_toc_inferred_same_set_from_step1_audit
foundational-05-tut-17,5,Tut,17,Tut 17,Tut 17,17 Tut,72,st_mary_ottawa_days,"St. Mary Ottawa / UKMID, Katameros of the Days, Readings for Week Days and Feasts","first edition, Christmas 1714 A.M., 1998 A.D.",https://ukmidcopts.org/pdf/Katameros_Days.pdf,"TOC dated reading section, PDF pages 23 to 26; section begins on printed page 72",confirmed_same_practical_second_volume_collection,CONFIRMED_SAME_SET,"Inferred from source identity, volume two placement, annual mapping function, commemoration categories, and count. The consulted Youssef page gives the concept, count, Arabic name, Synaxarium function, and second-volume placement, not the date-by-date roster.",read_from_ottawa_toc_inferred_same_set_from_step1_audit
foundational-06-tut-18,6,Tut,18,Tut 18,Tut 18,18 Tut,81,st_mary_ottawa_days,"St. Mary Ottawa / UKMID, Katameros of the Days, Readings for Week Days and Feasts","first edition, Christmas 1714 A.M., 1998 A.D.",https://ukmidcopts.org/pdf/Katameros_Days.pdf,"TOC dated reading section, PDF pages 23 to 26; section begins on printed page 81",confirmed_same_practical_second_volume_collection,CONFIRMED_SAME_SET,"Inferred from source identity, volume two placement, annual mapping function, commemoration categories, and count. The consulted Youssef page gives the concept, count, Arabic name, Synaxarium function, and second-volume placement, not the date-by-date roster.",read_from_ottawa_toc_inferred_same_set_from_step1_audit
foundational-07-tut-19,7,Tut,19,Tut 19,Tut 19,19 Tut,88,st_mary_ottawa_days,"St. Mary Ottawa / UKMID, Katameros of the Days, Readings for Week Days and Feasts","first edition, Christmas 1714 A.M., 1998 A.D.",https://ukmidcopts.org/pdf/Katameros_Days.pdf,"TOC dated reading section, PDF pages 23 to 26; section begins on printed page 88",confirmed_same_practical_second_volume_collection,CONFIRMED_SAME_SET,"Inferred from source identity, volume two placement, annual mapping function, commemoration categories, and count. The consulted Youssef page gives the concept, count, Arabic name, Synaxarium function, and second-volume placement, not the date-by-date roster.",read_from_ottawa_toc_inferred_same_set_from_step1_audit
foundational-08-tut-21,8,Tut,21,Tut 21,Tut 21,21 Tut,96,st_mary_ottawa_days,"St. Mary Ottawa / UKMID, Katameros of the Days, Readings for Week Days and Feasts","first edition, Christmas 1714 A.M., 1998 A.D.",https://ukmidcopts.org/pdf/Katameros_Days.pdf,"TOC dated reading section, PDF pages 23 to 26; section begins on printed page 96",confirmed_same_practical_second_volume_collection,CONFIRMED_SAME_SET,"Inferred from source identity, volume two placement, annual mapping function, commemoration categories, and count. The consulted Youssef page gives the concept, count, Arabic name, Synaxarium function, and second-volume placement, not the date-by-date roster.",read_from_ottawa_toc_inferred_same_set_from_step1_audit
foundational-09-tut-26,9,Tut,26,Tut 26,Tut 26,26 Tut,102,st_mary_ottawa_days,"St. Mary Ottawa / UKMID, Katameros of the Days, Readings for Week Days and Feasts","first edition, Christmas 1714 A.M., 1998 A.D.",https://ukmidcopts.org/pdf/Katameros_Days.pdf,"TOC dated reading section, PDF pages 23 to 26; section begins on printed page 102",confirmed_same_practical_second_volume_collection,CONFIRMED_SAME_SET,"Inferred from source identity, volume two placement, annual mapping function, commemoration categories, and count. The consulted Youssef page gives the concept, count, Arabic name, Synaxarium function, and second-volume placement, not the date-by-date roster.",read_from_ottawa_toc_inferred_same_set_from_step1_audit
foundational-10-babah-12,10,Babah,12,Babah 12,Babah 12,12 Babah,111,st_mary_ottawa_days,"St. Mary Ottawa / UKMID, Katameros of the Days, Readings for Week Days and Feasts","first edition, Christmas 1714 A.M., 1998 A.D.",https://ukmidcopts.org/pdf/Katameros_Days.pdf,"TOC dated reading section, PDF pages 23 to 26; section begins on printed page 111",confirmed_same_practical_second_volume_collection,CONFIRMED_SAME_SET,"Inferred from source identity, volume two placement, annual mapping function, commemoration categories, and count. The consulted Youssef page gives the concept, count, Arabic name, Synaxarium function, and second-volume placement, not the date-by-date roster.",read_from_ottawa_toc_inferred_same_set_from_step1_audit
foundational-11-babah-14,11,Babah,14,Babah 14,Babah 14,14 Babah,118,st_mary_ottawa_days,"St. Mary Ottawa / UKMID, Katameros of the Days, Readings for Week Days and Feasts","first edition, Christmas 1714 A.M., 1998 A.D.",https://ukmidcopts.org/pdf/Katameros_Days.pdf,"TOC dated reading section, PDF pages 23 to 26; section begins on printed page 118",confirmed_same_practical_second_volume_collection,CONFIRMED_SAME_SET,"Inferred from source identity, volume two placement, annual mapping function, commemoration categories, and count. The consulted Youssef page gives the concept, count, Arabic name, Synaxarium function, and second-volume placement, not the date-by-date roster.",read_from_ottawa_toc_inferred_same_set_from_step1_audit
foundational-12-babah-22,12,Babah,22,Babah 22,Babah 22,22 Babah,127,st_mary_ottawa_days,"St. Mary Ottawa / UKMID, Katameros of the Days, Readings for Week Days and Feasts","first edition, Christmas 1714 A.M., 1998 A.D.",https://ukmidcopts.org/pdf/Katameros_Days.pdf,"TOC dated reading section, PDF pages 23 to 26; section begins on printed page 127",confirmed_same_practical_second_volume_collection,CONFIRMED_SAME_SET,"Inferred from source identity, volume two placement, annual mapping function, commemoration categories, and count. The consulted Youssef page gives the concept, count, Arabic name, Synaxarium function, and second-volume placement, not the date-by-date roster.",read_from_ottawa_toc_inferred_same_set_from_step1_audit
foundational-13-babah-27,13,Babah,27,Babah 27,Babah 27,27 Babah,135,st_mary_ottawa_days,"St. Mary Ottawa / UKMID, Katameros of the Days, Readings for Week Days and Feasts","first edition, Christmas 1714 A.M., 1998 A.D.",https://ukmidcopts.org/pdf/Katameros_Days.pdf,"TOC dated reading section, PDF pages 23 to 26; section begins on printed page 135",confirmed_same_practical_second_volume_collection,CONFIRMED_SAME_SET,"Inferred from source identity, volume two placement, annual mapping function, commemoration categories, and count. The consulted Youssef page gives the concept, count, Arabic name, Synaxarium function, and second-volume placement, not the date-by-date roster.",read_from_ottawa_toc_inferred_same_set_from_step1_audit
foundational-14-hatur-08,14,Hatur,8,Hatur 8,Hatur 8,8 Hatur,143,st_mary_ottawa_days,"St. Mary Ottawa / UKMID, Katameros of the Days, Readings for Week Days and Feasts","first edition, Christmas 1714 A.M., 1998 A.D.",https://ukmidcopts.org/pdf/Katameros_Days.pdf,"TOC dated reading section, PDF pages 23 to 26; section begins on printed page 143",confirmed_same_practical_second_volume_collection,CONFIRMED_SAME_SET,"Inferred from source identity, volume two placement, annual mapping function, commemoration categories, and count. The consulted Youssef page gives the concept, count, Arabic name, Synaxarium function, and second-volume placement, not the date-by-date roster.",read_from_ottawa_toc_inferred_same_set_from_step1_audit
foundational-15-hatur-09,15,Hatur,9,Hatur 9,Hatur 9,9 Hatur,151,st_mary_ottawa_days,"St. Mary Ottawa / UKMID, Katameros of the Days, Readings for Week Days and Feasts","first edition, Christmas 1714 A.M., 1998 A.D.",https://ukmidcopts.org/pdf/Katameros_Days.pdf,"TOC dated reading section, PDF pages 23 to 26; section begins on printed page 151",confirmed_same_practical_second_volume_collection,CONFIRMED_SAME_SET,"Inferred from source identity, volume two placement, annual mapping function, commemoration categories, and count. The consulted Youssef page gives the concept, count, Arabic name, Synaxarium function, and second-volume placement, not the date-by-date roster.",read_from_ottawa_toc_inferred_same_set_from_step1_audit
foundational-16-hatur-12,16,Hatur,12,Hatur 12,Hatur 12,12 Hatur,159,st_mary_ottawa_days,"St. Mary Ottawa / UKMID, Katameros of the Days, Readings for Week Days and Feasts","first edition, Christmas 1714 A.M., 1998 A.D.",https://ukmidcopts.org/pdf/Katameros_Days.pdf,"TOC dated reading section, PDF pages 23 to 26; section begins on printed page 159",confirmed_same_practical_second_volume_collection,CONFIRMED_SAME_SET,"Inferred from source identity, volume two placement, annual mapping function, commemoration categories, and count. The consulted Youssef page gives the concept, count, Arabic name, Synaxarium function, and second-volume placement, not the date-by-date roster.",read_from_ottawa_toc_inferred_same_set_from_step1_audit
foundational-17-hatur-15,17,Hatur,15,Hatur 15,Hatur 15,15 Hatur,169,st_mary_ottawa_days,"St. Mary Ottawa / UKMID, Katameros of the Days, Readings for Week Days and Feasts","first edition, Christmas 1714 A.M., 1998 A.D.",https://ukmidcopts.org/pdf/Katameros_Days.pdf,"TOC dated reading section, PDF pages 23 to 26; section begins on printed page 169",confirmed_same_practical_second_volume_collection,CONFIRMED_SAME_SET,"Inferred from source identity, volume two placement, annual mapping function, commemoration categories, and count. The consulted Youssef page gives the concept, count, Arabic name, Synaxarium function, and second-volume placement, not the date-by-date roster.",read_from_ottawa_toc_inferred_same_set_from_step1_audit
foundational-18-hatur-17,18,Hatur,17,Hatur 17,Hatur 17,17 Hatur,177,st_mary_ottawa_days,"St. Mary Ottawa / UKMID, Katameros of the Days, Readings for Week Days and Feasts","first edition, Christmas 1714 A.M., 1998 A.D.",https://ukmidcopts.org/pdf/Katameros_Days.pdf,"TOC dated reading section, PDF pages 23 to 26; section begins on printed page 177",confirmed_same_practical_second_volume_collection,CONFIRMED_SAME_SET,"Inferred from source identity, volume two placement, annual mapping function, commemoration categories, and count. The consulted Youssef page gives the concept, count, Arabic name, Synaxarium function, and second-volume placement, not the date-by-date roster.",read_from_ottawa_toc_inferred_same_set_from_step1_audit
foundational-19-hatur-22,19,Hatur,22,Hatur 22,Hatur 22,22 Hatur,187,st_mary_ottawa_days,"St. Mary Ottawa / UKMID, Katameros of the Days, Readings for Week Days and Feasts","first edition, Christmas 1714 A.M., 1998 A.D.",https://ukmidcopts.org/pdf/Katameros_Days.pdf,"TOC dated reading section, PDF pages 23 to 26; section begins on printed page 187",confirmed_same_practical_second_volume_collection,CONFIRMED_SAME_SET,"Inferred from source identity, volume two placement, annual mapping function, commemoration categories, and count. The consulted Youssef page gives the concept, count, Arabic name, Synaxarium function, and second-volume placement, not the date-by-date roster.",read_from_ottawa_toc_inferred_same_set_from_step1_audit
foundational-20-hatur-24,20,Hatur,24,Hatur 24,Hatur 24,24 Hatur,194,st_mary_ottawa_days,"St. Mary Ottawa / UKMID, Katameros of the Days, Readings for Week Days and Feasts","first edition, Christmas 1714 A.M., 1998 A.D.",https://ukmidcopts.org/pdf/Katameros_Days.pdf,"TOC dated reading section, PDF pages 23 to 26; section begins on printed page 194",confirmed_same_practical_second_volume_collection,CONFIRMED_SAME_SET,"Inferred from source identity, volume two placement, annual mapping function, commemoration categories, and count. The consulted Youssef page gives the concept, count, Arabic name, Synaxarium function, and second-volume placement, not the date-by-date roster.",read_from_ottawa_toc_inferred_same_set_from_step1_audit
foundational-21-hatur-25,21,Hatur,25,Hatur 25,Hatur 25,25 Hatur,202,st_mary_ottawa_days,"St. Mary Ottawa / UKMID, Katameros of the Days, Readings for Week Days and Feasts","first edition, Christmas 1714 A.M., 1998 A.D.",https://ukmidcopts.org/pdf/Katameros_Days.pdf,"TOC dated reading section, PDF pages 23 to 26; section begins on printed page 202",confirmed_same_practical_second_volume_collection,CONFIRMED_SAME_SET,"Inferred from source identity, volume two placement, annual mapping function, commemoration categories, and count. The consulted Youssef page gives the concept, count, Arabic name, Synaxarium function, and second-volume placement, not the date-by-date roster.",read_from_ottawa_toc_inferred_same_set_from_step1_audit
foundational-22-hatur-27,22,Hatur,27,Hatur 27,Hatur 27,27 Hatur,211,st_mary_ottawa_days,"St. Mary Ottawa / UKMID, Katameros of the Days, Readings for Week Days and Feasts","first edition, Christmas 1714 A.M., 1998 A.D.",https://ukmidcopts.org/pdf/Katameros_Days.pdf,"TOC dated reading section, PDF pages 23 to 26; section begins on printed page 211",confirmed_same_practical_second_volume_collection,CONFIRMED_SAME_SET,"Inferred from source identity, volume two placement, annual mapping function, commemoration categories, and count. The consulted Youssef page gives the concept, count, Arabic name, Synaxarium function, and second-volume placement, not the date-by-date roster.",read_from_ottawa_toc_inferred_same_set_from_step1_audit
foundational-23-hatur-28,23,Hatur,28,Hatur 28,Hatur 28,28 Hatur,218,st_mary_ottawa_days,"St. Mary Ottawa / UKMID, Katameros of the Days, Readings for Week Days and Feasts","first edition, Christmas 1714 A.M., 1998 A.D.",https://ukmidcopts.org/pdf/Katameros_Days.pdf,"TOC dated reading section, PDF pages 23 to 26; section begins on printed page 218",confirmed_same_practical_second_volume_collection,CONFIRMED_SAME_SET,"Inferred from source identity, volume two placement, annual mapping function, commemoration categories, and count. The consulted Youssef page gives the concept, count, Arabic name, Synaxarium function, and second-volume placement, not the date-by-date roster.",read_from_ottawa_toc_inferred_same_set_from_step1_audit
foundational-24-hatur-29,24,Hatur,29,Hatur 29,Hatur 29,29 Hatur,227,st_mary_ottawa_days,"St. Mary Ottawa / UKMID, Katameros of the Days, Readings for Week Days and Feasts","first edition, Christmas 1714 A.M., 1998 A.D.",https://ukmidcopts.org/pdf/Katameros_Days.pdf,"TOC dated reading section, PDF pages 23 to 26; section begins on printed page 227",confirmed_same_practical_second_volume_collection,CONFIRMED_SAME_SET,"Inferred from source identity, volume two placement, annual mapping function, commemoration categories, and count. The consulted Youssef page gives the concept, count, Arabic name, Synaxarium function, and second-volume placement, not the date-by-date roster.",read_from_ottawa_toc_inferred_same_set_from_step1_audit
foundational-25-kiyahk-22,25,Kiyahk,22,Kiyahk 22,Kiyahk 22,22 Kiyahk,236,st_mary_ottawa_days,"St. Mary Ottawa / UKMID, Katameros of the Days, Readings for Week Days and Feasts","first edition, Christmas 1714 A.M., 1998 A.D.",https://ukmidcopts.org/pdf/Katameros_Days.pdf,"TOC dated reading section, PDF pages 23 to 26; section begins on printed page 236",confirmed_same_practical_second_volume_collection,CONFIRMED_SAME_SET,"Inferred from source identity, volume two placement, annual mapping function, commemoration categories, and count. The consulted Youssef page gives the concept, count, Arabic name, Synaxarium function, and second-volume placement, not the date-by-date roster.",read_from_ottawa_toc_inferred_same_set_from_step1_audit
foundational-26-kiyahk-28,26,Kiyahk,28,Kiyahk 28,Kiyahk 28,28 Kiyahk,245,st_mary_ottawa_days,"St. Mary Ottawa / UKMID, Katameros of the Days, Readings for Week Days and Feasts","first edition, Christmas 1714 A.M., 1998 A.D.",https://ukmidcopts.org/pdf/Katameros_Days.pdf,"TOC dated reading section, PDF pages 23 to 26; section begins on printed page 245",confirmed_same_practical_second_volume_collection,CONFIRMED_SAME_SET,"Inferred from source identity, volume two placement, annual mapping function, commemoration categories, and count. The consulted Youssef page gives the concept, count, Arabic name, Synaxarium function, and second-volume placement, not the date-by-date roster.",read_from_ottawa_toc_inferred_same_set_from_step1_audit
foundational-27-kiyahk-29,27,Kiyahk,29,Kiyahk 29,Kiyahk 29,29 Kiyahk,255,st_mary_ottawa_days,"St. Mary Ottawa / UKMID, Katameros of the Days, Readings for Week Days and Feasts","first edition, Christmas 1714 A.M., 1998 A.D.",https://ukmidcopts.org/pdf/Katameros_Days.pdf,"TOC dated reading section, PDF pages 23 to 26; section begins on printed page 255",confirmed_same_practical_second_volume_collection,CONFIRMED_SAME_SET,"Inferred from source identity, volume two placement, annual mapping function, commemoration categories, and count. The consulted Youssef page gives the concept, count, Arabic name, Synaxarium function, and second-volume placement, not the date-by-date roster.",read_from_ottawa_toc_inferred_same_set_from_step1_audit
foundational-28-kiyahk-30,28,Kiyahk,30,Kiyahk 30,Kiyahk 30,30 Kiyahk,263,st_mary_ottawa_days,"St. Mary Ottawa / UKMID, Katameros of the Days, Readings for Week Days and Feasts","first edition, Christmas 1714 A.M., 1998 A.D.",https://ukmidcopts.org/pdf/Katameros_Days.pdf,"TOC dated reading section, PDF pages 23 to 26; section begins on printed page 263",confirmed_same_practical_second_volume_collection,CONFIRMED_SAME_SET,"Inferred from source identity, volume two placement, annual mapping function, commemoration categories, and count. The consulted Youssef page gives the concept, count, Arabic name, Synaxarium function, and second-volume placement, not the date-by-date roster.",read_from_ottawa_toc_inferred_same_set_from_step1_audit
foundational-29-tubah-01,29,Tubah,1,Tubah 1,Tubah 1,1 Tubah,270,st_mary_ottawa_days,"St. Mary Ottawa / UKMID, Katameros of the Days, Readings for Week Days and Feasts","first edition, Christmas 1714 A.M., 1998 A.D.",https://ukmidcopts.org/pdf/Katameros_Days.pdf,"TOC dated reading section, PDF pages 23 to 26; section begins on printed page 270",confirmed_same_practical_second_volume_collection,CONFIRMED_SAME_SET,"Inferred from source identity, volume two placement, annual mapping function, commemoration categories, and count. The consulted Youssef page gives the concept, count, Arabic name, Synaxarium function, and second-volume placement, not the date-by-date roster.",read_from_ottawa_toc_inferred_same_set_from_step1_audit
foundational-30-tubah-03,30,Tubah,3,Tubah 3,Tubah 3,3 Tubah,280,st_mary_ottawa_days,"St. Mary Ottawa / UKMID, Katameros of the Days, Readings for Week Days and Feasts","first edition, Christmas 1714 A.M., 1998 A.D.",https://ukmidcopts.org/pdf/Katameros_Days.pdf,"TOC dated reading section, PDF pages 23 to 26; section begins on printed page 280",confirmed_same_practical_second_volume_collection,CONFIRMED_SAME_SET,"Inferred from source identity, volume two placement, annual mapping function, commemoration categories, and count. The consulted Youssef page gives the concept, count, Arabic name, Synaxarium function, and second-volume placement, not the date-by-date roster.",read_from_ottawa_toc_inferred_same_set_from_step1_audit
foundational-31-tubah-04,31,Tubah,4,Tubah 4,Tubah 4,4 Tubah,288,st_mary_ottawa_days,"St. Mary Ottawa / UKMID, Katameros of the Days, Readings for Week Days and Feasts","first edition, Christmas 1714 A.M., 1998 A.D.",https://ukmidcopts.org/pdf/Katameros_Days.pdf,"TOC dated reading section, PDF pages 23 to 26; section begins on printed page 288",confirmed_same_practical_second_volume_collection,CONFIRMED_SAME_SET,"Inferred from source identity, volume two placement, annual mapping function, commemoration categories, and count. The consulted Youssef page gives the concept, count, Arabic name, Synaxarium function, and second-volume placement, not the date-by-date roster.",read_from_ottawa_toc_inferred_same_set_from_step1_audit
foundational-32-tubah-06,32,Tubah,6,Tubah 6,Tubah 6,6 Tubah,297,st_mary_ottawa_days,"St. Mary Ottawa / UKMID, Katameros of the Days, Readings for Week Days and Feasts","first edition, Christmas 1714 A.M., 1998 A.D.",https://ukmidcopts.org/pdf/Katameros_Days.pdf,"TOC dated reading section, PDF pages 23 to 26; section begins on printed page 297",confirmed_same_practical_second_volume_collection,CONFIRMED_SAME_SET,"Inferred from source identity, volume two placement, annual mapping function, commemoration categories, and count. The consulted Youssef page gives the concept, count, Arabic name, Synaxarium function, and second-volume placement, not the date-by-date roster.",read_from_ottawa_toc_inferred_same_set_from_step1_audit
foundational-33-tubah-10,33,Tubah,10,Tubah 10,Tubah 10,10 Tubah,305,st_mary_ottawa_days,"St. Mary Ottawa / UKMID, Katameros of the Days, Readings for Week Days and Feasts","first edition, Christmas 1714 A.M., 1998 A.D.",https://ukmidcopts.org/pdf/Katameros_Days.pdf,"TOC dated reading section, PDF pages 23 to 26; section begins on printed page 305",confirmed_same_practical_second_volume_collection,CONFIRMED_SAME_SET,"Inferred from source identity, volume two placement, annual mapping function, commemoration categories, and count. The consulted Youssef page gives the concept, count, Arabic name, Synaxarium function, and second-volume placement, not the date-by-date roster.",read_from_ottawa_toc_inferred_same_set_from_step1_audit
foundational-34-tubah-11,34,Tubah,11,Tubah 11,Tubah 11,11 Tubah,313,st_mary_ottawa_days,"St. Mary Ottawa / UKMID, Katameros of the Days, Readings for Week Days and Feasts","first edition, Christmas 1714 A.M., 1998 A.D.",https://ukmidcopts.org/pdf/Katameros_Days.pdf,"TOC dated reading section, PDF pages 23 to 26; section begins on printed page 313",confirmed_same_practical_second_volume_collection,CONFIRMED_SAME_SET,"Inferred from source identity, volume two placement, annual mapping function, commemoration categories, and count. The consulted Youssef page gives the concept, count, Arabic name, Synaxarium function, and second-volume placement, not the date-by-date roster.",read_from_ottawa_toc_inferred_same_set_from_step1_audit
foundational-35-tubah-12,35,Tubah,12,Tubah 12,Tubah 12,12 Tubah,322,st_mary_ottawa_days,"St. Mary Ottawa / UKMID, Katameros of the Days, Readings for Week Days and Feasts","first edition, Christmas 1714 A.M., 1998 A.D.",https://ukmidcopts.org/pdf/Katameros_Days.pdf,"TOC dated reading section, PDF pages 23 to 26; section begins on printed page 322",confirmed_same_practical_second_volume_collection,CONFIRMED_SAME_SET,"Inferred from source identity, volume two placement, annual mapping function, commemoration categories, and count. The consulted Youssef page gives the concept, count, Arabic name, Synaxarium function, and second-volume placement, not the date-by-date roster.",read_from_ottawa_toc_inferred_same_set_from_step1_audit
foundational-36-tubah-13,36,Tubah,13,Tubah 13,Tubah 13,13 Tubah,330,st_mary_ottawa_days,"St. Mary Ottawa / UKMID, Katameros of the Days, Readings for Week Days and Feasts","first edition, Christmas 1714 A.M., 1998 A.D.",https://ukmidcopts.org/pdf/Katameros_Days.pdf,"TOC dated reading section, PDF pages 23 to 26; section begins on printed page 330",confirmed_same_practical_second_volume_collection,CONFIRMED_SAME_SET,"Inferred from source identity, volume two placement, annual mapping function, commemoration categories, and count. The consulted Youssef page gives the concept, count, Arabic name, Synaxarium function, and second-volume placement, not the date-by-date roster.",read_from_ottawa_toc_inferred_same_set_from_step1_audit
foundational-37-tubah-22,37,Tubah,22,Tubah 22,Tubah 22,22 Tubah,338,st_mary_ottawa_days,"St. Mary Ottawa / UKMID, Katameros of the Days, Readings for Week Days and Feasts","first edition, Christmas 1714 A.M., 1998 A.D.",https://ukmidcopts.org/pdf/Katameros_Days.pdf,"TOC dated reading section, PDF pages 23 to 26; section begins on printed page 338",confirmed_same_practical_second_volume_collection,CONFIRMED_SAME_SET,"Inferred from source identity, volume two placement, annual mapping function, commemoration categories, and count. The consulted Youssef page gives the concept, count, Arabic name, Synaxarium function, and second-volume placement, not the date-by-date roster.",read_from_ottawa_toc_inferred_same_set_from_step1_audit
foundational-38-tubah-26,38,Tubah,26,Tubah 26,Tubah 26,26 Tubah,346,st_mary_ottawa_days,"St. Mary Ottawa / UKMID, Katameros of the Days, Readings for Week Days and Feasts","first edition, Christmas 1714 A.M., 1998 A.D.",https://ukmidcopts.org/pdf/Katameros_Days.pdf,"TOC dated reading section, PDF pages 23 to 26; section begins on printed page 346",confirmed_same_practical_second_volume_collection,CONFIRMED_SAME_SET,"Inferred from source identity, volume two placement, annual mapping function, commemoration categories, and count. The consulted Youssef page gives the concept, count, Arabic name, Synaxarium function, and second-volume placement, not the date-by-date roster.",read_from_ottawa_toc_inferred_same_set_from_step1_audit
foundational-39-tubah-30,39,Tubah,30,Tubah 30,Tubah 30,30 Tubah,354,st_mary_ottawa_days,"St. Mary Ottawa / UKMID, Katameros of the Days, Readings for Week Days and Feasts","first edition, Christmas 1714 A.M., 1998 A.D.",https://ukmidcopts.org/pdf/Katameros_Days.pdf,"TOC dated reading section, PDF pages 23 to 26; section begins on printed page 354",confirmed_same_practical_second_volume_collection,CONFIRMED_SAME_SET,"Inferred from source identity, volume two placement, annual mapping function, commemoration categories, and count. The consulted Youssef page gives the concept, count, Arabic name, Synaxarium function, and second-volume placement, not the date-by-date roster.",read_from_ottawa_toc_inferred_same_set_from_step1_audit
foundational-40-amshir-02,40,Amshir,2,Amshir 2,Amshir 2,2 Amshir,361,st_mary_ottawa_days,"St. Mary Ottawa / UKMID, Katameros of the Days, Readings for Week Days and Feasts","first edition, Christmas 1714 A.M., 1998 A.D.",https://ukmidcopts.org/pdf/Katameros_Days.pdf,"TOC dated reading section, PDF pages 23 to 26; section begins on printed page 361",confirmed_same_practical_second_volume_collection,CONFIRMED_SAME_SET,"Inferred from source identity, volume two placement, annual mapping function, commemoration categories, and count. The consulted Youssef page gives the concept, count, Arabic name, Synaxarium function, and second-volume placement, not the date-by-date roster.",read_from_ottawa_toc_inferred_same_set_from_step1_audit
foundational-41-baramhat-13,41,Baramhat,13,Baramhat 13,Baramhat 13,13 Baramhat,370,st_mary_ottawa_days,"St. Mary Ottawa / UKMID, Katameros of the Days, Readings for Week Days and Feasts","first edition, Christmas 1714 A.M., 1998 A.D.",https://ukmidcopts.org/pdf/Katameros_Days.pdf,"TOC dated reading section, PDF pages 23 to 26; section begins on printed page 370",confirmed_same_practical_second_volume_collection,CONFIRMED_SAME_SET,"Inferred from source identity, volume two placement, annual mapping function, commemoration categories, and count. The consulted Youssef page gives the concept, count, Arabic name, Synaxarium function, and second-volume placement, not the date-by-date roster.",read_from_ottawa_toc_inferred_same_set_from_step1_audit
foundational-42-baramhat-29,42,Baramhat,29,Baramhat 29,Baramhat 29,29 Baramhat,379,st_mary_ottawa_days,"St. Mary Ottawa / UKMID, Katameros of the Days, Readings for Week Days and Feasts","first edition, Christmas 1714 A.M., 1998 A.D.",https://ukmidcopts.org/pdf/Katameros_Days.pdf,"TOC dated reading section, PDF pages 23 to 26; section begins on printed page 379",confirmed_same_practical_second_volume_collection,CONFIRMED_SAME_SET,"Inferred from source identity, volume two placement, annual mapping function, commemoration categories, and count. The consulted Youssef page gives the concept, count, Arabic name, Synaxarium function, and second-volume placement, not the date-by-date roster.",read_from_ottawa_toc_inferred_same_set_from_step1_audit
foundational-43-baramoudah-23,43,Baramoudah,23,Baramoudah 23,Baramoudah 23,23 Baramoudah,388,st_mary_ottawa_days,"St. Mary Ottawa / UKMID, Katameros of the Days, Readings for Week Days and Feasts","first edition, Christmas 1714 A.M., 1998 A.D.",https://ukmidcopts.org/pdf/Katameros_Days.pdf,"TOC dated reading section, PDF pages 23 to 26; section begins on printed page 388",confirmed_same_practical_second_volume_collection,CONFIRMED_SAME_SET,"Inferred from source identity, volume two placement, annual mapping function, commemoration categories, and count. The consulted Youssef page gives the concept, count, Arabic name, Synaxarium function, and second-volume placement, not the date-by-date roster.",read_from_ottawa_toc_inferred_same_set_from_step1_audit
foundational-44-baramoudah-27,44,Baramoudah,27,Baramoudah 27,Baramoudah 27,27 Baramoudah,396,st_mary_ottawa_days,"St. Mary Ottawa / UKMID, Katameros of the Days, Readings for Week Days and Feasts","first edition, Christmas 1714 A.M., 1998 A.D.",https://ukmidcopts.org/pdf/Katameros_Days.pdf,"TOC dated reading section, PDF pages 23 to 26; section begins on printed page 396",confirmed_same_practical_second_volume_collection,CONFIRMED_SAME_SET,"Inferred from source identity, volume two placement, annual mapping function, commemoration categories, and count. The consulted Youssef page gives the concept, count, Arabic name, Synaxarium function, and second-volume placement, not the date-by-date roster.",read_from_ottawa_toc_inferred_same_set_from_step1_audit
foundational-45-baramoudah-30,45,Baramoudah,30,Baramoudah 30,Baramoudah 30,30 Baramoudah,404,st_mary_ottawa_days,"St. Mary Ottawa / UKMID, Katameros of the Days, Readings for Week Days and Feasts","first edition, Christmas 1714 A.M., 1998 A.D.",https://ukmidcopts.org/pdf/Katameros_Days.pdf,"TOC dated reading section, PDF pages 23 to 26; section begins on printed page 404",confirmed_same_practical_second_volume_collection,CONFIRMED_SAME_SET,"Inferred from source identity, volume two placement, annual mapping function, commemoration categories, and count. The consulted Youssef page gives the concept, count, Arabic name, Synaxarium function, and second-volume placement, not the date-by-date roster.",read_from_ottawa_toc_inferred_same_set_from_step1_audit
foundational-46-bashans-01,46,Bashans,1,Bashans 1,Bashans 1,1 Bashans,413,st_mary_ottawa_days,"St. Mary Ottawa / UKMID, Katameros of the Days, Readings for Week Days and Feasts","first edition, Christmas 1714 A.M., 1998 A.D.",https://ukmidcopts.org/pdf/Katameros_Days.pdf,"TOC dated reading section, PDF pages 23 to 26; section begins on printed page 413",confirmed_same_practical_second_volume_collection,CONFIRMED_SAME_SET,"Inferred from source identity, volume two placement, annual mapping function, commemoration categories, and count. The consulted Youssef page gives the concept, count, Arabic name, Synaxarium function, and second-volume placement, not the date-by-date roster.",read_from_ottawa_toc_inferred_same_set_from_step1_audit
foundational-47-bashans-10,47,Bashans,10,Bashans 10,Bashans 10,10 Bashans,423,st_mary_ottawa_days,"St. Mary Ottawa / UKMID, Katameros of the Days, Readings for Week Days and Feasts","first edition, Christmas 1714 A.M., 1998 A.D.",https://ukmidcopts.org/pdf/Katameros_Days.pdf,"TOC dated reading section, PDF pages 23 to 26; section begins on printed page 423",confirmed_same_practical_second_volume_collection,CONFIRMED_SAME_SET,"Inferred from source identity, volume two placement, annual mapping function, commemoration categories, and count. The consulted Youssef page gives the concept, count, Arabic name, Synaxarium function, and second-volume placement, not the date-by-date roster.",read_from_ottawa_toc_inferred_same_set_from_step1_audit
foundational-48-bashans-20,48,Bashans,20,Bashans 20,Bashans 20,20 Bashans,431,st_mary_ottawa_days,"St. Mary Ottawa / UKMID, Katameros of the Days, Readings for Week Days and Feasts","first edition, Christmas 1714 A.M., 1998 A.D.",https://ukmidcopts.org/pdf/Katameros_Days.pdf,"TOC dated reading section, PDF pages 23 to 26; section begins on printed page 431",confirmed_same_practical_second_volume_collection,CONFIRMED_SAME_SET,"Inferred from source identity, volume two placement, annual mapping function, commemoration categories, and count. The consulted Youssef page gives the concept, count, Arabic name, Synaxarium function, and second-volume placement, not the date-by-date roster.",read_from_ottawa_toc_inferred_same_set_from_step1_audit
foundational-49-bashans-24,49,Bashans,24,Bashans 24,Bashans 24,24 Bashans,439,st_mary_ottawa_days,"St. Mary Ottawa / UKMID, Katameros of the Days, Readings for Week Days and Feasts","first edition, Christmas 1714 A.M., 1998 A.D.",https://ukmidcopts.org/pdf/Katameros_Days.pdf,"TOC dated reading section, PDF pages 23 to 26; section begins on printed page 439",confirmed_same_practical_second_volume_collection,CONFIRMED_SAME_SET,"Inferred from source identity, volume two placement, annual mapping function, commemoration categories, and count. The consulted Youssef page gives the concept, count, Arabic name, Synaxarium function, and second-volume placement, not the date-by-date roster.",read_from_ottawa_toc_inferred_same_set_from_step1_audit
foundational-50-bashans-26,50,Bashans,26,Bashans 26,Bashans 26,26 Bashans,448,st_mary_ottawa_days,"St. Mary Ottawa / UKMID, Katameros of the Days, Readings for Week Days and Feasts","first edition, Christmas 1714 A.M., 1998 A.D.",https://ukmidcopts.org/pdf/Katameros_Days.pdf,"TOC dated reading section, PDF pages 23 to 26; section begins on printed page 448",confirmed_same_practical_second_volume_collection,CONFIRMED_SAME_SET,"Inferred from source identity, volume two placement, annual mapping function, commemoration categories, and count. The consulted Youssef page gives the concept, count, Arabic name, Synaxarium function, and second-volume placement, not the date-by-date roster.",read_from_ottawa_toc_inferred_same_set_from_step1_audit
foundational-51-baunah-02,51,Baunah,2,Baunah 2,Baunah 2,2 Baunah,456,st_mary_ottawa_days,"St. Mary Ottawa / UKMID, Katameros of the Days, Readings for Week Days and Feasts","first edition, Christmas 1714 A.M., 1998 A.D.",https://ukmidcopts.org/pdf/Katameros_Days.pdf,"TOC dated reading section, PDF pages 23 to 26; section begins on printed page 456",confirmed_same_practical_second_volume_collection,CONFIRMED_SAME_SET,"Inferred from source identity, volume two placement, annual mapping function, commemoration categories, and count. The consulted Youssef page gives the concept, count, Arabic name, Synaxarium function, and second-volume placement, not the date-by-date roster.",read_from_ottawa_toc_inferred_same_set_from_step1_audit
foundational-52-baunah-16,52,Baunah,16,Baunah 16,Baunah 16,16 Baunah,465,st_mary_ottawa_days,"St. Mary Ottawa / UKMID, Katameros of the Days, Readings for Week Days and Feasts","first edition, Christmas 1714 A.M., 1998 A.D.",https://ukmidcopts.org/pdf/Katameros_Days.pdf,"TOC dated reading section, PDF pages 23 to 26; section begins on printed page 465",confirmed_same_practical_second_volume_collection,CONFIRMED_SAME_SET,"Inferred from source identity, volume two placement, annual mapping function, commemoration categories, and count. The consulted Youssef page gives the concept, count, Arabic name, Synaxarium function, and second-volume placement, not the date-by-date roster.",read_from_ottawa_toc_inferred_same_set_from_step1_audit
foundational-53-baunah-30,53,Baunah,30,Baunah 30,Baunah 30,30 Baunah,473,st_mary_ottawa_days,"St. Mary Ottawa / UKMID, Katameros of the Days, Readings for Week Days and Feasts","first edition, Christmas 1714 A.M., 1998 A.D.",https://ukmidcopts.org/pdf/Katameros_Days.pdf,"TOC dated reading section, PDF pages 23 to 26; section begins on printed page 473",confirmed_same_practical_second_volume_collection,CONFIRMED_SAME_SET,"Inferred from source identity, volume two placement, annual mapping function, commemoration categories, and count. The consulted Youssef page gives the concept, count, Arabic name, Synaxarium function, and second-volume placement, not the date-by-date roster.",read_from_ottawa_toc_inferred_same_set_from_step1_audit
foundational-54-abib-03,54,Abib,3,Abib 3,Abib 3,3 Abib,481,st_mary_ottawa_days,"St. Mary Ottawa / UKMID, Katameros of the Days, Readings for Week Days and Feasts","first edition, Christmas 1714 A.M., 1998 A.D.",https://ukmidcopts.org/pdf/Katameros_Days.pdf,"TOC dated reading section, PDF pages 23 to 26; section begins on printed page 481",confirmed_same_practical_second_volume_collection,CONFIRMED_SAME_SET,"Inferred from source identity, volume two placement, annual mapping function, commemoration categories, and count. The consulted Youssef page gives the concept, count, Arabic name, Synaxarium function, and second-volume placement, not the date-by-date roster.",read_from_ottawa_toc_inferred_same_set_from_step1_audit
foundational-55-abib-05,55,Abib,5,Abib 5,Abib 5,5 Abib,491,st_mary_ottawa_days,"St. Mary Ottawa / UKMID, Katameros of the Days, Readings for Week Days and Feasts","first edition, Christmas 1714 A.M., 1998 A.D.",https://ukmidcopts.org/pdf/Katameros_Days.pdf,"TOC dated reading section, PDF pages 23 to 26; section begins on printed page 491",confirmed_same_practical_second_volume_collection,CONFIRMED_SAME_SET,"Inferred from source identity, volume two placement, annual mapping function, commemoration categories, and count. The consulted Youssef page gives the concept, count, Arabic name, Synaxarium function, and second-volume placement, not the date-by-date roster.",read_from_ottawa_toc_inferred_same_set_from_step1_audit
foundational-56-abib-20,56,Abib,20,Abib 20,Abib 20,20 Abib,500,st_mary_ottawa_days,"St. Mary Ottawa / UKMID, Katameros of the Days, Readings for Week Days and Feasts","first edition, Christmas 1714 A.M., 1998 A.D.",https://ukmidcopts.org/pdf/Katameros_Days.pdf,"TOC dated reading section, PDF pages 23 to 26; section begins on printed page 500",confirmed_same_practical_second_volume_collection,CONFIRMED_SAME_SET,"Inferred from source identity, volume two placement, annual mapping function, commemoration categories, and count. The consulted Youssef page gives the concept, count, Arabic name, Synaxarium function, and second-volume placement, not the date-by-date roster.",read_from_ottawa_toc_inferred_same_set_from_step1_audit
foundational-57-misra-03,57,Misra,3,Misra 3,Misra 3,3 Misra,507,st_mary_ottawa_days,"St. Mary Ottawa / UKMID, Katameros of the Days, Readings for Week Days and Feasts","first edition, Christmas 1714 A.M., 1998 A.D.",https://ukmidcopts.org/pdf/Katameros_Days.pdf,"TOC dated reading section, PDF pages 23 to 26; section begins on printed page 507",confirmed_same_practical_second_volume_collection,CONFIRMED_SAME_SET,"Inferred from source identity, volume two placement, annual mapping function, commemoration categories, and count. The consulted Youssef page gives the concept, count, Arabic name, Synaxarium function, and second-volume placement, not the date-by-date roster.",read_from_ottawa_toc_inferred_same_set_from_step1_audit
foundational-58-misra-13,58,Misra,13,Misra 13,Misra 13,13 Misra,515,st_mary_ottawa_days,"St. Mary Ottawa / UKMID, Katameros of the Days, Readings for Week Days and Feasts","first edition, Christmas 1714 A.M., 1998 A.D.",https://ukmidcopts.org/pdf/Katameros_Days.pdf,"TOC dated reading section, PDF pages 23 to 26; section begins on printed page 515",confirmed_same_practical_second_volume_collection,CONFIRMED_SAME_SET,"Inferred from source identity, volume two placement, annual mapping function, commemoration categories, and count. The consulted Youssef page gives the concept, count, Arabic name, Synaxarium function, and second-volume placement, not the date-by-date roster.",read_from_ottawa_toc_inferred_same_set_from_step1_audit
foundational-59-misra-17,59,Misra,17,Misra 17,Misra 17,17 Misra,524,st_mary_ottawa_days,"St. Mary Ottawa / UKMID, Katameros of the Days, Readings for Week Days and Feasts","first edition, Christmas 1714 A.M., 1998 A.D.",https://ukmidcopts.org/pdf/Katameros_Days.pdf,"TOC dated reading section, PDF pages 23 to 26; section begins on printed page 524",confirmed_same_practical_second_volume_collection,CONFIRMED_SAME_SET,"Inferred from source identity, volume two placement, annual mapping function, commemoration categories, and count. The consulted Youssef page gives the concept, count, Arabic name, Synaxarium function, and second-volume placement, not the date-by-date roster.",read_from_ottawa_toc_inferred_same_set_from_step1_audit
foundational-60-misra-25,60,Misra,25,Misra 25,Misra 25,25 Misra,532,st_mary_ottawa_days,"St. Mary Ottawa / UKMID, Katameros of the Days, Readings for Week Days and Feasts","first edition, Christmas 1714 A.M., 1998 A.D.",https://ukmidcopts.org/pdf/Katameros_Days.pdf,"TOC dated reading section, PDF pages 23 to 26; section begins on printed page 532",confirmed_same_practical_second_volume_collection,CONFIRMED_SAME_SET,"Inferred from source identity, volume two placement, annual mapping function, commemoration categories, and count. The consulted Youssef page gives the concept, count, Arabic name, Synaxarium function, and second-volume placement, not the date-by-date roster.",read_from_ottawa_toc_inferred_same_set_from_step1_audit
foundational-61-misra-26,61,Misra,26,Misra 26,Misra 26,26 Misra,540,st_mary_ottawa_days,"St. Mary Ottawa / UKMID, Katameros of the Days, Readings for Week Days and Feasts","first edition, Christmas 1714 A.M., 1998 A.D.",https://ukmidcopts.org/pdf/Katameros_Days.pdf,"TOC dated reading section, PDF pages 23 to 26; section begins on printed page 540",confirmed_same_practical_second_volume_collection,CONFIRMED_SAME_SET,"Inferred from source identity, volume two placement, annual mapping function, commemoration categories, and count. The consulted Youssef page gives the concept, count, Arabic name, Synaxarium function, and second-volume placement, not the date-by-date roster.",read_from_ottawa_toc_inferred_same_set_from_step1_audit
foundational-62-misra-28,62,Misra,28,Misra 28,Misra 28,28 Misra,547,st_mary_ottawa_days,"St. Mary Ottawa / UKMID, Katameros of the Days, Readings for Week Days and Feasts","first edition, Christmas 1714 A.M., 1998 A.D.",https://ukmidcopts.org/pdf/Katameros_Days.pdf,"TOC dated reading section, PDF pages 23 to 26; section begins on printed page 547",confirmed_same_practical_second_volume_collection,CONFIRMED_SAME_SET,"Inferred from source identity, volume two placement, annual mapping function, commemoration categories, and count. The consulted Youssef page gives the concept, count, Arabic name, Synaxarium function, and second-volume placement, not the date-by-date roster.",read_from_ottawa_toc_inferred_same_set_from_step1_audit
foundational-63-misra-29,63,Misra,29,Misra 29,Misra 29,29 Misra,555,st_mary_ottawa_days,"St. Mary Ottawa / UKMID, Katameros of the Days, Readings for Week Days and Feasts","first edition, Christmas 1714 A.M., 1998 A.D.",https://ukmidcopts.org/pdf/Katameros_Days.pdf,"TOC dated reading section, PDF pages 23 to 26; section begins on printed page 555",confirmed_same_practical_second_volume_collection,CONFIRMED_SAME_SET,"Inferred from source identity, volume two placement, annual mapping function, commemoration categories, and count. The consulted Youssef page gives the concept, count, Arabic name, Synaxarium function, and second-volume placement, not the date-by-date roster.",read_from_ottawa_toc_inferred_same_set_from_step1_audit
foundational-64-misra-30,64,Misra,30,Misra 30,Misra 30,30 Misra,562,st_mary_ottawa_days,"St. Mary Ottawa / UKMID, Katameros of the Days, Readings for Week Days and Feasts","first edition, Christmas 1714 A.M., 1998 A.D.",https://ukmidcopts.org/pdf/Katameros_Days.pdf,"TOC dated reading section, PDF pages 23 to 26; section begins on printed page 562",confirmed_same_practical_second_volume_collection,CONFIRMED_SAME_SET,"Inferred from source identity, volume two placement, annual mapping function, commemoration categories, and count. The consulted Youssef page gives the concept, count, Arabic name, Synaxarium function, and second-volume placement, not the date-by-date roster.",read_from_ottawa_toc_inferred_same_set_from_step1_audit
foundational-65-al-nasi-01,65,Al-Nasi,1,Al-Nasi 1,Al-Nasi 1,1 Al-Nasi,569,st_mary_ottawa_days,"St. Mary Ottawa / UKMID, Katameros of the Days, Readings for Week Days and Feasts","first edition, Christmas 1714 A.M., 1998 A.D.",https://ukmidcopts.org/pdf/Katameros_Days.pdf,"TOC dated reading section, PDF pages 23 to 26; section begins on printed page 569",confirmed_same_practical_second_volume_collection,CONFIRMED_SAME_SET,"Inferred from source identity, volume two placement, annual mapping function, commemoration categories, and count. The consulted Youssef page gives the concept, count, Arabic name, Synaxarium function, and second-volume placement, not the date-by-date roster.",read_from_ottawa_toc_inferred_same_set_from_step1_audit
foundational-66-al-nasi-02,66,Al-Nasi,2,Al-Nasi 2,Al-Nasi 2,2 Al-Nasi,579,st_mary_ottawa_days,"St. Mary Ottawa / UKMID, Katameros of the Days, Readings for Week Days and Feasts","first edition, Christmas 1714 A.M., 1998 A.D.",https://ukmidcopts.org/pdf/Katameros_Days.pdf,"TOC dated reading section, PDF pages 23 to 26; section begins on printed page 579",confirmed_same_practical_second_volume_collection,CONFIRMED_SAME_SET,"Inferred from source identity, volume two placement, annual mapping function, commemoration categories, and count. The consulted Youssef page gives the concept, count, Arabic name, Synaxarium function, and second-volume placement, not the date-by-date roster.",read_from_ottawa_toc_inferred_same_set_from_step1_audit
foundational-67-al-nasi-03,67,Al-Nasi,3,Al-Nasi 3,Al-Nasi 3,3 Al-Nasi,586,st_mary_ottawa_days,"St. Mary Ottawa / UKMID, Katameros of the Days, Readings for Week Days and Feasts","first edition, Christmas 1714 A.M., 1998 A.D.",https://ukmidcopts.org/pdf/Katameros_Days.pdf,"TOC dated reading section, PDF pages 23 to 26; section begins on printed page 586",confirmed_same_practical_second_volume_collection,CONFIRMED_SAME_SET,"Inferred from source identity, volume two placement, annual mapping function, commemoration categories, and count. The consulted Youssef page gives the concept, count, Arabic name, Synaxarium function, and second-volume placement, not the date-by-date roster.",read_from_ottawa_toc_inferred_same_set_from_step1_audit
foundational-68-al-nasi-04,68,Al-Nasi,4,Al-Nasi 4,Al-Nasi 4,4 Al-Nasi,595,st_mary_ottawa_days,"St. Mary Ottawa / UKMID, Katameros of the Days, Readings for Week Days and Feasts","first edition, Christmas 1714 A.M., 1998 A.D.",https://ukmidcopts.org/pdf/Katameros_Days.pdf,"TOC dated reading section, PDF pages 23 to 26; section begins on printed page 595",confirmed_same_practical_second_volume_collection,CONFIRMED_SAME_SET,"Inferred from source identity, volume two placement, annual mapping function, commemoration categories, and count. The consulted Youssef page gives the concept, count, Arabic name, Synaxarium function, and second-volume placement, not the date-by-date roster.",read_from_ottawa_toc_inferred_same_set_from_step1_audit
foundational-69-al-nasi-06,69,Al-Nasi,6,Al-Nasi 6,Al-Nasi 6,6 Al-Nasi,602,st_mary_ottawa_days,"St. Mary Ottawa / UKMID, Katameros of the Days, Readings for Week Days and Feasts","first edition, Christmas 1714 A.M., 1998 A.D.",https://ukmidcopts.org/pdf/Katameros_Days.pdf,"TOC dated reading section, PDF pages 23 to 26; section begins on printed page 602",confirmed_same_practical_second_volume_collection,CONFIRMED_SAME_SET,"Inferred from source identity, volume two placement, annual mapping function, commemoration categories, and count. The consulted Youssef page gives the concept, count, Arabic name, Synaxarium function, and second-volume placement, not the date-by-date roster.",read_from_ottawa_toc_inferred_same_set_from_step1_audit
